Workbook

Sheet dlr-shepard-shepard_arcan_combi
A1: model | B1: strategy | C1: encoding | D1: cv_folds | E1: accuracy_mean | F1: accuracy_std | G1: precision_mean | H1: precision_std | I1: recall_mean | J1: recall_std | K1: f1_mean | L1: f1_std | M1: positive_smell_recall_mean | N1: positive_smell_recall_std | O1: top_1_positive_count_mean | P1: top_1_positive_count_std | Q1: top_5_positive_count_mean | R1: top_5_positive_count_std | S1: top_10_positive_count_mean | T1: top_10_positive_count_std | U1: recall
A2: logistic_regression | B2: none | C2: openai | D2: 7 | E2: 0.69027611 | F2: 0.059576483 | G2: 0.64494644 | H2: 0.071637431 | I2: 0.64761905 | J2: 0.077371794 | K2: 0.64439939 | L2: 0.066875316 | M2: 0.64761905 | N2: 0.077371794 | O2: 9.7142857 | P2: 1.1605769 | Q2: 15 | R2: 0 | S2: 15 | T2: 0 | U2: 0.64761905
A3: logistic_regression | B3: class_weight | C3: openai | D3: 7 | E3: 0.69447779 | F3: 0.063510508 | G3: 0.64722525 | H3: 0.075229533 | I3: 0.66666667 | J3: 0.079681907 | K3: 0.6543156 | L3: 0.068583518 | M3: 0.66666667 | N3: 0.079681907 | O3: 10 | P3: 1.1952286 | Q3: 15 | R3: 0 | S3: 15 | T3: 0 | U3: 0.66666667
A4: logistic_regression | B4: random_undersample | C4: openai | D4: 7 | E4: 0.69855942 | F4: 0.049288448 | G4: 0.64630468 | H4: 0.073765641 | I4: 0.7047619 | J4: 0.048562091 | K4: 0.6711039 | L4: 0.04199696 | M4: 0.7047619 | N4: 0.048562091 | O4: 10.571429 | P4: 0.72843136 | Q4: 15 | R4: 0 | S4: 15 | T4: 0 | U4: 0.7047619
A5: random_forest | B5: none | C5: openai | D5: 7 | E5: 0.71152461 | F5: 0.06608379 | G5: 0.71568432 | H5: 0.087277259 | I5: 0.54285714 | J5: 0.10942024 | K5: 0.61612768 | L5: 0.10180905 | M5: 0.54285714 | N5: 0.10942024 | O5: 8.1428571 | P5: 1.6413036 | Q5: 15 | R5: 0 | S5: 15 | T5: 0 | U5: 0.54285714
A6: random_forest | B6: class_weight | C6: openai | D6: 7 | E6: 0.70732293 | F6: 0.059428741 | G6: 0.71123876 | H6: 0.086512804 | I6: 0.54285714 | J6: 0.09035079 | K6: 0.6144741 | L6: 0.087515194 | M6: 0.54285714 | N6: 0.09035079 | O6: 8.1428571 | P6: 1.3552619 | Q6: 15 | R6: 0 | S6: 15 | T6: 0 | U6: 0.54285714
A7: random_forest | B7: random_undersample | C7: openai | D7: 7 | E7: 0.7120048 | F7: 0.10049331 | G7: 0.66163658 | H7: 0.11884157 | I7: 0.67619048 | J7: 0.15707069 | K7: 0.66574652 | L7: 0.12975784 | M7: 0.67619048 | N7: 0.15707069 | O7: 10.142857 | P7: 2.3560604 | Q7: 15 | R7: 0 | S7: 15 | T7: 0 | U7: 0.67619048
A8: knn | B8: none | C8: openai | D8: 7 | E8: 0.67815126 | F8: 0.06012117 | G8: 0.62158386 | H8: 0.076466534 | I8: 0.68571429 | J8: 0.092336759 | K8: 0.64819526 | L8: 0.065936786 | M8: 0.68571429 | N8: 0.092336759 | O8: 10.285714 | P8: 1.3850514 | Q8: 15 | R8: 0 | S8: 15 | T8: 0 | U8: 0.68571429
A9: knn | B9: class_weight | C9: openai | D9: 7 | E9: 0.67815126 | F9: 0.06012117 | G9: 0.62158386 | H9: 0.076466534 | I9: 0.68571429 | J9: 0.092336759 | K9: 0.64819526 | L9: 0.065936786 | M9: 0.68571429 | N9: 0.092336759 | O9: 10.285714 | P9: 1.3850514 | Q9: 15 | R9: 0 | S9: 15 | T9: 0 | U9: 0.68571429
A10: knn | B10: random_undersample | C10: openai | D10: 7 | E10: 0.66158463 | F10: 0.069238677 | G10: 0.58487668 | H10: 0.06347264 | I10: 0.77142857 | J10: 0.1227057 | K10: 0.66187795 | L10: 0.075122148 | M10: 0.77142857 | N10: 0.1227057 | O10: 11.571429 | P10: 1.8405855 | Q10: 15 | R10: 0 | S10: 15 | T10: 0 | U10: 0.77142857
A11: naive_bayes | B11: none | C11: openai | D11: 7 | E11: 0.72004802 | F11: 0.08077528 | G11: 0.6879993 | H11: 0.11168146 | I11: 0.65714286 | J11: 0.10942024 | K11: 0.66953537 | L11: 0.098123482 | M11: 0.65714286 | N11: 0.10942024 | O11: 9.8571429 | P11: 1.6413036 | Q11: 15 | R11: 0 | S11: 15 | T11: 0 | U11: 0.65714286
A12: naive_bayes | B12: class_weight | C12: openai | D12: 7 | E12: 0.72004802 | F12: 0.08077528 | G12: 0.6879993 | H12: 0.11168146 | I12: 0.65714286 | J12: 0.10942024 | K12: 0.66953537 | L12: 0.098123482 | M12: 0.65714286 | N12: 0.10942024 | O12: 9.8571429 | P12: 1.6413036 | Q12: 15 | R12: 0 | S12: 15 | T12: 0 | U12: 0.65714286
A13: naive_bayes | B13: random_undersample | C13: openai | D13: 7 | E13: 0.69555822 | F13: 0.10538069 | G13: 0.65187716 | H13: 0.13126004 | I13: 0.64761905 | J13: 0.13196578 | K13: 0.64745911 | L13: 0.12425267 | M13: 0.64761905 | N13: 0.13196578 | O13: 9.7142857 | P13: 1.9794866 | Q13: 15 | R13: 0 | S13: 15 | T13: 0 | U13: 0.64761905
... A61: naive_bayes | B61: random_undersample | C61: sbert_tfidf_weighted | D61: 7 | E61: 0.66662665 | F61: 0.10169279 | G61: 0.59495465 | H61: 0.10443252 | I61: 0.68571429 | J61: 0.15822141 | K61: 0.6356489 | L61: 0.12769264 | M61: 0.68571429 | N61: 0.15822141 | O61: 10.285714 | P61: 2.3733211 | Q61: 15 | R61: 0 | S61: 15 | T61: 0 | U61: 0.68571429

Sheet ongresinc-stackgres_arcan_combi
A1: model | B1: strategy | C1: encoding | D1: cv_folds | E1: accuracy_mean | F1: accuracy_std | G1: precision_mean | H1: precision_std | I1: recall_mean | J1: recall_std | K1: f1_mean | L1: f1_std | M1: positive_smell_recall_mean | N1: positive_smell_recall_std | O1: top_1_positive_count_mean | P1: top_1_positive_count_std | Q1: top_5_positive_count_mean | R1: top_5_positive_count_std | S1: top_10_positive_count_mean | T1: top_10_positive_count_std | U1: recall
A2: random_forest | B2: random_undersample | C2: openai | D2: 7 | E2: 0.75045208 | F2: 0.043961106 | G2: 0.63550174 | H2: 0.053936852 | I2: 0.81331719 | J2: 0.024945931 | K2: 0.71266267 | L2: 0.040888652 | M2: 0.81331719 | N2: 0.024945931 | O2: 48.571429 | P2: 1.6781914 | Q2: 59.714286 | R2: 0.45175395 | S2: 59.714286 | T2: 0.45175395 | U2: 0.81331719
A3: naive_bayes | B3: random_undersample | C3: tfidf | D3: 7 | E3: 0.72423146 | F3: 0.038699701 | G3: 0.59665296 | H3: 0.037473954 | I3: 0.8491929 | J3: 0.028721001 | K3: 0.70030631 | L3: 0.032167423 | M3: 0.8491929 | N3: 0.028721001 | O3: 50.714286 | P3: 1.905952 | Q3: 59.714286 | R3: 0.45175395 | S3: 59.714286 | T3: 0.45175395 | U3: 0.8491929
A4: naive_bayes | B4: random_undersample | C4: openai | D4: 7 | E4: 0.72694394 | F4: 0.032700075 | G4: 0.60473914 | H4: 0.035317499 | I4: 0.80855529 | J4: 0.029752047 | K4: 0.69165675 | L4: 0.03182398 | M4: 0.80855529 | N4: 0.029752047 | O4: 48.285714 | P4: 1.905952 | Q4: 59.714286 | R4: 0.45175395 | S4: 59.714286 | T4: 0.45175395 | U4: 0.80855529
A5: knn | B5: random_undersample | C5: openai | D5: 7 | E5: 0.71338156 | F5: 0.031503167 | G5: 0.58750513 | H5: 0.036151984 | I5: 0.83014528 | J5: 0.029152493 | K5: 0.68711148 | L5: 0.024706712 | M5: 0.83014528 | N5: 0.029152493 | O5: 49.571429 | P5: 1.7612611 | Q5: 59.714286 | R5: 0.45175395 | S5: 59.714286 | T5: 0.45175395 | U5: 0.83014528
A6: naive_bayes | B6: none | C6: openai | D6: 7 | E6: 0.7278481 | F6: 0.03674937 | G6: 0.60912082 | H6: 0.039064307 | I6: 0.78696529 | J6: 0.047560668 | K6: 0.68629838 | L6: 0.039508374 | M6: 0.78696529 | N6: 0.047560668 | O6: 47 | P6: 2.9760952 | Q6: 59.714286 | R6: 0.45175395 | S6: 59.714286 | T6: 0.45175395 | U6: 0.78696529
A7: naive_bayes | B7: class_weight | C7: openai | D7: 7 | E7: 0.7278481 | F7: 0.03674937 | G7: 0.60912082 | H7: 0.039064307 | I7: 0.78696529 | J7: 0.047560668 | K7: 0.68629838 | L7: 0.039508374 | M7: 0.78696529 | N7: 0.047560668 | O7: 47 | P7: 2.9760952 | Q7: 59.714286 | R7: 0.45175395 | S7: 59.714286 | T7: 0.45175395 | U7: 0.78696529
A8: logistic_regression | B8: random_undersample | C8: tfidf | D8: 7 | E8: 0.7124774 | F8: 0.030042039 | G8: 0.59252935 | H8: 0.034100586 | I8: 0.77514124 | J8: 0.029145174 | K8: 0.67124167 | L8: 0.028749598 | M8: 0.77514124 | N8: 0.029145174 | O8: 46.285714 | P8: 1.7496355 | Q8: 59.714286 | R8: 0.45175395 | S8: 59.714286 | T8: 0.45175395 | U8: 0.77514124
A9: random_forest | B9: random_undersample | C9: sbert_max | D9: 7 | E9: 0.71518987 | F9: 0.052736588 | G9: 0.59917661 | H9: 0.057426236 | I9: 0.76315577 | J9: 0.050596154 | K9: 0.67060893 | L9: 0.052850168 | M9: 0.76315577 | N9: 0.050596154 | O9: 45.571429 | P9: 3.0169589 | Q9: 59.714286 | R9: 0.45175395 | S9: 59.714286 | T9: 0.45175395 | U9: 0.76315577
A10: random_forest | B10: random_undersample | C10: sbert_avg | D10: 7 | E10: 0.70886076 | F10: 0.055486206 | G10: 0.59243924 | H10: 0.061046198 | I10: 0.75613398 | J10: 0.052481092 | K10: 0.66375708 | L10: 0.055948355 | M10: 0.75613398 | N10: 0.052481092 | O10: 45.142857 | P10: 2.9965967 | Q10: 59.714286 | R10: 0.45175395 | S10: 59.714286 | T10: 0.45175395 | U10: 0.75613398
A11: random_forest | B11: random_undersample | C11: sbert_tfidf_weighted | D11: 7 | E11: 0.70433996 | F11: 0.050146201 | G11: 0.58535227 | H11: 0.053219499 | I11: 0.76085553 | J11: 0.052732491 | K11: 0.66125761 | L11: 0.052029767 | M11: 0.76085553 | N11: 0.052732491 | O11: 45.428571 | P11: 3.0639444 | Q11: 59.714286 | R11: 0.45175395 | S11: 59.714286 | T11: 0.45175395 | U11: 0.76085553
A12: logistic_regression | B12: random_undersample | C12: openai | D12: 7 | E12: 0.70614828 | F12: 0.035619739 | G12: 0.59025859 | H12: 0.040387682 | I12: 0.7389427 | J12: 0.057164228 | K12: 0.65516968 | L12: 0.039336664 | M12: 0.7389427 | N12: 0.057164228 | O12: 44.142857 | P12: 3.6421568 | Q12: 59.714286 | R12: 0.45175395 | S12: 59.714286 | T12: 0.45175395 | U12: 0.7389427
A13: naive_bayes | B13: none | C13: tfidf | D13: 7 | E13: 0.75497288 | F13: 0.026791198 | G13: 0.70309246 | H13: 0.046068596 | I13: 0.6122276 | J13: 0.041411674 | K13: 0.65368818 | L13: 0.037053951 | M13: 0.6122276 | N13: 0.041411674 | O13: 36.571429 | P13: 2.6649654 | Q13: 59.714286 | R13: 0.45175395 | S13: 59.714286 | T13: 0.45175395 | U13: 0.6122276
... A61: random_forest | B61: none | C61: tfidf | D61: 7 | E61: 0.65099458 | F61: 0.022802026 | G61: 0.65132278 | H61: 0.11062201 | I61: 0.16020985 | J61: 0.056792695 | K61: 0.25390065 | L61: 0.0771089 | M61: 0.16020985 | N61: 0.056792695 | O61: 9.5714286 | P61: 3.4166459 | Q61: 59.714286 | R61: 0.45175395 | S61: 59.714286 | T61: 0.45175395 | U61: 0.16020985

Sheet Average
A1: model | B1: strategy | C1: encoding | D1: cv_folds | E1: accuracy_mean | F1: accuracy_std | G1: precision_mean | H1: precision_std | I1: recall_mean | J1: recall_std | K1: f1_mean | L1: f1_std | M1: positive_smell_recall_mean | N1: positive_smell_recall_std | O1: top_1_positive_count_mean | P1: top_1_positive_count_std | Q1: top_5_positive_count_mean | R1: top_5_positive_count_std | S1: top_10_positive_count_mean | T1: top_10_positive_count_std | U1: recall
A2: feedforward_nn | B2: random_undersample | C2: openai | D2: 7 | E2: =IF( AND(SUMIFS('dlr-shepard-shepard_arcan_combi'!E:E, 'dlr-shepard-shepard_arcan_combi'!$A:$A, $A2, 'dlr-shepard-shepard_arcan_combi'!$B:$B, $B2, 'dlr-shepard-shepard_arcan_combi'!$C:$C, $C2), SUMIFS('ongresinc-stackgres_arcan_combi'!E:E, 'ongresinc-stackgres_arcan_combi'!$A:$A, $A2, 'ongresinc-stackgres_arcan_combi'!$B:$B, $B2, 'ongresinc-stackgres_arcan_combi'!$C:$C, $C2)), AVERAGE( SUMIFS('dlr-shepard-shepard_arcan_combi'!E:E, 'dlr-shepard-shepard_arcan_combi'!$A:$A, $A2, 'dlr-shepard-shepard_arcan_combi'!$B:$B, $B2, 'dlr-shepard-shepard_arcan_combi'!$C:$C, $C2), SUMIFS('ongresinc-stackgres_arcan_combi'!E:E, 'ongresinc-stackgres_arcan_combi'!$A:$A, $A2, 'ongresinc-stackgres_arcan_combi'!$B:$B, $B2, 'ongresinc-stackgres_arcan_combi'!$C:$C, $C2)), "") | F2: =IF( AND(SUMIFS('dlr-shepard-shepard_arcan_combi'!F:F, 'dlr-shepard-shepard_arcan_combi'!$A:$A, $A2, 'dlr-shepard-shepard_arcan_combi'!$B:$B, $B2, 'dlr-shepard-shepard_arcan_combi'!$C:$C, $C2), SUMIFS('ongresinc-stackgres_arcan_combi'!F:F, 'ongresinc-stackgres_arcan_combi'!$A:$A, $A2, 'ongresinc-stackgres_arcan_combi'!$B:$B, $B2, 'ongresinc-stackgres_arcan_combi'!$C:$C, $C2)), AVERAGE( SUMIFS('dlr-shepard-shepard_arcan_combi'!F:F, 'dlr-shepard-shepard_arcan_combi'!$A:$A, $A2, 'dlr-shepard-shepard_arcan_combi'!$B:$B, $B2, 'dlr-shepard-shepard_arcan_combi'!$C:$C, $C2), SUMIFS('ongresinc-stackgres_arcan_combi'!F:F, 'ongresinc-stackgres_arcan_combi'!$A:$A, $A2, 'ongresinc-stackgres_arcan_combi'!$B:$B, $B2, 'ongresinc-stackgres_arcan_combi'!$C:$C, $C2)), "") | G2: =IF( AND(SUMIFS('dlr-shepard-shepard_arcan_combi'!G:G, 'dlr-shepard-shepard_arcan_combi'!$A:$A, $A2, 'dlr-shepard-shepard_arcan_combi'!$B:$B, $B2, 'dlr-shepard-shepard_arcan_combi'!$C:$C, $C2), SUMIFS('ongresinc-stackgres_arcan_combi'!G:G, 'ongresinc-stackgres_arcan_combi'!$A:$A, $A2, 'ongresinc-stackgres_arcan_combi'!$B:$B, $B2, 'ongresinc-stackgres_arcan_combi'!$C:$C, $C2)), AVERAGE( SUMIFS('dlr-shepard-shepard_arcan_combi'!G:G, 'dlr-shepard-shepard_arcan_combi'!$A:$A, $A2, 'dlr-shepard-shepard_arcan_combi'!$B:$B, $B2, 'dlr-shepard-shepard_arcan_combi'!$C:$C, $C2), SUMIFS('ongresinc-stackgres_arcan_combi'!G:G, 'ongresinc-stackgres_arcan_combi'!$A:$A, $A2, 'ongresinc-stackgres_arcan_combi'!$B:$B, $B2, 'ongresinc-stackgres_arcan_combi'!$C:$C, $C2)), "") | H2: =IF( AND(SUMIFS('dlr-shepard-shepard_arcan_combi'!H:H, 'dlr-shepard-shepard_arcan_combi'!$A:$A, $A2, 'dlr-shepard-shepard_arcan_combi'!$B:$B, $B2, 'dlr-shepard-shepard_arcan_combi'!$C:$C, $C2), SUMIFS('ongresinc-stackgres_arcan_combi'!H:H, 'ongresinc-stackgres_arcan_combi'!$A:$A, $A2, 'ongresinc-stackgres_arcan_combi'!$B:$B, $B2, 'ongresinc-stackgres_arcan_combi'!$C:$C, $C2)), AVERAGE( SUMIFS('dlr-shepard-shepard_arcan_combi'!H:H, 'dlr-shepard-shepard_arcan_combi'!$A:$A, $A2, 'dlr-shepard-shepard_arcan_combi'!$B:$B, $B2, 'dlr-shepard-shepard_arcan_combi'!$C:$C, $C2), SUMIFS('ongresinc-stackgres_arcan_combi'!H:H, 'ongresinc-stackgres_arcan_combi'!$A:$A, $A2, 'ongresinc-stackgres_arcan_combi'!$B:$B, $B2, 'ongresinc-stackgres_arcan_combi'!$C:$C, $C2)), "") | I2: =IF( AND(SUMIFS('dlr-shepard-shepard_arcan_combi'!I:I, 'dlr-shepard-shepard_arcan_combi'!$A:$A, $A2, 'dlr-shepard-shepard_arcan_combi'!$B:$B, $B2, 'dlr-shepard-shepard_arcan_combi'!$C:$C, $C2), SUMIFS('ongresinc-stackgres_arcan_combi'!I:I, 'ongresinc-stackgres_arcan_combi'!$A:$A, $A2, 'ongresinc-stackgres_arcan_combi'!$B:$B, $B2, 'ongresinc-stackgres_arcan_combi'!$C:$C, $C2)), AVERAGE( SUMIFS('dlr-shepard-shepard_arcan_combi'!I:I, 'dlr-shepard-shepard_arcan_combi'!$A:$A, $A2, 'dlr-shepard-shepard_arcan_combi'!$B:$B, $B2, 'dlr-shepard-shepard_arcan_combi'!$C:$C, $C2), SUMIFS('ongresinc-stackgres_arcan_combi'!I:I, 'ongresinc-stackgres_arcan_combi'!$A:$A, $A2, 'ongresinc-stackgres_arcan_combi'!$B:$B, $B2, 'ongresinc-stackgres_arcan_combi'!$C:$C, $C2)), "") | J2: =IF( AND(SUMIFS('dlr-shepard-shepard_arcan_combi'!J:J, 'dlr-shepard-shepard_arcan_combi'!$A:$A, $A2, 'dlr-shepard-shepard_arcan_combi'!$B:$B, $B2, 'dlr-shepard-shepard_arcan_combi'!$C:$C, $C2), SUMIFS('ongresinc-stackgres_arcan_combi'!J:J, 'ongresinc-stackgres_arcan_combi'!$A:$A, $A2, 'ongresinc-stackgres_arcan_combi'!$B:$B, $B2, 'ongresinc-stackgres_arcan_combi'!$C:$C, $C2)), AVERAGE( SUMIFS('dlr-shepard-shepard_arcan_combi'!J:J, 'dlr-shepard-shepard_arcan_combi'!$A:$A, $A2, 'dlr-shepard-shepard_arcan_combi'!$B:$B, $B2, 'dlr-shepard-shepard_arcan_combi'!$C:$C, $C2), SUMIFS('ongresinc-stackgres_arcan_combi'!J:J, 'ongresinc-stackgres_arcan_combi'!$A:$A, $A2, 'ongresinc-stackgres_arcan_combi'!$B:$B, $B2, 'ongresinc-stackgres_arcan_combi'!$C:$C, $C2)), "") | K2: =IF( AND(SUMIFS('dlr-shepard-shepard_arcan_combi'!K:K, 'dlr-shepard-shepard_arcan_combi'!$A:$A, $A2, 'dlr-shepard-shepard_arcan_combi'!$B:$B, $B2, 'dlr-shepard-shepard_arcan_combi'!$C:$C, $C2), SUMIFS('ongresinc-stackgres_arcan_combi'!K:K, 'ongresinc-stackgres_arcan_combi'!$A:$A, $A2, 'ongresinc-stackgres_arcan_combi'!$B:$B, $B2, 'ongresinc-stackgres_arcan_combi'!$C:$C, $C2)), AVERAGE( SUMIFS('dlr-shepard-shepard_arcan_combi'!K:K, 'dlr-shepard-shepard_arcan_combi'!$A:$A, $A2, 'dlr-shepard-shepard_arcan_combi'!$B:$B, $B2, 'dlr-shepard-shepard_arcan_combi'!$C:$C, $C2), SUMIFS('ongresinc-stackgres_arcan_combi'!K:K, 'ongresinc-stackgres_arcan_combi'!$A:$A, $A2, 'ongresinc-stackgres_arcan_combi'!$B:$B, $B2, 'ongresinc-stackgres_arcan_combi'!$C:$C, $C2)), "") | L2: =IF( AND(SUMIFS('dlr-shepard-shepard_arcan_combi'!L:L, 'dlr-shepard-shepard_arcan_combi'!$A:$A, $A2, 'dlr-shepard-shepard_arcan_combi'!$B:$B, $B2, 'dlr-shepard-shepard_arcan_combi'!$C:$C, $C2), SUMIFS('ongresinc-stackgres_arcan_combi'!L:L, 'ongresinc-stackgres_arcan_combi'!$A:$A, $A2, 'ongresinc-stackgres_arcan_combi'!$B:$B, $B2, 'ongresinc-stackgres_arcan_combi'!$C:$C, $C2)), AVERAGE( SUMIFS('dlr-shepard-shepard_arcan_combi'!L:L, 'dlr-shepard-shepard_arcan_combi'!$A:$A, $A2, 'dlr-shepard-shepard_arcan_combi'!$B:$B, $B2, 'dlr-shepard-shepard_arcan_combi'!$C:$C, $C2), SUMIFS('ongresinc-stackgres_arcan_combi'!L:L, 'ongresinc-stackgres_arcan_combi'!$A:$A, $A2, 'ongresinc-stackgres_arcan_combi'!$B:$B, $B2, 'ongresinc-stackgres_arcan_combi'!$C:$C, $C2)), "") | M2: =IF( AND(SUMIFS('dlr-shepard-shepard_arcan_combi'!M:M, 'dlr-shepard-shepard_arcan_combi'!$A:$A, $A2, 'dlr-shepard-shepard_arcan_combi'!$B:$B, $B2, 'dlr-shepard-shepard_arcan_combi'!$C:$C, $C2), SUMIFS('ongresinc-stackgres_arcan_combi'!M:M, 'ongresinc-stackgres_arcan_combi'!$A:$A, $A2, 'ongresinc-stackgres_arcan_combi'!$B:$B, $B2, 'ongresinc-stackgres_arcan_combi'!$C:$C, $C2)), AVERAGE( SUMIFS('dlr-shepard-shepard_arcan_combi'!M:M, 'dlr-shepard-shepard_arcan_combi'!$A:$A, $A2, 'dlr-shepard-shepard_arcan_combi'!$B:$B, $B2, 'dlr-shepard-shepard_arcan_combi'!$C:$C, $C2), SUMIFS('ongresinc-stackgres_arcan_combi'!M:M, 'ongresinc-stackgres_arcan_combi'!$A:$A, $A2, 'ongresinc-stackgres_arcan_combi'!$B:$B, $B2, 'ongresinc-stackgres_arcan_combi'!$C:$C, $C2)), "") | N2: =IF( AND(SUMIFS('dlr-shepard-shepard_arcan_combi'!N:N, 'dlr-shepard-shepard_arcan_combi'!$A:$A, $A2, 'dlr-shepard-shepard_arcan_combi'!$B:$B, $B2, 'dlr-shepard-shepard_arcan_combi'!$C:$C, $C2), SUMIFS('ongresinc-stackgres_arcan_combi'!N:N, 'ongresinc-stackgres_arcan_combi'!$A:$A, $A2, 'ongresinc-stackgres_arcan_combi'!$B:$B, $B2, 'ongresinc-stackgres_arcan_combi'!$C:$C, $C2)), AVERAGE( SUMIFS('dlr-shepard-shepard_arcan_combi'!N:N, 'dlr-shepard-shepard_arcan_combi'!$A:$A, $A2, 'dlr-shepard-shepard_arcan_combi'!$B:$B, $B2, 'dlr-shepard-shepard_arcan_combi'!$C:$C, $C2), SUMIFS('ongresinc-stackgres_arcan_combi'!N:N, 'ongresinc-stackgres_arcan_combi'!$A:$A, $A2, 'ongresinc-stackgres_arcan_combi'!$B:$B, $B2, 'ongresinc-stackgres_arcan_combi'!$C:$C, $C2)), "") | O2: =IF( AND(SUMIFS('dlr-shepard-shepard_arcan_combi'!O:O, 'dlr-shepard-shepard_arcan_combi'!$A:$A, $A2, 'dlr-shepard-shepard_arcan_combi'!$B:$B, $B2, 'dlr-shepard-shepard_arcan_combi'!$C:$C, $C2), SUMIFS('ongresinc-stackgres_arcan_combi'!O:O, 'ongresinc-stackgres_arcan_combi'!$A:$A, $A2, 'ongresinc-stackgres_arcan_combi'!$B:$B, $B2, 'ongresinc-stackgres_arcan_combi'!$C:$C, $C2)), AVERAGE( SUMIFS('dlr-shepard-shepard_arcan_combi'!O:O, 'dlr-shepard-shepard_arcan_combi'!$A:$A, $A2, 'dlr-shepard-shepard_arcan_combi'!$B:$B, $B2, 'dlr-shepard-shepard_arcan_combi'!$C:$C, $C2), SUMIFS('ongresinc-stackgres_arcan_combi'!O:O, 'ongresinc-stackgres_arcan_combi'!$A:$A, $A2, 'ongresinc-stackgres_arcan_combi'!$B:$B, $B2, 'ongresinc-stackgres_arcan_combi'!$C:$C, $C2)), "") | P2: =IF( AND(SUMIFS('dlr-shepard-shepard_arcan_combi'!P:P, 'dlr-shepard-shepard_arcan_combi'!$A:$A, $A2, 'dlr-shepard-shepard_arcan_combi'!$B:$B, $B2, 'dlr-shepard-shepard_arcan_combi'!$C:$C, $C2), SUMIFS('ongresinc-stackgres_arcan_combi'!P:P, 'ongresinc-stackgres_arcan_combi'!$A:$A, $A2, 'ongresinc-stackgres_arcan_combi'!$B:$B, $B2, 'ongresinc-stackgres_arcan_combi'!$C:$C, $C2)), AVERAGE( SUMIFS('dlr-shepard-shepard_arcan_combi'!P:P, 'dlr-shepard-shepard_arcan_combi'!$A:$A, $A2, 'dlr-shepard-shepard_arcan_combi'!$B:$B, $B2, 'dlr-shepard-shepard_arcan_combi'!$C:$C, $C2), SUMIFS('ongresinc-stackgres_arcan_combi'!P:P, 'ongresinc-stackgres_arcan_combi'!$A:$A, $A2, 'ongresinc-stackgres_arcan_combi'!$B:$B, $B2, 'ongresinc-stackgres_arcan_combi'!$C:$C, $C2)), "") | Q2: =IF( AND(SUMIFS('dlr-shepard-shepard_arcan_combi'!Q:Q, 'dlr-shepard-shepard_arcan_combi'!$A:$A, $A2, 'dlr-shepard-shepard_arcan_combi'!$B:$B, $B2, 'dlr-shepard-shepard_arcan_combi'!$C:$C, $C2), SUMIFS('ongresinc-stackgres_arcan_combi'!Q:Q, 'ongresinc-stackgres_arcan_combi'!$A:$A, $A2, 'ongresinc-stackgres_arcan_combi'!$B:$B, $B2, 'ongresinc-stackgres_arcan_combi'!$C:$C, $C2)), AVERAGE( SUMIFS('dlr-shepard-shepard_arcan_combi'!Q:Q, 'dlr-shepard-shepard_arcan_combi'!$A:$A, $A2, 'dlr-shepard-shepard_arcan_combi'!$B:$B, $B2, 'dlr-shepard-shepard_arcan_combi'!$C:$C, $C2), SUMIFS('ongresinc-stackgres_arcan_combi'!Q:Q, 'ongresinc-stackgres_arcan_combi'!$A:$A, $A2, 'ongresinc-stackgres_arcan_combi'!$B:$B, $B2, 'ongresinc-stackgres_arcan_combi'!$C:$C, $C2)), "") | R2: =IF( AND(SUMIFS('dlr-shepard-shepard_arcan_combi'!R:R, 'dlr-shepard-shepard_arcan_combi'!$A:$A, $A2, 'dlr-shepard-shepard_arcan_combi'!$B:$B, $B2, 'dlr-shepard-shepard_arcan_combi'!$C:$C, $C2), SUMIFS('ongresinc-stackgres_arcan_combi'!R:R, 'ongresinc-stackgres_arcan_combi'!$A:$A, $A2, 'ongresinc-stackgres_arcan_combi'!$B:$B, $B2, 'ongresinc-stackgres_arcan_combi'!$C:$C, $C2)), AVERAGE( SUMIFS('dlr-shepard-shepard_arcan_combi'!R:R, 'dlr-shepard-shepard_arcan_combi'!$A:$A, $A2, 'dlr-shepard-shepard_arcan_combi'!$B:$B, $B2, 'dlr-shepard-shepard_arcan_combi'!$C:$C, $C2), SUMIFS('ongresinc-stackgres_arcan_combi'!R:R, 'ongresinc-stackgres_arcan_combi'!$A:$A, $A2, 'ongresinc-stackgres_arcan_combi'!$B:$B, $B2, 'ongresinc-stackgres_arcan_combi'!$C:$C, $C2)), "") | S2: =IF( AND(SUMIFS('dlr-shepard-shepard_arcan_combi'!S:S, 'dlr-shepard-shepard_arcan_combi'!$A:$A, $A2, 'dlr-shepard-shepard_arcan_combi'!$B:$B, $B2, 'dlr-shepard-shepard_arcan_combi'!$C:$C, $C2), SUMIFS('ongresinc-stackgres_arcan_combi'!S:S, 'ongresinc-stackgres_arcan_combi'!$A:$A, $A2, 'ongresinc-stackgres_arcan_combi'!$B:$B, $B2, 'ongresinc-stackgres_arcan_combi'!$C:$C, $C2)), AVERAGE( SUMIFS('dlr-shepard-shepard_arcan_combi'!S:S, 'dlr-shepard-shepard_arcan_combi'!$A:$A, $A2, 'dlr-shepard-shepard_arcan_combi'!$B:$B, $B2, 'dlr-shepard-shepard_arcan_combi'!$C:$C, $C2), SUMIFS('ongresinc-stackgres_arcan_combi'!S:S, 'ongresinc-stackgres_arcan_combi'!$A:$A, $A2, 'ongresinc-stackgres_arcan_combi'!$B:$B, $B2, 'ongresinc-stackgres_arcan_combi'!$C:$C, $C2)), "") | T2: =IF( AND(SUMIFS('dlr-shepard-shepard_arcan_combi'!T:T, 'dlr-shepard-shepard_arcan_combi'!$A:$A, $A2, 'dlr-shepard-shepard_arcan_combi'!$B:$B, $B2, 'dlr-shepard-shepard_arcan_combi'!$C:$C, $C2), SUMIFS('ongresinc-stackgres_arcan_combi'!T:T, 'ongresinc-stackgres_arcan_combi'!$A:$A, $A2, 'ongresinc-stackgres_arcan_combi'!$B:$B, $B2, 'ongresinc-stackgres_arcan_combi'!$C:$C, $C2)), AVERAGE( SUMIFS('dlr-shepard-shepard_arcan_combi'!T:T, 'dlr-shepard-shepard_arcan_combi'!$A:$A, $A2, 'dlr-shepard-shepard_arcan_combi'!$B:$B, $B2, 'dlr-shepard-shepard_arcan_combi'!$C:$C, $C2), SUMIFS('ongresinc-stackgres_arcan_combi'!T:T, 'ongresinc-stackgres_arcan_combi'!$A:$A, $A2, 'ongresinc-stackgres_arcan_combi'!$B:$B, $B2, 'ongresinc-stackgres_arcan_combi'!$C:$C, $C2)), "") | U2: =IF( AND(SUMIFS('dlr-shepard-shepard_arcan_combi'!U:U, 'dlr-shepard-shepard_arcan_combi'!$A:$A, $A2, 'dlr-shepard-shepard_arcan_combi'!$B:$B, $B2, 'dlr-shepard-shepard_arcan_combi'!$C:$C, $C2), SUMIFS('ongresinc-stackgres_arcan_combi'!U:U, 'ongresinc-stackgres_arcan_combi'!$A:$A, $A2, 'ongresinc-stackgres_arcan_combi'!$B:$B, $B2, 'ongresinc-stackgres_arcan_combi'!$C:$C, $C2)), AVERAGE( SUMIFS('dlr-shepard-shepard_arcan_combi'!U:U, 'dlr-shepard-shepard_arcan_combi'!$A:$A, $A2, 'dlr-shepard-shepard_arcan_combi'!$B:$B, $B2, 'dlr-shepard-shepard_arcan_combi'!$C:$C, $C2), SUMIFS('ongresinc-stackgres_arcan_combi'!U:U, 'ongresinc-stackgres_arcan_combi'!$A:$A, $A2, 'ongresinc-stackgres_arcan_combi'!$B:$B, $B2, 'ongresinc-stackgres_arcan_combi'!$C:$C, $C2)), "")
A3: feedforward_nn | B3: random_undersample | C3: sbert_tfidf_weighted | D3: 7 | E3: =IF( AND(SUMIFS('dlr-shepard-shepard_arcan_combi'!E:E, 'dlr-shepard-shepard_arcan_combi'!$A:$A, $A3, 'dlr-shepard-shepard_arcan_combi'!$B:$B, $B3, 'dlr-shepard-shepard_arcan_combi'!$C:$C, $C3), SUMIFS('ongresinc-stackgres_arcan_combi'!E:E, 'ongresinc-stackgres_arcan_combi'!$A:$A, $A3, 'ongresinc-stackgres_arcan_combi'!$B:$B, $B3, 'ongresinc-stackgres_arcan_combi'!$C:$C, $C3)), AVERAGE( SUMIFS('dlr-shepard-shepard_arcan_combi'!E:E, 'dlr-shepard-shepard_arcan_combi'!$A:$A, $A3, 'dlr-shepard-shepard_arcan_combi'!$B:$B, $B3, 'dlr-shepard-shepard_arcan_combi'!$C:$C, $C3), SUMIFS('ongresinc-stackgres_arcan_combi'!E:E, 'ongresinc-stackgres_arcan_combi'!$A:$A, $A3, 'ongresinc-stackgres_arcan_combi'!$B:$B, $B3, 'ongresinc-stackgres_arcan_combi'!$C:$C, $C3)), "") | F3: =IF( AND(SUMIFS('dlr-shepard-shepard_arcan_combi'!F:F, 'dlr-shepard-shepard_arcan_combi'!$A:$A, $A3, 'dlr-shepard-shepard_arcan_combi'!$B:$B, $B3, 'dlr-shepard-shepard_arcan_combi'!$C:$C, $C3), SUMIFS('ongresinc-stackgres_arcan_combi'!F:F, 'ongresinc-stackgres_arcan_combi'!$A:$A, $A3, 'ongresinc-stackgres_arcan_combi'!$B:$B, $B3, 'ongresinc-stackgres_arcan_combi'!$C:$C, $C3)), AVERAGE( SUMIFS('dlr-shepard-shepard_arcan_combi'!F:F, 'dlr-shepard-shepard_arcan_combi'!$A:$A, $A3, 'dlr-shepard-shepard_arcan_combi'!$B:$B, $B3, 'dlr-shepard-shepard_arcan_combi'!$C:$C, $C3), SUMIFS('ongresinc-stackgres_arcan_combi'!F:F, 'ongresinc-stackgres_arcan_combi'!$A:$A, $A3, 'ongresinc-stackgres_arcan_combi'!$B:$B, $B3, 'ongresinc-stackgres_arcan_combi'!$C:$C, $C3)), "") | G3: =IF( AND(SUMIFS('dlr-shepard-shepard_arcan_combi'!G:G, 'dlr-shepard-shepard_arcan_combi'!$A:$A, $A3, 'dlr-shepard-shepard_arcan_combi'!$B:$B, $B3, 'dlr-shepard-shepard_arcan_combi'!$C:$C, $C3), SUMIFS('ongresinc-stackgres_arcan_combi'!G:G, 'ongresinc-stackgres_arcan_combi'!$A:$A, $A3, 'ongresinc-stackgres_arcan_combi'!$B:$B, $B3, 'ongresinc-stackgres_arcan_combi'!$C:$C, $C3)), AVERAGE( SUMIFS('dlr-shepard-shepard_arcan_combi'!G:G, 'dlr-shepard-shepard_arcan_combi'!$A:$A, $A3, 'dlr-shepard-shepard_arcan_combi'!$B:$B, $B3, 'dlr-shepard-shepard_arcan_combi'!$C:$C, $C3), SUMIFS('ongresinc-stackgres_arcan_combi'!G:G, 'ongresinc-stackgres_arcan_combi'!$A:$A, $A3, 'ongresinc-stackgres_arcan_combi'!$B:$B, $B3, 'ongresinc-stackgres_arcan_combi'!$C:$C, $C3)), "") | H3: =IF( AND(SUMIFS('dlr-shepard-shepard_arcan_combi'!H:H, 'dlr-shepard-shepard_arcan_combi'!$A:$A, $A3, 'dlr-shepard-shepard_arcan_combi'!$B:$B, $B3, 'dlr-shepard-shepard_arcan_combi'!$C:$C, $C3), SUMIFS('ongresinc-stackgres_arcan_combi'!H:H, 'ongresinc-stackgres_arcan_combi'!$A:$A, $A3, 'ongresinc-stackgres_arcan_combi'!$B:$B, $B3, 'ongresinc-stackgres_arcan_combi'!$C:$C, $C3)), AVERAGE( SUMIFS('dlr-shepard-shepard_arcan_combi'!H:H, 'dlr-shepard-shepard_arcan_combi'!$A:$A, $A3, 'dlr-shepard-shepard_arcan_combi'!$B:$B, $B3, 'dlr-shepard-shepard_arcan_combi'!$C:$C, $C3), SUMIFS('ongresinc-stackgres_arcan_combi'!H:H, 'ongresinc-stackgres_arcan_combi'!$A:$A, $A3, 'ongresinc-stackgres_arcan_combi'!$B:$B, $B3, 'ongresinc-stackgres_arcan_combi'!$C:$C, $C3)), "") | I3: =IF( AND(SUMIFS('dlr-shepard-shepard_arcan_combi'!I:I, 'dlr-shepard-shepard_arcan_combi'!$A:$A, $A3, 'dlr-shepard-shepard_arcan_combi'!$B:$B, $B3, 'dlr-shepard-shepard_arcan_combi'!$C:$C, $C3), SUMIFS('ongresinc-stackgres_arcan_combi'!I:I, 'ongresinc-stackgres_arcan_combi'!$A:$A, $A3, 'ongresinc-stackgres_arcan_combi'!$B:$B, $B3, 'ongresinc-stackgres_arcan_combi'!$C:$C, $C3)), AVERAGE( SUMIFS('dlr-shepard-shepard_arcan_combi'!I:I, 'dlr-shepard-shepard_arcan_combi'!$A:$A, $A3, 'dlr-shepard-shepard_arcan_combi'!$B:$B, $B3, 'dlr-shepard-shepard_arcan_combi'!$C:$C, $C3), SUMIFS('ongresinc-stackgres_arcan_combi'!I:I, 'ongresinc-stackgres_arcan_combi'!$A:$A, $A3, 'ongresinc-stackgres_arcan_combi'!$B:$B, $B3, 'ongresinc-stackgres_arcan_combi'!$C:$C, $C3)), "") | J3: =IF( AND(SUMIFS('dlr-shepard-shepard_arcan_combi'!J:J, 'dlr-shepard-shepard_arcan_combi'!$A:$A, $A3, 'dlr-shepard-shepard_arcan_combi'!$B:$B, $B3, 'dlr-shepard-shepard_arcan_combi'!$C:$C, $C3), SUMIFS('ongresinc-stackgres_arcan_combi'!J:J, 'ongresinc-stackgres_arcan_combi'!$A:$A, $A3, 'ongresinc-stackgres_arcan_combi'!$B:$B, $B3, 'ongresinc-stackgres_arcan_combi'!$C:$C, $C3)), AVERAGE( SUMIFS('dlr-shepard-shepard_arcan_combi'!J:J, 'dlr-shepard-shepard_arcan_combi'!$A:$A, $A3, 'dlr-shepard-shepard_arcan_combi'!$B:$B, $B3, 'dlr-shepard-shepard_arcan_combi'!$C:$C, $C3), SUMIFS('ongresinc-stackgres_arcan_combi'!J:J, 'ongresinc-stackgres_arcan_combi'!$A:$A, $A3, 'ongresinc-stackgres_arcan_combi'!$B:$B, $B3, 'ongresinc-stackgres_arcan_combi'!$C:$C, $C3)), "") | K3: =IF( AND(SUMIFS('dlr-shepard-shepard_arcan_combi'!K:K, 'dlr-shepard-shepard_arcan_combi'!$A:$A, $A3, 'dlr-shepard-shepard_arcan_combi'!$B:$B, $B3, 'dlr-shepard-shepard_arcan_combi'!$C:$C, $C3), SUMIFS('ongresinc-stackgres_arcan_combi'!K:K, 'ongresinc-stackgres_arcan_combi'!$A:$A, $A3, 'ongresinc-stackgres_arcan_combi'!$B:$B, $B3, 'ongresinc-stackgres_arcan_combi'!$C:$C, $C3)), AVERAGE( SUMIFS('dlr-shepard-shepard_arcan_combi'!K:K, 'dlr-shepard-shepard_arcan_combi'!$A:$A, $A3, 'dlr-shepard-shepard_arcan_combi'!$B:$B, $B3, 'dlr-shepard-shepard_arcan_combi'!$C:$C, $C3), SUMIFS('ongresinc-stackgres_arcan_combi'!K:K, 'ongresinc-stackgres_arcan_combi'!$A:$A, $A3, 'ongresinc-stackgres_arcan_combi'!$B:$B, $B3, 'ongresinc-stackgres_arcan_combi'!$C:$C, $C3)), "") | L3: =IF( AND(SUMIFS('dlr-shepard-shepard_arcan_combi'!L:L, 'dlr-shepard-shepard_arcan_combi'!$A:$A, $A3, 'dlr-shepard-shepard_arcan_combi'!$B:$B, $B3, 'dlr-shepard-shepard_arcan_combi'!$C:$C, $C3), SUMIFS('ongresinc-stackgres_arcan_combi'!L:L, 'ongresinc-stackgres_arcan_combi'!$A:$A, $A3, 'ongresinc-stackgres_arcan_combi'!$B:$B, $B3, 'ongresinc-stackgres_arcan_combi'!$C:$C, $C3)), AVERAGE( SUMIFS('dlr-shepard-shepard_arcan_combi'!L:L, 'dlr-shepard-shepard_arcan_combi'!$A:$A, $A3, 'dlr-shepard-shepard_arcan_combi'!$B:$B, $B3, 'dlr-shepard-shepard_arcan_combi'!$C:$C, $C3), SUMIFS('ongresinc-stackgres_arcan_combi'!L:L, 'ongresinc-stackgres_arcan_combi'!$A:$A, $A3, 'ongresinc-stackgres_arcan_combi'!$B:$B, $B3, 'ongresinc-stackgres_arcan_combi'!$C:$C, $C3)), "") | M3: =IF( AND(SUMIFS('dlr-shepard-shepard_arcan_combi'!M:M, 'dlr-shepard-shepard_arcan_combi'!$A:$A, $A3, 'dlr-shepard-shepard_arcan_combi'!$B:$B, $B3, 'dlr-shepard-shepard_arcan_combi'!$C:$C, $C3), SUMIFS('ongresinc-stackgres_arcan_combi'!M:M, 'ongresinc-stackgres_arcan_combi'!$A:$A, $A3, 'ongresinc-stackgres_arcan_combi'!$B:$B, $B3, 'ongresinc-stackgres_arcan_combi'!$C:$C, $C3)), AVERAGE( SUMIFS('dlr-shepard-shepard_arcan_combi'!M:M, 'dlr-shepard-shepard_arcan_combi'!$A:$A, $A3, 'dlr-shepard-shepard_arcan_combi'!$B:$B, $B3, 'dlr-shepard-shepard_arcan_combi'!$C:$C, $C3), SUMIFS('ongresinc-stackgres_arcan_combi'!M:M, 'ongresinc-stackgres_arcan_combi'!$A:$A, $A3, 'ongresinc-stackgres_arcan_combi'!$B:$B, $B3, 'ongresinc-stackgres_arcan_combi'!$C:$C, $C3)), "") | N3: =IF( AND(SUMIFS('dlr-shepard-shepard_arcan_combi'!N:N, 'dlr-shepard-shepard_arcan_combi'!$A:$A, $A3, 'dlr-shepard-shepard_arcan_combi'!$B:$B, $B3, 'dlr-shepard-shepard_arcan_combi'!$C:$C, $C3), SUMIFS('ongresinc-stackgres_arcan_combi'!N:N, 'ongresinc-stackgres_arcan_combi'!$A:$A, $A3, 'ongresinc-stackgres_arcan_combi'!$B:$B, $B3, 'ongresinc-stackgres_arcan_combi'!$C:$C, $C3)), AVERAGE( SUMIFS('dlr-shepard-shepard_arcan_combi'!N:N, 'dlr-shepard-shepard_arcan_combi'!$A:$A, $A3, 'dlr-shepard-shepard_arcan_combi'!$B:$B, $B3, 'dlr-shepard-shepard_arcan_combi'!$C:$C, $C3), SUMIFS('ongresinc-stackgres_arcan_combi'!N:N, 'ongresinc-stackgres_arcan_combi'!$A:$A, $A3, 'ongresinc-stackgres_arcan_combi'!$B:$B, $B3, 'ongresinc-stackgres_arcan_combi'!$C:$C, $C3)), "") | O3: =IF( AND(SUMIFS('dlr-shepard-shepard_arcan_combi'!O:O, 'dlr-shepard-shepard_arcan_combi'!$A:$A, $A3, 'dlr-shepard-shepard_arcan_combi'!$B:$B, $B3, 'dlr-shepard-shepard_arcan_combi'!$C:$C, $C3), SUMIFS('ongresinc-stackgres_arcan_combi'!O:O, 'ongresinc-stackgres_arcan_combi'!$A:$A, $A3, 'ongresinc-stackgres_arcan_combi'!$B:$B, $B3, 'ongresinc-stackgres_arcan_combi'!$C:$C, $C3)), AVERAGE( SUMIFS('dlr-shepard-shepard_arcan_combi'!O:O, 'dlr-shepard-shepard_arcan_combi'!$A:$A, $A3, 'dlr-shepard-shepard_arcan_combi'!$B:$B, $B3, 'dlr-shepard-shepard_arcan_combi'!$C:$C, $C3), SUMIFS('ongresinc-stackgres_arcan_combi'!O:O, 'ongresinc-stackgres_arcan_combi'!$A:$A, $A3, 'ongresinc-stackgres_arcan_combi'!$B:$B, $B3, 'ongresinc-stackgres_arcan_combi'!$C:$C, $C3)), "") | P3: =IF( AND(SUMIFS('dlr-shepard-shepard_arcan_combi'!P:P, 'dlr-shepard-shepard_arcan_combi'!$A:$A, $A3, 'dlr-shepard-shepard_arcan_combi'!$B:$B, $B3, 'dlr-shepard-shepard_arcan_combi'!$C:$C, $C3), SUMIFS('ongresinc-stackgres_arcan_combi'!P:P, 'ongresinc-stackgres_arcan_combi'!$A:$A, $A3, 'ongresinc-stackgres_arcan_combi'!$B:$B, $B3, 'ongresinc-stackgres_arcan_combi'!$C:$C, $C3)), AVERAGE( SUMIFS('dlr-shepard-shepard_arcan_combi'!P:P, 'dlr-shepard-shepard_arcan_combi'!$A:$A, $A3, 'dlr-shepard-shepard_arcan_combi'!$B:$B, $B3, 'dlr-shepard-shepard_arcan_combi'!$C:$C, $C3), SUMIFS('ongresinc-stackgres_arcan_combi'!P:P, 'ongresinc-stackgres_arcan_combi'!$A:$A, $A3, 'ongresinc-stackgres_arcan_combi'!$B:$B, $B3, 'ongresinc-stackgres_arcan_combi'!$C:$C, $C3)), "") | Q3: =IF( AND(SUMIFS('dlr-shepard-shepard_arcan_combi'!Q:Q, 'dlr-shepard-shepard_arcan_combi'!$A:$A, $A3, 'dlr-shepard-shepard_arcan_combi'!$B:$B, $B3, 'dlr-shepard-shepard_arcan_combi'!$C:$C, $C3), SUMIFS('ongresinc-stackgres_arcan_combi'!Q:Q, 'ongresinc-stackgres_arcan_combi'!$A:$A, $A3, 'ongresinc-stackgres_arcan_combi'!$B:$B, $B3, 'ongresinc-stackgres_arcan_combi'!$C:$C, $C3)), AVERAGE( SUMIFS('dlr-shepard-shepard_arcan_combi'!Q:Q, 'dlr-shepard-shepard_arcan_combi'!$A:$A, $A3, 'dlr-shepard-shepard_arcan_combi'!$B:$B, $B3, 'dlr-shepard-shepard_arcan_combi'!$C:$C, $C3), SUMIFS('ongresinc-stackgres_arcan_combi'!Q:Q, 'ongresinc-stackgres_arcan_combi'!$A:$A, $A3, 'ongresinc-stackgres_arcan_combi'!$B:$B, $B3, 'ongresinc-stackgres_arcan_combi'!$C:$C, $C3)), "") | R3: =IF( AND(SUMIFS('dlr-shepard-shepard_arcan_combi'!R:R, 'dlr-shepard-shepard_arcan_combi'!$A:$A, $A3, 'dlr-shepard-shepard_arcan_combi'!$B:$B, $B3, 'dlr-shepard-shepard_arcan_combi'!$C:$C, $C3), SUMIFS('ongresinc-stackgres_arcan_combi'!R:R, 'ongresinc-stackgres_arcan_combi'!$A:$A, $A3, 'ongresinc-stackgres_arcan_combi'!$B:$B, $B3, 'ongresinc-stackgres_arcan_combi'!$C:$C, $C3)), AVERAGE( SUMIFS('dlr-shepard-shepard_arcan_combi'!R:R, 'dlr-shepard-shepard_arcan_combi'!$A:$A, $A3, 'dlr-shepard-shepard_arcan_combi'!$B:$B, $B3, 'dlr-shepard-shepard_arcan_combi'!$C:$C, $C3), SUMIFS('ongresinc-stackgres_arcan_combi'!R:R, 'ongresinc-stackgres_arcan_combi'!$A:$A, $A3, 'ongresinc-stackgres_arcan_combi'!$B:$B, $B3, 'ongresinc-stackgres_arcan_combi'!$C:$C, $C3)), "") | S3: =IF( AND(SUMIFS('dlr-shepard-shepard_arcan_combi'!S:S, 'dlr-shepard-shepard_arcan_combi'!$A:$A, $A3, 'dlr-shepard-shepard_arcan_combi'!$B:$B, $B3, 'dlr-shepard-shepard_arcan_combi'!$C:$C, $C3), SUMIFS('ongresinc-stackgres_arcan_combi'!S:S, 'ongresinc-stackgres_arcan_combi'!$A:$A, $A3, 'ongresinc-stackgres_arcan_combi'!$B:$B, $B3, 'ongresinc-stackgres_arcan_combi'!$C:$C, $C3)), AVERAGE( SUMIFS('dlr-shepard-shepard_arcan_combi'!S:S, 'dlr-shepard-shepard_arcan_combi'!$A:$A, $A3, 'dlr-shepard-shepard_arcan_combi'!$B:$B, $B3, 'dlr-shepard-shepard_arcan_combi'!$C:$C, $C3), SUMIFS('ongresinc-stackgres_arcan_combi'!S:S, 'ongresinc-stackgres_arcan_combi'!$A:$A, $A3, 'ongresinc-stackgres_arcan_combi'!$B:$B, $B3, 'ongresinc-stackgres_arcan_combi'!$C:$C, $C3)), "") | T3: =IF( AND(SUMIFS('dlr-shepard-shepard_arcan_combi'!T:T, 'dlr-shepard-shepard_arcan_combi'!$A:$A, $A3, 'dlr-shepard-shepard_arcan_combi'!$B:$B, $B3, 'dlr-shepard-shepard_arcan_combi'!$C:$C, $C3), SUMIFS('ongresinc-stackgres_arcan_combi'!T:T, 'ongresinc-stackgres_arcan_combi'!$A:$A, $A3, 'ongresinc-stackgres_arcan_combi'!$B:$B, $B3, 'ongresinc-stackgres_arcan_combi'!$C:$C, $C3)), AVERAGE( SUMIFS('dlr-shepard-shepard_arcan_combi'!T:T, 'dlr-shepard-shepard_arcan_combi'!$A:$A, $A3, 'dlr-shepard-shepard_arcan_combi'!$B:$B, $B3, 'dlr-shepard-shepard_arcan_combi'!$C:$C, $C3), SUMIFS('ongresinc-stackgres_arcan_combi'!T:T, 'ongresinc-stackgres_arcan_combi'!$A:$A, $A3, 'ongresinc-stackgres_arcan_combi'!$B:$B, $B3, 'ongresinc-stackgres_arcan_combi'!$C:$C, $C3)), "") | U3: =IF( AND(SUMIFS('dlr-shepard-shepard_arcan_combi'!U:U, 'dlr-shepard-shepard_arcan_combi'!$A:$A, $A3, 'dlr-shepard-shepard_arcan_combi'!$B:$B, $B3, 'dlr-shepard-shepard_arcan_combi'!$C:$C, $C3), SUMIFS('ongresinc-stackgres_arcan_combi'!U:U, 'ongresinc-stackgres_arcan_combi'!$A:$A, $A3, 'ongresinc-stackgres_arcan_combi'!$B:$B, $B3, 'ongresinc-stackgres_arcan_combi'!$C:$C, $C3)), AVERAGE( SUMIFS('dlr-shepard-shepard_arcan_combi'!U:U, 'dlr-shepard-shepard_arcan_combi'!$A:$A, $A3, 'dlr-shepard-shepard_arcan_combi'!$B:$B, $B3, 'dlr-shepard-shepard_arcan_combi'!$C:$C, $C3), SUMIFS('ongresinc-stackgres_arcan_combi'!U:U, 'ongresinc-stackgres_arcan_combi'!$A:$A, $A3, 'ongresinc-stackgres_arcan_combi'!$B:$B, $B3, 'ongresinc-stackgres_arcan_combi'!$C:$C, $C3)), "")
A4: feedforward_nn | B4: random_undersample | C4: sbert_avg | D4: 7 | E4: =IF( AND(SUMIFS('dlr-shepard-shepard_arcan_combi'!E:E, 'dlr-shepard-shepard_arcan_combi'!$A:$A, $A4, 'dlr-shepard-shepard_arcan_combi'!$B:$B, $B4, 'dlr-shepard-shepard_arcan_combi'!$C:$C, $C4), SUMIFS('ongresinc-stackgres_arcan_combi'!E:E, 'ongresinc-stackgres_arcan_combi'!$A:$A, $A4, 'ongresinc-stackgres_arcan_combi'!$B:$B, $B4, 'ongresinc-stackgres_arcan_combi'!$C:$C, $C4)), AVERAGE( SUMIFS('dlr-shepard-shepard_arcan_combi'!E:E, 'dlr-shepard-shepard_arcan_combi'!$A:$A, $A4, 'dlr-shepard-shepard_arcan_combi'!$B:$B, $B4, 'dlr-shepard-shepard_arcan_combi'!$C:$C, $C4), SUMIFS('ongresinc-stackgres_arcan_combi'!E:E, 'ongresinc-stackgres_arcan_combi'!$A:$A, $A4, 'ongresinc-stackgres_arcan_combi'!$B:$B, $B4, 'ongresinc-stackgres_arcan_combi'!$C:$C, $C4)), "") | F4: =IF( AND(SUMIFS('dlr-shepard-shepard_arcan_combi'!F:F, 'dlr-shepard-shepard_arcan_combi'!$A:$A, $A4, 'dlr-shepard-shepard_arcan_combi'!$B:$B, $B4, 'dlr-shepard-shepard_arcan_combi'!$C:$C, $C4), SUMIFS('ongresinc-stackgres_arcan_combi'!F:F, 'ongresinc-stackgres_arcan_combi'!$A:$A, $A4, 'ongresinc-stackgres_arcan_combi'!$B:$B, $B4, 'ongresinc-stackgres_arcan_combi'!$C:$C, $C4)), AVERAGE( SUMIFS('dlr-shepard-shepard_arcan_combi'!F:F, 'dlr-shepard-shepard_arcan_combi'!$A:$A, $A4, 'dlr-shepard-shepard_arcan_combi'!$B:$B, $B4, 'dlr-shepard-shepard_arcan_combi'!$C:$C, $C4), SUMIFS('ongresinc-stackgres_arcan_combi'!F:F, 'ongresinc-stackgres_arcan_combi'!$A:$A, $A4, 'ongresinc-stackgres_arcan_combi'!$B:$B, $B4, 'ongresinc-stackgres_arcan_combi'!$C:$C, $C4)), "") | G4: =IF( AND(SUMIFS('dlr-shepard-shepard_arcan_combi'!G:G, 'dlr-shepard-shepard_arcan_combi'!$A:$A, $A4, 'dlr-shepard-shepard_arcan_combi'!$B:$B, $B4, 'dlr-shepard-shepard_arcan_combi'!$C:$C, $C4), SUMIFS('ongresinc-stackgres_arcan_combi'!G:G, 'ongresinc-stackgres_arcan_combi'!$A:$A, $A4, 'ongresinc-stackgres_arcan_combi'!$B:$B, $B4, 'ongresinc-stackgres_arcan_combi'!$C:$C, $C4)), AVERAGE( SUMIFS('dlr-shepard-shepard_arcan_combi'!G:G, 'dlr-shepard-shepard_arcan_combi'!$A:$A, $A4, 'dlr-shepard-shepard_arcan_combi'!$B:$B, $B4, 'dlr-shepard-shepard_arcan_combi'!$C:$C, $C4), SUMIFS('ongresinc-stackgres_arcan_combi'!G:G, 'ongresinc-stackgres_arcan_combi'!$A:$A, $A4, 'ongresinc-stackgres_arcan_combi'!$B:$B, $B4, 'ongresinc-stackgres_arcan_combi'!$C:$C, $C4)), "") | H4: =IF( AND(SUMIFS('dlr-shepard-shepard_arcan_combi'!H:H, 'dlr-shepard-shepard_arcan_combi'!$A:$A, $A4, 'dlr-shepard-shepard_arcan_combi'!$B:$B, $B4, 'dlr-shepard-shepard_arcan_combi'!$C:$C, $C4), SUMIFS('ongresinc-stackgres_arcan_combi'!H:H, 'ongresinc-stackgres_arcan_combi'!$A:$A, $A4, 'ongresinc-stackgres_arcan_combi'!$B:$B, $B4, 'ongresinc-stackgres_arcan_combi'!$C:$C, $C4)), AVERAGE( SUMIFS('dlr-shepard-shepard_arcan_combi'!H:H, 'dlr-shepard-shepard_arcan_combi'!$A:$A, $A4, 'dlr-shepard-shepard_arcan_combi'!$B:$B, $B4, 'dlr-shepard-shepard_arcan_combi'!$C:$C, $C4), SUMIFS('ongresinc-stackgres_arcan_combi'!H:H, 'ongresinc-stackgres_arcan_combi'!$A:$A, $A4, 'ongresinc-stackgres_arcan_combi'!$B:$B, $B4, 'ongresinc-stackgres_arcan_combi'!$C:$C, $C4)), "") | I4: =IF( AND(SUMIFS('dlr-shepard-shepard_arcan_combi'!I:I, 'dlr-shepard-shepard_arcan_combi'!$A:$A, $A4, 'dlr-shepard-shepard_arcan_combi'!$B:$B, $B4, 'dlr-shepard-shepard_arcan_combi'!$C:$C, $C4), SUMIFS('ongresinc-stackgres_arcan_combi'!I:I, 'ongresinc-stackgres_arcan_combi'!$A:$A, $A4, 'ongresinc-stackgres_arcan_combi'!$B:$B, $B4, 'ongresinc-stackgres_arcan_combi'!$C:$C, $C4)), AVERAGE( SUMIFS('dlr-shepard-shepard_arcan_combi'!I:I, 'dlr-shepard-shepard_arcan_combi'!$A:$A, $A4, 'dlr-shepard-shepard_arcan_combi'!$B:$B, $B4, 'dlr-shepard-shepard_arcan_combi'!$C:$C, $C4), SUMIFS('ongresinc-stackgres_arcan_combi'!I:I, 'ongresinc-stackgres_arcan_combi'!$A:$A, $A4, 'ongresinc-stackgres_arcan_combi'!$B:$B, $B4, 'ongresinc-stackgres_arcan_combi'!$C:$C, $C4)), "") | J4: =IF( AND(SUMIFS('dlr-shepard-shepard_arcan_combi'!J:J, 'dlr-shepard-shepard_arcan_combi'!$A:$A, $A4, 'dlr-shepard-shepard_arcan_combi'!$B:$B, $B4, 'dlr-shepard-shepard_arcan_combi'!$C:$C, $C4), SUMIFS('ongresinc-stackgres_arcan_combi'!J:J, 'ongresinc-stackgres_arcan_combi'!$A:$A, $A4, 'ongresinc-stackgres_arcan_combi'!$B:$B, $B4, 'ongresinc-stackgres_arcan_combi'!$C:$C, $C4)), AVERAGE( SUMIFS('dlr-shepard-shepard_arcan_combi'!J:J, 'dlr-shepard-shepard_arcan_combi'!$A:$A, $A4, 'dlr-shepard-shepard_arcan_combi'!$B:$B, $B4, 'dlr-shepard-shepard_arcan_combi'!$C:$C, $C4), SUMIFS('ongresinc-stackgres_arcan_combi'!J:J, 'ongresinc-stackgres_arcan_combi'!$A:$A, $A4, 'ongresinc-stackgres_arcan_combi'!$B:$B, $B4, 'ongresinc-stackgres_arcan_combi'!$C:$C, $C4)), "") | K4: =IF( AND(SUMIFS('dlr-shepard-shepard_arcan_combi'!K:K, 'dlr-shepard-shepard_arcan_combi'!$A:$A, $A4, 'dlr-shepard-shepard_arcan_combi'!$B:$B, $B4, 'dlr-shepard-shepard_arcan_combi'!$C:$C, $C4), SUMIFS('ongresinc-stackgres_arcan_combi'!K:K, 'ongresinc-stackgres_arcan_combi'!$A:$A, $A4, 'ongresinc-stackgres_arcan_combi'!$B:$B, $B4, 'ongresinc-stackgres_arcan_combi'!$C:$C, $C4)), AVERAGE( SUMIFS('dlr-shepard-shepard_arcan_combi'!K:K, 'dlr-shepard-shepard_arcan_combi'!$A:$A, $A4, 'dlr-shepard-shepard_arcan_combi'!$B:$B, $B4, 'dlr-shepard-shepard_arcan_combi'!$C:$C, $C4), SUMIFS('ongresinc-stackgres_arcan_combi'!K:K, 'ongresinc-stackgres_arcan_combi'!$A:$A, $A4, 'ongresinc-stackgres_arcan_combi'!$B:$B, $B4, 'ongresinc-stackgres_arcan_combi'!$C:$C, $C4)), "") | L4: =IF( AND(SUMIFS('dlr-shepard-shepard_arcan_combi'!L:L, 'dlr-shepard-shepard_arcan_combi'!$A:$A, $A4, 'dlr-shepard-shepard_arcan_combi'!$B:$B, $B4, 'dlr-shepard-shepard_arcan_combi'!$C:$C, $C4), SUMIFS('ongresinc-stackgres_arcan_combi'!L:L, 'ongresinc-stackgres_arcan_combi'!$A:$A, $A4, 'ongresinc-stackgres_arcan_combi'!$B:$B, $B4, 'ongresinc-stackgres_arcan_combi'!$C:$C, $C4)), AVERAGE( SUMIFS('dlr-shepard-shepard_arcan_combi'!L:L, 'dlr-shepard-shepard_arcan_combi'!$A:$A, $A4, 'dlr-shepard-shepard_arcan_combi'!$B:$B, $B4, 'dlr-shepard-shepard_arcan_combi'!$C:$C, $C4), SUMIFS('ongresinc-stackgres_arcan_combi'!L:L, 'ongresinc-stackgres_arcan_combi'!$A:$A, $A4, 'ongresinc-stackgres_arcan_combi'!$B:$B, $B4, 'ongresinc-stackgres_arcan_combi'!$C:$C, $C4)), "") | M4: =IF( AND(SUMIFS('dlr-shepard-shepard_arcan_combi'!M:M, 'dlr-shepard-shepard_arcan_combi'!$A:$A, $A4, 'dlr-shepard-shepard_arcan_combi'!$B:$B, $B4, 'dlr-shepard-shepard_arcan_combi'!$C:$C, $C4), SUMIFS('ongresinc-stackgres_arcan_combi'!M:M, 'ongresinc-stackgres_arcan_combi'!$A:$A, $A4, 'ongresinc-stackgres_arcan_combi'!$B:$B, $B4, 'ongresinc-stackgres_arcan_combi'!$C:$C, $C4)), AVERAGE( SUMIFS('dlr-shepard-shepard_arcan_combi'!M:M, 'dlr-shepard-shepard_arcan_combi'!$A:$A, $A4, 'dlr-shepard-shepard_arcan_combi'!$B:$B, $B4, 'dlr-shepard-shepard_arcan_combi'!$C:$C, $C4), SUMIFS('ongresinc-stackgres_arcan_combi'!M:M, 'ongresinc-stackgres_arcan_combi'!$A:$A, $A4, 'ongresinc-stackgres_arcan_combi'!$B:$B, $B4, 'ongresinc-stackgres_arcan_combi'!$C:$C, $C4)), "") | N4: =IF( AND(SUMIFS('dlr-shepard-shepard_arcan_combi'!N:N, 'dlr-shepard-shepard_arcan_combi'!$A:$A, $A4, 'dlr-shepard-shepard_arcan_combi'!$B:$B, $B4, 'dlr-shepard-shepard_arcan_combi'!$C:$C, $C4), SUMIFS('ongresinc-stackgres_arcan_combi'!N:N, 'ongresinc-stackgres_arcan_combi'!$A:$A, $A4, 'ongresinc-stackgres_arcan_combi'!$B:$B, $B4, 'ongresinc-stackgres_arcan_combi'!$C:$C, $C4)), AVERAGE( SUMIFS('dlr-shepard-shepard_arcan_combi'!N:N, 'dlr-shepard-shepard_arcan_combi'!$A:$A, $A4, 'dlr-shepard-shepard_arcan_combi'!$B:$B, $B4, 'dlr-shepard-shepard_arcan_combi'!$C:$C, $C4), SUMIFS('ongresinc-stackgres_arcan_combi'!N:N, 'ongresinc-stackgres_arcan_combi'!$A:$A, $A4, 'ongresinc-stackgres_arcan_combi'!$B:$B, $B4, 'ongresinc-stackgres_arcan_combi'!$C:$C, $C4)), "") | O4: =IF( AND(SUMIFS('dlr-shepard-shepard_arcan_combi'!O:O, 'dlr-shepard-shepard_arcan_combi'!$A:$A, $A4, 'dlr-shepard-shepard_arcan_combi'!$B:$B, $B4, 'dlr-shepard-shepard_arcan_combi'!$C:$C, $C4), SUMIFS('ongresinc-stackgres_arcan_combi'!O:O, 'ongresinc-stackgres_arcan_combi'!$A:$A, $A4, 'ongresinc-stackgres_arcan_combi'!$B:$B, $B4, 'ongresinc-stackgres_arcan_combi'!$C:$C, $C4)), AVERAGE( SUMIFS('dlr-shepard-shepard_arcan_combi'!O:O, 'dlr-shepard-shepard_arcan_combi'!$A:$A, $A4, 'dlr-shepard-shepard_arcan_combi'!$B:$B, $B4, 'dlr-shepard-shepard_arcan_combi'!$C:$C, $C4), SUMIFS('ongresinc-stackgres_arcan_combi'!O:O, 'ongresinc-stackgres_arcan_combi'!$A:$A, $A4, 'ongresinc-stackgres_arcan_combi'!$B:$B, $B4, 'ongresinc-stackgres_arcan_combi'!$C:$C, $C4)), "") | P4: =IF( AND(SUMIFS('dlr-shepard-shepard_arcan_combi'!P:P, 'dlr-shepard-shepard_arcan_combi'!$A:$A, $A4, 'dlr-shepard-shepard_arcan_combi'!$B:$B, $B4, 'dlr-shepard-shepard_arcan_combi'!$C:$C, $C4), SUMIFS('ongresinc-stackgres_arcan_combi'!P:P, 'ongresinc-stackgres_arcan_combi'!$A:$A, $A4, 'ongresinc-stackgres_arcan_combi'!$B:$B, $B4, 'ongresinc-stackgres_arcan_combi'!$C:$C, $C4)), AVERAGE( SUMIFS('dlr-shepard-shepard_arcan_combi'!P:P, 'dlr-shepard-shepard_arcan_combi'!$A:$A, $A4, 'dlr-shepard-shepard_arcan_combi'!$B:$B, $B4, 'dlr-shepard-shepard_arcan_combi'!$C:$C, $C4), SUMIFS('ongresinc-stackgres_arcan_combi'!P:P, 'ongresinc-stackgres_arcan_combi'!$A:$A, $A4, 'ongresinc-stackgres_arcan_combi'!$B:$B, $B4, 'ongresinc-stackgres_arcan_combi'!$C:$C, $C4)), "") | Q4: =IF( AND(SUMIFS('dlr-shepard-shepard_arcan_combi'!Q:Q, 'dlr-shepard-shepard_arcan_combi'!$A:$A, $A4, 'dlr-shepard-shepard_arcan_combi'!$B:$B, $B4, 'dlr-shepard-shepard_arcan_combi'!$C:$C, $C4), SUMIFS('ongresinc-stackgres_arcan_combi'!Q:Q, 'ongresinc-stackgres_arcan_combi'!$A:$A, $A4, 'ongresinc-stackgres_arcan_combi'!$B:$B, $B4, 'ongresinc-stackgres_arcan_combi'!$C:$C, $C4)), AVERAGE( SUMIFS('dlr-shepard-shepard_arcan_combi'!Q:Q, 'dlr-shepard-shepard_arcan_combi'!$A:$A, $A4, 'dlr-shepard-shepard_arcan_combi'!$B:$B, $B4, 'dlr-shepard-shepard_arcan_combi'!$C:$C, $C4), SUMIFS('ongresinc-stackgres_arcan_combi'!Q:Q, 'ongresinc-stackgres_arcan_combi'!$A:$A, $A4, 'ongresinc-stackgres_arcan_combi'!$B:$B, $B4, 'ongresinc-stackgres_arcan_combi'!$C:$C, $C4)), "") | R4: =IF( AND(SUMIFS('dlr-shepard-shepard_arcan_combi'!R:R, 'dlr-shepard-shepard_arcan_combi'!$A:$A, $A4, 'dlr-shepard-shepard_arcan_combi'!$B:$B, $B4, 'dlr-shepard-shepard_arcan_combi'!$C:$C, $C4), SUMIFS('ongresinc-stackgres_arcan_combi'!R:R, 'ongresinc-stackgres_arcan_combi'!$A:$A, $A4, 'ongresinc-stackgres_arcan_combi'!$B:$B, $B4, 'ongresinc-stackgres_arcan_combi'!$C:$C, $C4)), AVERAGE( SUMIFS('dlr-shepard-shepard_arcan_combi'!R:R, 'dlr-shepard-shepard_arcan_combi'!$A:$A, $A4, 'dlr-shepard-shepard_arcan_combi'!$B:$B, $B4, 'dlr-shepard-shepard_arcan_combi'!$C:$C, $C4), SUMIFS('ongresinc-stackgres_arcan_combi'!R:R, 'ongresinc-stackgres_arcan_combi'!$A:$A, $A4, 'ongresinc-stackgres_arcan_combi'!$B:$B, $B4, 'ongresinc-stackgres_arcan_combi'!$C:$C, $C4)), "") | S4: =IF( AND(SUMIFS('dlr-shepard-shepard_arcan_combi'!S:S, 'dlr-shepard-shepard_arcan_combi'!$A:$A, $A4, 'dlr-shepard-shepard_arcan_combi'!$B:$B, $B4, 'dlr-shepard-shepard_arcan_combi'!$C:$C, $C4), SUMIFS('ongresinc-stackgres_arcan_combi'!S:S, 'ongresinc-stackgres_arcan_combi'!$A:$A, $A4, 'ongresinc-stackgres_arcan_combi'!$B:$B, $B4, 'ongresinc-stackgres_arcan_combi'!$C:$C, $C4)), AVERAGE( SUMIFS('dlr-shepard-shepard_arcan_combi'!S:S, 'dlr-shepard-shepard_arcan_combi'!$A:$A, $A4, 'dlr-shepard-shepard_arcan_combi'!$B:$B, $B4, 'dlr-shepard-shepard_arcan_combi'!$C:$C, $C4), SUMIFS('ongresinc-stackgres_arcan_combi'!S:S, 'ongresinc-stackgres_arcan_combi'!$A:$A, $A4, 'ongresinc-stackgres_arcan_combi'!$B:$B, $B4, 'ongresinc-stackgres_arcan_combi'!$C:$C, $C4)), "") | T4: =IF( AND(SUMIFS('dlr-shepard-shepard_arcan_combi'!T:T, 'dlr-shepard-shepard_arcan_combi'!$A:$A, $A4, 'dlr-shepard-shepard_arcan_combi'!$B:$B, $B4, 'dlr-shepard-shepard_arcan_combi'!$C:$C, $C4), SUMIFS('ongresinc-stackgres_arcan_combi'!T:T, 'ongresinc-stackgres_arcan_combi'!$A:$A, $A4, 'ongresinc-stackgres_arcan_combi'!$B:$B, $B4, 'ongresinc-stackgres_arcan_combi'!$C:$C, $C4)), AVERAGE( SUMIFS('dlr-shepard-shepard_arcan_combi'!T:T, 'dlr-shepard-shepard_arcan_combi'!$A:$A, $A4, 'dlr-shepard-shepard_arcan_combi'!$B:$B, $B4, 'dlr-shepard-shepard_arcan_combi'!$C:$C, $C4), SUMIFS('ongresinc-stackgres_arcan_combi'!T:T, 'ongresinc-stackgres_arcan_combi'!$A:$A, $A4, 'ongresinc-stackgres_arcan_combi'!$B:$B, $B4, 'ongresinc-stackgres_arcan_combi'!$C:$C, $C4)), "") | U4: =IF( AND(SUMIFS('dlr-shepard-shepard_arcan_combi'!U:U, 'dlr-shepard-shepard_arcan_combi'!$A:$A, $A4, 'dlr-shepard-shepard_arcan_combi'!$B:$B, $B4, 'dlr-shepard-shepard_arcan_combi'!$C:$C, $C4), SUMIFS('ongresinc-stackgres_arcan_combi'!U:U, 'ongresinc-stackgres_arcan_combi'!$A:$A, $A4, 'ongresinc-stackgres_arcan_combi'!$B:$B, $B4, 'ongresinc-stackgres_arcan_combi'!$C:$C, $C4)), AVERAGE( SUMIFS('dlr-shepard-shepard_arcan_combi'!U:U, 'dlr-shepard-shepard_arcan_combi'!$A:$A, $A4, 'dlr-shepard-shepard_arcan_combi'!$B:$B, $B4, 'dlr-shepard-shepard_arcan_combi'!$C:$C, $C4), SUMIFS('ongresinc-stackgres_arcan_combi'!U:U, 'ongresinc-stackgres_arcan_combi'!$A:$A, $A4, 'ongresinc-stackgres_arcan_combi'!$B:$B, $B4, 'ongresinc-stackgres_arcan_combi'!$C:$C, $C4)), "")
A5: feedforward_nn | B5: random_undersample | C5: sbert_max | D5: 7 | E5: =IF( AND(SUMIFS('dlr-shepard-shepard_arcan_combi'!E:E, 'dlr-shepard-shepard_arcan_combi'!$A:$A, $A5, 'dlr-shepard-shepard_arcan_combi'!$B:$B, $B5, 'dlr-shepard-shepard_arcan_combi'!$C:$C, $C5), SUMIFS('ongresinc-stackgres_arcan_combi'!E:E, 'ongresinc-stackgres_arcan_combi'!$A:$A, $A5, 'ongresinc-stackgres_arcan_combi'!$B:$B, $B5, 'ongresinc-stackgres_arcan_combi'!$C:$C, $C5)), AVERAGE( SUMIFS('dlr-shepard-shepard_arcan_combi'!E:E, 'dlr-shepard-shepard_arcan_combi'!$A:$A, $A5, 'dlr-shepard-shepard_arcan_combi'!$B:$B, $B5, 'dlr-shepard-shepard_arcan_combi'!$C:$C, $C5), SUMIFS('ongresinc-stackgres_arcan_combi'!E:E, 'ongresinc-stackgres_arcan_combi'!$A:$A, $A5, 'ongresinc-stackgres_arcan_combi'!$B:$B, $B5, 'ongresinc-stackgres_arcan_combi'!$C:$C, $C5)), "") | F5: =IF( AND(SUMIFS('dlr-shepard-shepard_arcan_combi'!F:F, 'dlr-shepard-shepard_arcan_combi'!$A:$A, $A5, 'dlr-shepard-shepard_arcan_combi'!$B:$B, $B5, 'dlr-shepard-shepard_arcan_combi'!$C:$C, $C5), SUMIFS('ongresinc-stackgres_arcan_combi'!F:F, 'ongresinc-stackgres_arcan_combi'!$A:$A, $A5, 'ongresinc-stackgres_arcan_combi'!$B:$B, $B5, 'ongresinc-stackgres_arcan_combi'!$C:$C, $C5)), AVERAGE( SUMIFS('dlr-shepard-shepard_arcan_combi'!F:F, 'dlr-shepard-shepard_arcan_combi'!$A:$A, $A5, 'dlr-shepard-shepard_arcan_combi'!$B:$B, $B5, 'dlr-shepard-shepard_arcan_combi'!$C:$C, $C5), SUMIFS('ongresinc-stackgres_arcan_combi'!F:F, 'ongresinc-stackgres_arcan_combi'!$A:$A, $A5, 'ongresinc-stackgres_arcan_combi'!$B:$B, $B5, 'ongresinc-stackgres_arcan_combi'!$C:$C, $C5)), "") | G5: =IF( AND(SUMIFS('dlr-shepard-shepard_arcan_combi'!G:G, 'dlr-shepard-shepard_arcan_combi'!$A:$A, $A5, 'dlr-shepard-shepard_arcan_combi'!$B:$B, $B5, 'dlr-shepard-shepard_arcan_combi'!$C:$C, $C5), SUMIFS('ongresinc-stackgres_arcan_combi'!G:G, 'ongresinc-stackgres_arcan_combi'!$A:$A, $A5, 'ongresinc-stackgres_arcan_combi'!$B:$B, $B5, 'ongresinc-stackgres_arcan_combi'!$C:$C, $C5)), AVERAGE( SUMIFS('dlr-shepard-shepard_arcan_combi'!G:G, 'dlr-shepard-shepard_arcan_combi'!$A:$A, $A5, 'dlr-shepard-shepard_arcan_combi'!$B:$B, $B5, 'dlr-shepard-shepard_arcan_combi'!$C:$C, $C5), SUMIFS('ongresinc-stackgres_arcan_combi'!G:G, 'ongresinc-stackgres_arcan_combi'!$A:$A, $A5, 'ongresinc-stackgres_arcan_combi'!$B:$B, $B5, 'ongresinc-stackgres_arcan_combi'!$C:$C, $C5)), "") | H5: =IF( AND(SUMIFS('dlr-shepard-shepard_arcan_combi'!H:H, 'dlr-shepard-shepard_arcan_combi'!$A:$A, $A5, 'dlr-shepard-shepard_arcan_combi'!$B:$B, $B5, 'dlr-shepard-shepard_arcan_combi'!$C:$C, $C5), SUMIFS('ongresinc-stackgres_arcan_combi'!H:H, 'ongresinc-stackgres_arcan_combi'!$A:$A, $A5, 'ongresinc-stackgres_arcan_combi'!$B:$B, $B5, 'ongresinc-stackgres_arcan_combi'!$C:$C, $C5)), AVERAGE( SUMIFS('dlr-shepard-shepard_arcan_combi'!H:H, 'dlr-shepard-shepard_arcan_combi'!$A:$A, $A5, 'dlr-shepard-shepard_arcan_combi'!$B:$B, $B5, 'dlr-shepard-shepard_arcan_combi'!$C:$C, $C5), SUMIFS('ongresinc-stackgres_arcan_combi'!H:H, 'ongresinc-stackgres_arcan_combi'!$A:$A, $A5, 'ongresinc-stackgres_arcan_combi'!$B:$B, $B5, 'ongresinc-stackgres_arcan_combi'!$C:$C, $C5)), "") | I5: =IF( AND(SUMIFS('dlr-shepard-shepard_arcan_combi'!I:I, 'dlr-shepard-shepard_arcan_combi'!$A:$A, $A5, 'dlr-shepard-shepard_arcan_combi'!$B:$B, $B5, 'dlr-shepard-shepard_arcan_combi'!$C:$C, $C5), SUMIFS('ongresinc-stackgres_arcan_combi'!I:I, 'ongresinc-stackgres_arcan_combi'!$A:$A, $A5, 'ongresinc-stackgres_arcan_combi'!$B:$B, $B5, 'ongresinc-stackgres_arcan_combi'!$C:$C, $C5)), AVERAGE( SUMIFS('dlr-shepard-shepard_arcan_combi'!I:I, 'dlr-shepard-shepard_arcan_combi'!$A:$A, $A5, 'dlr-shepard-shepard_arcan_combi'!$B:$B, $B5, 'dlr-shepard-shepard_arcan_combi'!$C:$C, $C5), SUMIFS('ongresinc-stackgres_arcan_combi'!I:I, 'ongresinc-stackgres_arcan_combi'!$A:$A, $A5, 'ongresinc-stackgres_arcan_combi'!$B:$B, $B5, 'ongresinc-stackgres_arcan_combi'!$C:$C, $C5)), "") | J5: =IF( AND(SUMIFS('dlr-shepard-shepard_arcan_combi'!J:J, 'dlr-shepard-shepard_arcan_combi'!$A:$A, $A5, 'dlr-shepard-shepard_arcan_combi'!$B:$B, $B5, 'dlr-shepard-shepard_arcan_combi'!$C:$C, $C5), SUMIFS('ongresinc-stackgres_arcan_combi'!J:J, 'ongresinc-stackgres_arcan_combi'!$A:$A, $A5, 'ongresinc-stackgres_arcan_combi'!$B:$B, $B5, 'ongresinc-stackgres_arcan_combi'!$C:$C, $C5)), AVERAGE( SUMIFS('dlr-shepard-shepard_arcan_combi'!J:J, 'dlr-shepard-shepard_arcan_combi'!$A:$A, $A5, 'dlr-shepard-shepard_arcan_combi'!$B:$B, $B5, 'dlr-shepard-shepard_arcan_combi'!$C:$C, $C5), SUMIFS('ongresinc-stackgres_arcan_combi'!J:J, 'ongresinc-stackgres_arcan_combi'!$A:$A, $A5, 'ongresinc-stackgres_arcan_combi'!$B:$B, $B5, 'ongresinc-stackgres_arcan_combi'!$C:$C, $C5)), "") | K5: =IF( AND(SUMIFS('dlr-shepard-shepard_arcan_combi'!K:K, 'dlr-shepard-shepard_arcan_combi'!$A:$A, $A5, 'dlr-shepard-shepard_arcan_combi'!$B:$B, $B5, 'dlr-shepard-shepard_arcan_combi'!$C:$C, $C5), SUMIFS('ongresinc-stackgres_arcan_combi'!K:K, 'ongresinc-stackgres_arcan_combi'!$A:$A, $A5, 'ongresinc-stackgres_arcan_combi'!$B:$B, $B5, 'ongresinc-stackgres_arcan_combi'!$C:$C, $C5)), AVERAGE( SUMIFS('dlr-shepard-shepard_arcan_combi'!K:K, 'dlr-shepard-shepard_arcan_combi'!$A:$A, $A5, 'dlr-shepard-shepard_arcan_combi'!$B:$B, $B5, 'dlr-shepard-shepard_arcan_combi'!$C:$C, $C5), SUMIFS('ongresinc-stackgres_arcan_combi'!K:K, 'ongresinc-stackgres_arcan_combi'!$A:$A, $A5, 'ongresinc-stackgres_arcan_combi'!$B:$B, $B5, 'ongresinc-stackgres_arcan_combi'!$C:$C, $C5)), "") | L5: =IF( AND(SUMIFS('dlr-shepard-shepard_arcan_combi'!L:L, 'dlr-shepard-shepard_arcan_combi'!$A:$A, $A5, 'dlr-shepard-shepard_arcan_combi'!$B:$B, $B5, 'dlr-shepard-shepard_arcan_combi'!$C:$C, $C5), SUMIFS('ongresinc-stackgres_arcan_combi'!L:L, 'ongresinc-stackgres_arcan_combi'!$A:$A, $A5, 'ongresinc-stackgres_arcan_combi'!$B:$B, $B5, 'ongresinc-stackgres_arcan_combi'!$C:$C, $C5)), AVERAGE( SUMIFS('dlr-shepard-shepard_arcan_combi'!L:L, 'dlr-shepard-shepard_arcan_combi'!$A:$A, $A5, 'dlr-shepard-shepard_arcan_combi'!$B:$B, $B5, 'dlr-shepard-shepard_arcan_combi'!$C:$C, $C5), SUMIFS('ongresinc-stackgres_arcan_combi'!L:L, 'ongresinc-stackgres_arcan_combi'!$A:$A, $A5, 'ongresinc-stackgres_arcan_combi'!$B:$B, $B5, 'ongresinc-stackgres_arcan_combi'!$C:$C, $C5)), "") | M5: =IF( AND(SUMIFS('dlr-shepard-shepard_arcan_combi'!M:M, 'dlr-shepard-shepard_arcan_combi'!$A:$A, $A5, 'dlr-shepard-shepard_arcan_combi'!$B:$B, $B5, 'dlr-shepard-shepard_arcan_combi'!$C:$C, $C5), SUMIFS('ongresinc-stackgres_arcan_combi'!M:M, 'ongresinc-stackgres_arcan_combi'!$A:$A, $A5, 'ongresinc-stackgres_arcan_combi'!$B:$B, $B5, 'ongresinc-stackgres_arcan_combi'!$C:$C, $C5)), AVERAGE( SUMIFS('dlr-shepard-shepard_arcan_combi'!M:M, 'dlr-shepard-shepard_arcan_combi'!$A:$A, $A5, 'dlr-shepard-shepard_arcan_combi'!$B:$B, $B5, 'dlr-shepard-shepard_arcan_combi'!$C:$C, $C5), SUMIFS('ongresinc-stackgres_arcan_combi'!M:M, 'ongresinc-stackgres_arcan_combi'!$A:$A, $A5, 'ongresinc-stackgres_arcan_combi'!$B:$B, $B5, 'ongresinc-stackgres_arcan_combi'!$C:$C, $C5)), "") | N5: =IF( AND(SUMIFS('dlr-shepard-shepard_arcan_combi'!N:N, 'dlr-shepard-shepard_arcan_combi'!$A:$A, $A5, 'dlr-shepard-shepard_arcan_combi'!$B:$B, $B5, 'dlr-shepard-shepard_arcan_combi'!$C:$C, $C5), SUMIFS('ongresinc-stackgres_arcan_combi'!N:N, 'ongresinc-stackgres_arcan_combi'!$A:$A, $A5, 'ongresinc-stackgres_arcan_combi'!$B:$B, $B5, 'ongresinc-stackgres_arcan_combi'!$C:$C, $C5)), AVERAGE( SUMIFS('dlr-shepard-shepard_arcan_combi'!N:N, 'dlr-shepard-shepard_arcan_combi'!$A:$A, $A5, 'dlr-shepard-shepard_arcan_combi'!$B:$B, $B5, 'dlr-shepard-shepard_arcan_combi'!$C:$C, $C5), SUMIFS('ongresinc-stackgres_arcan_combi'!N:N, 'ongresinc-stackgres_arcan_combi'!$A:$A, $A5, 'ongresinc-stackgres_arcan_combi'!$B:$B, $B5, 'ongresinc-stackgres_arcan_combi'!$C:$C, $C5)), "") | O5: =IF( AND(SUMIFS('dlr-shepard-shepard_arcan_combi'!O:O, 'dlr-shepard-shepard_arcan_combi'!$A:$A, $A5, 'dlr-shepard-shepard_arcan_combi'!$B:$B, $B5, 'dlr-shepard-shepard_arcan_combi'!$C:$C, $C5), SUMIFS('ongresinc-stackgres_arcan_combi'!O:O, 'ongresinc-stackgres_arcan_combi'!$A:$A, $A5, 'ongresinc-stackgres_arcan_combi'!$B:$B, $B5, 'ongresinc-stackgres_arcan_combi'!$C:$C, $C5)), AVERAGE( SUMIFS('dlr-shepard-shepard_arcan_combi'!O:O, 'dlr-shepard-shepard_arcan_combi'!$A:$A, $A5, 'dlr-shepard-shepard_arcan_combi'!$B:$B, $B5, 'dlr-shepard-shepard_arcan_combi'!$C:$C, $C5), SUMIFS('ongresinc-stackgres_arcan_combi'!O:O, 'ongresinc-stackgres_arcan_combi'!$A:$A, $A5, 'ongresinc-stackgres_arcan_combi'!$B:$B, $B5, 'ongresinc-stackgres_arcan_combi'!$C:$C, $C5)), "") | P5: =IF( AND(SUMIFS('dlr-shepard-shepard_arcan_combi'!P:P, 'dlr-shepard-shepard_arcan_combi'!$A:$A, $A5, 'dlr-shepard-shepard_arcan_combi'!$B:$B, $B5, 'dlr-shepard-shepard_arcan_combi'!$C:$C, $C5), SUMIFS('ongresinc-stackgres_arcan_combi'!P:P, 'ongresinc-stackgres_arcan_combi'!$A:$A, $A5, 'ongresinc-stackgres_arcan_combi'!$B:$B, $B5, 'ongresinc-stackgres_arcan_combi'!$C:$C, $C5)), AVERAGE( SUMIFS('dlr-shepard-shepard_arcan_combi'!P:P, 'dlr-shepard-shepard_arcan_combi'!$A:$A, $A5, 'dlr-shepard-shepard_arcan_combi'!$B:$B, $B5, 'dlr-shepard-shepard_arcan_combi'!$C:$C, $C5), SUMIFS('ongresinc-stackgres_arcan_combi'!P:P, 'ongresinc-stackgres_arcan_combi'!$A:$A, $A5, 'ongresinc-stackgres_arcan_combi'!$B:$B, $B5, 'ongresinc-stackgres_arcan_combi'!$C:$C, $C5)), "") | Q5: =IF( AND(SUMIFS('dlr-shepard-shepard_arcan_combi'!Q:Q, 'dlr-shepard-shepard_arcan_combi'!$A:$A, $A5, 'dlr-shepard-shepard_arcan_combi'!$B:$B, $B5, 'dlr-shepard-shepard_arcan_combi'!$C:$C, $C5), SUMIFS('ongresinc-stackgres_arcan_combi'!Q:Q, 'ongresinc-stackgres_arcan_combi'!$A:$A, $A5, 'ongresinc-stackgres_arcan_combi'!$B:$B, $B5, 'ongresinc-stackgres_arcan_combi'!$C:$C, $C5)), AVERAGE( SUMIFS('dlr-shepard-shepard_arcan_combi'!Q:Q, 'dlr-shepard-shepard_arcan_combi'!$A:$A, $A5, 'dlr-shepard-shepard_arcan_combi'!$B:$B, $B5, 'dlr-shepard-shepard_arcan_combi'!$C:$C, $C5), SUMIFS('ongresinc-stackgres_arcan_combi'!Q:Q, 'ongresinc-stackgres_arcan_combi'!$A:$A, $A5, 'ongresinc-stackgres_arcan_combi'!$B:$B, $B5, 'ongresinc-stackgres_arcan_combi'!$C:$C, $C5)), "") | R5: =IF( AND(SUMIFS('dlr-shepard-shepard_arcan_combi'!R:R, 'dlr-shepard-shepard_arcan_combi'!$A:$A, $A5, 'dlr-shepard-shepard_arcan_combi'!$B:$B, $B5, 'dlr-shepard-shepard_arcan_combi'!$C:$C, $C5), SUMIFS('ongresinc-stackgres_arcan_combi'!R:R, 'ongresinc-stackgres_arcan_combi'!$A:$A, $A5, 'ongresinc-stackgres_arcan_combi'!$B:$B, $B5, 'ongresinc-stackgres_arcan_combi'!$C:$C, $C5)), AVERAGE( SUMIFS('dlr-shepard-shepard_arcan_combi'!R:R, 'dlr-shepard-shepard_arcan_combi'!$A:$A, $A5, 'dlr-shepard-shepard_arcan_combi'!$B:$B, $B5, 'dlr-shepard-shepard_arcan_combi'!$C:$C, $C5), SUMIFS('ongresinc-stackgres_arcan_combi'!R:R, 'ongresinc-stackgres_arcan_combi'!$A:$A, $A5, 'ongresinc-stackgres_arcan_combi'!$B:$B, $B5, 'ongresinc-stackgres_arcan_combi'!$C:$C, $C5)), "") | S5: =IF( AND(SUMIFS('dlr-shepard-shepard_arcan_combi'!S:S, 'dlr-shepard-shepard_arcan_combi'!$A:$A, $A5, 'dlr-shepard-shepard_arcan_combi'!$B:$B, $B5, 'dlr-shepard-shepard_arcan_combi'!$C:$C, $C5), SUMIFS('ongresinc-stackgres_arcan_combi'!S:S, 'ongresinc-stackgres_arcan_combi'!$A:$A, $A5, 'ongresinc-stackgres_arcan_combi'!$B:$B, $B5, 'ongresinc-stackgres_arcan_combi'!$C:$C, $C5)), AVERAGE( SUMIFS('dlr-shepard-shepard_arcan_combi'!S:S, 'dlr-shepard-shepard_arcan_combi'!$A:$A, $A5, 'dlr-shepard-shepard_arcan_combi'!$B:$B, $B5, 'dlr-shepard-shepard_arcan_combi'!$C:$C, $C5), SUMIFS('ongresinc-stackgres_arcan_combi'!S:S, 'ongresinc-stackgres_arcan_combi'!$A:$A, $A5, 'ongresinc-stackgres_arcan_combi'!$B:$B, $B5, 'ongresinc-stackgres_arcan_combi'!$C:$C, $C5)), "") | T5: =IF( AND(SUMIFS('dlr-shepard-shepard_arcan_combi'!T:T, 'dlr-shepard-shepard_arcan_combi'!$A:$A, $A5, 'dlr-shepard-shepard_arcan_combi'!$B:$B, $B5, 'dlr-shepard-shepard_arcan_combi'!$C:$C, $C5), SUMIFS('ongresinc-stackgres_arcan_combi'!T:T, 'ongresinc-stackgres_arcan_combi'!$A:$A, $A5, 'ongresinc-stackgres_arcan_combi'!$B:$B, $B5, 'ongresinc-stackgres_arcan_combi'!$C:$C, $C5)), AVERAGE( SUMIFS('dlr-shepard-shepard_arcan_combi'!T:T, 'dlr-shepard-shepard_arcan_combi'!$A:$A, $A5, 'dlr-shepard-shepard_arcan_combi'!$B:$B, $B5, 'dlr-shepard-shepard_arcan_combi'!$C:$C, $C5), SUMIFS('ongresinc-stackgres_arcan_combi'!T:T, 'ongresinc-stackgres_arcan_combi'!$A:$A, $A5, 'ongresinc-stackgres_arcan_combi'!$B:$B, $B5, 'ongresinc-stackgres_arcan_combi'!$C:$C, $C5)), "") | U5: =IF( AND(SUMIFS('dlr-shepard-shepard_arcan_combi'!U:U, 'dlr-shepard-shepard_arcan_combi'!$A:$A, $A5, 'dlr-shepard-shepard_arcan_combi'!$B:$B, $B5, 'dlr-shepard-shepard_arcan_combi'!$C:$C, $C5), SUMIFS('ongresinc-stackgres_arcan_combi'!U:U, 'ongresinc-stackgres_arcan_combi'!$A:$A, $A5, 'ongresinc-stackgres_arcan_combi'!$B:$B, $B5, 'ongresinc-stackgres_arcan_combi'!$C:$C, $C5)), AVERAGE( SUMIFS('dlr-shepard-shepard_arcan_combi'!U:U, 'dlr-shepard-shepard_arcan_combi'!$A:$A, $A5, 'dlr-shepard-shepard_arcan_combi'!$B:$B, $B5, 'dlr-shepard-shepard_arcan_combi'!$C:$C, $C5), SUMIFS('ongresinc-stackgres_arcan_combi'!U:U, 'ongresinc-stackgres_arcan_combi'!$A:$A, $A5, 'ongresinc-stackgres_arcan_combi'!$B:$B, $B5, 'ongresinc-stackgres_arcan_combi'!$C:$C, $C5)), "")
A6: feedforward_nn | B6: none | C6: openai | D6: 7 | E6: =IF( AND(SUMIFS('dlr-shepard-shepard_arcan_combi'!E:E, 'dlr-shepard-shepard_arcan_combi'!$A:$A, $A6, 'dlr-shepard-shepard_arcan_combi'!$B:$B, $B6, 'dlr-shepard-shepard_arcan_combi'!$C:$C, $C6), SUMIFS('ongresinc-stackgres_arcan_combi'!E:E, 'ongresinc-stackgres_arcan_combi'!$A:$A, $A6, 'ongresinc-stackgres_arcan_combi'!$B:$B, $B6, 'ongresinc-stackgres_arcan_combi'!$C:$C, $C6)), AVERAGE( SUMIFS('dlr-shepard-shepard_arcan_combi'!E:E, 'dlr-shepard-shepard_arcan_combi'!$A:$A, $A6, 'dlr-shepard-shepard_arcan_combi'!$B:$B, $B6, 'dlr-shepard-shepard_arcan_combi'!$C:$C, $C6), SUMIFS('ongresinc-stackgres_arcan_combi'!E:E, 'ongresinc-stackgres_arcan_combi'!$A:$A, $A6, 'ongresinc-stackgres_arcan_combi'!$B:$B, $B6, 'ongresinc-stackgres_arcan_combi'!$C:$C, $C6)), "") | F6: =IF( AND(SUMIFS('dlr-shepard-shepard_arcan_combi'!F:F, 'dlr-shepard-shepard_arcan_combi'!$A:$A, $A6, 'dlr-shepard-shepard_arcan_combi'!$B:$B, $B6, 'dlr-shepard-shepard_arcan_combi'!$C:$C, $C6), SUMIFS('ongresinc-stackgres_arcan_combi'!F:F, 'ongresinc-stackgres_arcan_combi'!$A:$A, $A6, 'ongresinc-stackgres_arcan_combi'!$B:$B, $B6, 'ongresinc-stackgres_arcan_combi'!$C:$C, $C6)), AVERAGE( SUMIFS('dlr-shepard-shepard_arcan_combi'!F:F, 'dlr-shepard-shepard_arcan_combi'!$A:$A, $A6, 'dlr-shepard-shepard_arcan_combi'!$B:$B, $B6, 'dlr-shepard-shepard_arcan_combi'!$C:$C, $C6), SUMIFS('ongresinc-stackgres_arcan_combi'!F:F, 'ongresinc-stackgres_arcan_combi'!$A:$A, $A6, 'ongresinc-stackgres_arcan_combi'!$B:$B, $B6, 'ongresinc-stackgres_arcan_combi'!$C:$C, $C6)), "") | G6: =IF( AND(SUMIFS('dlr-shepard-shepard_arcan_combi'!G:G, 'dlr-shepard-shepard_arcan_combi'!$A:$A, $A6, 'dlr-shepard-shepard_arcan_combi'!$B:$B, $B6, 'dlr-shepard-shepard_arcan_combi'!$C:$C, $C6), SUMIFS('ongresinc-stackgres_arcan_combi'!G:G, 'ongresinc-stackgres_arcan_combi'!$A:$A, $A6, 'ongresinc-stackgres_arcan_combi'!$B:$B, $B6, 'ongresinc-stackgres_arcan_combi'!$C:$C, $C6)), AVERAGE( SUMIFS('dlr-shepard-shepard_arcan_combi'!G:G, 'dlr-shepard-shepard_arcan_combi'!$A:$A, $A6, 'dlr-shepard-shepard_arcan_combi'!$B:$B, $B6, 'dlr-shepard-shepard_arcan_combi'!$C:$C, $C6), SUMIFS('ongresinc-stackgres_arcan_combi'!G:G, 'ongresinc-stackgres_arcan_combi'!$A:$A, $A6, 'ongresinc-stackgres_arcan_combi'!$B:$B, $B6, 'ongresinc-stackgres_arcan_combi'!$C:$C, $C6)), "") | H6: =IF( AND(SUMIFS('dlr-shepard-shepard_arcan_combi'!H:H, 'dlr-shepard-shepard_arcan_combi'!$A:$A, $A6, 'dlr-shepard-shepard_arcan_combi'!$B:$B, $B6, 'dlr-shepard-shepard_arcan_combi'!$C:$C, $C6), SUMIFS('ongresinc-stackgres_arcan_combi'!H:H, 'ongresinc-stackgres_arcan_combi'!$A:$A, $A6, 'ongresinc-stackgres_arcan_combi'!$B:$B, $B6, 'ongresinc-stackgres_arcan_combi'!$C:$C, $C6)), AVERAGE( SUMIFS('dlr-shepard-shepard_arcan_combi'!H:H, 'dlr-shepard-shepard_arcan_combi'!$A:$A, $A6, 'dlr-shepard-shepard_arcan_combi'!$B:$B, $B6, 'dlr-shepard-shepard_arcan_combi'!$C:$C, $C6), SUMIFS('ongresinc-stackgres_arcan_combi'!H:H, 'ongresinc-stackgres_arcan_combi'!$A:$A, $A6, 'ongresinc-stackgres_arcan_combi'!$B:$B, $B6, 'ongresinc-stackgres_arcan_combi'!$C:$C, $C6)), "") | I6: =IF( AND(SUMIFS('dlr-shepard-shepard_arcan_combi'!I:I, 'dlr-shepard-shepard_arcan_combi'!$A:$A, $A6, 'dlr-shepard-shepard_arcan_combi'!$B:$B, $B6, 'dlr-shepard-shepard_arcan_combi'!$C:$C, $C6), SUMIFS('ongresinc-stackgres_arcan_combi'!I:I, 'ongresinc-stackgres_arcan_combi'!$A:$A, $A6, 'ongresinc-stackgres_arcan_combi'!$B:$B, $B6, 'ongresinc-stackgres_arcan_combi'!$C:$C, $C6)), AVERAGE( SUMIFS('dlr-shepard-shepard_arcan_combi'!I:I, 'dlr-shepard-shepard_arcan_combi'!$A:$A, $A6, 'dlr-shepard-shepard_arcan_combi'!$B:$B, $B6, 'dlr-shepard-shepard_arcan_combi'!$C:$C, $C6), SUMIFS('ongresinc-stackgres_arcan_combi'!I:I, 'ongresinc-stackgres_arcan_combi'!$A:$A, $A6, 'ongresinc-stackgres_arcan_combi'!$B:$B, $B6, 'ongresinc-stackgres_arcan_combi'!$C:$C, $C6)), "") | J6: =IF( AND(SUMIFS('dlr-shepard-shepard_arcan_combi'!J:J, 'dlr-shepard-shepard_arcan_combi'!$A:$A, $A6, 'dlr-shepard-shepard_arcan_combi'!$B:$B, $B6, 'dlr-shepard-shepard_arcan_combi'!$C:$C, $C6), SUMIFS('ongresinc-stackgres_arcan_combi'!J:J, 'ongresinc-stackgres_arcan_combi'!$A:$A, $A6, 'ongresinc-stackgres_arcan_combi'!$B:$B, $B6, 'ongresinc-stackgres_arcan_combi'!$C:$C, $C6)), AVERAGE( SUMIFS('dlr-shepard-shepard_arcan_combi'!J:J, 'dlr-shepard-shepard_arcan_combi'!$A:$A, $A6, 'dlr-shepard-shepard_arcan_combi'!$B:$B, $B6, 'dlr-shepard-shepard_arcan_combi'!$C:$C, $C6), SUMIFS('ongresinc-stackgres_arcan_combi'!J:J, 'ongresinc-stackgres_arcan_combi'!$A:$A, $A6, 'ongresinc-stackgres_arcan_combi'!$B:$B, $B6, 'ongresinc-stackgres_arcan_combi'!$C:$C, $C6)), "") | K6: =IF( AND(SUMIFS('dlr-shepard-shepard_arcan_combi'!K:K, 'dlr-shepard-shepard_arcan_combi'!$A:$A, $A6, 'dlr-shepard-shepard_arcan_combi'!$B:$B, $B6, 'dlr-shepard-shepard_arcan_combi'!$C:$C, $C6), SUMIFS('ongresinc-stackgres_arcan_combi'!K:K, 'ongresinc-stackgres_arcan_combi'!$A:$A, $A6, 'ongresinc-stackgres_arcan_combi'!$B:$B, $B6, 'ongresinc-stackgres_arcan_combi'!$C:$C, $C6)), AVERAGE( SUMIFS('dlr-shepard-shepard_arcan_combi'!K:K, 'dlr-shepard-shepard_arcan_combi'!$A:$A, $A6, 'dlr-shepard-shepard_arcan_combi'!$B:$B, $B6, 'dlr-shepard-shepard_arcan_combi'!$C:$C, $C6), SUMIFS('ongresinc-stackgres_arcan_combi'!K:K, 'ongresinc-stackgres_arcan_combi'!$A:$A, $A6, 'ongresinc-stackgres_arcan_combi'!$B:$B, $B6, 'ongresinc-stackgres_arcan_combi'!$C:$C, $C6)), "") | L6: =IF( AND(SUMIFS('dlr-shepard-shepard_arcan_combi'!L:L, 'dlr-shepard-shepard_arcan_combi'!$A:$A, $A6, 'dlr-shepard-shepard_arcan_combi'!$B:$B, $B6, 'dlr-shepard-shepard_arcan_combi'!$C:$C, $C6), SUMIFS('ongresinc-stackgres_arcan_combi'!L:L, 'ongresinc-stackgres_arcan_combi'!$A:$A, $A6, 'ongresinc-stackgres_arcan_combi'!$B:$B, $B6, 'ongresinc-stackgres_arcan_combi'!$C:$C, $C6)), AVERAGE( SUMIFS('dlr-shepard-shepard_arcan_combi'!L:L, 'dlr-shepard-shepard_arcan_combi'!$A:$A, $A6, 'dlr-shepard-shepard_arcan_combi'!$B:$B, $B6, 'dlr-shepard-shepard_arcan_combi'!$C:$C, $C6), SUMIFS('ongresinc-stackgres_arcan_combi'!L:L, 'ongresinc-stackgres_arcan_combi'!$A:$A, $A6, 'ongresinc-stackgres_arcan_combi'!$B:$B, $B6, 'ongresinc-stackgres_arcan_combi'!$C:$C, $C6)), "") | M6: =IF( AND(SUMIFS('dlr-shepard-shepard_arcan_combi'!M:M, 'dlr-shepard-shepard_arcan_combi'!$A:$A, $A6, 'dlr-shepard-shepard_arcan_combi'!$B:$B, $B6, 'dlr-shepard-shepard_arcan_combi'!$C:$C, $C6), SUMIFS('ongresinc-stackgres_arcan_combi'!M:M, 'ongresinc-stackgres_arcan_combi'!$A:$A, $A6, 'ongresinc-stackgres_arcan_combi'!$B:$B, $B6, 'ongresinc-stackgres_arcan_combi'!$C:$C, $C6)), AVERAGE( SUMIFS('dlr-shepard-shepard_arcan_combi'!M:M, 'dlr-shepard-shepard_arcan_combi'!$A:$A, $A6, 'dlr-shepard-shepard_arcan_combi'!$B:$B, $B6, 'dlr-shepard-shepard_arcan_combi'!$C:$C, $C6), SUMIFS('ongresinc-stackgres_arcan_combi'!M:M, 'ongresinc-stackgres_arcan_combi'!$A:$A, $A6, 'ongresinc-stackgres_arcan_combi'!$B:$B, $B6, 'ongresinc-stackgres_arcan_combi'!$C:$C, $C6)), "") | N6: =IF( AND(SUMIFS('dlr-shepard-shepard_arcan_combi'!N:N, 'dlr-shepard-shepard_arcan_combi'!$A:$A, $A6, 'dlr-shepard-shepard_arcan_combi'!$B:$B, $B6, 'dlr-shepard-shepard_arcan_combi'!$C:$C, $C6), SUMIFS('ongresinc-stackgres_arcan_combi'!N:N, 'ongresinc-stackgres_arcan_combi'!$A:$A, $A6, 'ongresinc-stackgres_arcan_combi'!$B:$B, $B6, 'ongresinc-stackgres_arcan_combi'!$C:$C, $C6)), AVERAGE( SUMIFS('dlr-shepard-shepard_arcan_combi'!N:N, 'dlr-shepard-shepard_arcan_combi'!$A:$A, $A6, 'dlr-shepard-shepard_arcan_combi'!$B:$B, $B6, 'dlr-shepard-shepard_arcan_combi'!$C:$C, $C6), SUMIFS('ongresinc-stackgres_arcan_combi'!N:N, 'ongresinc-stackgres_arcan_combi'!$A:$A, $A6, 'ongresinc-stackgres_arcan_combi'!$B:$B, $B6, 'ongresinc-stackgres_arcan_combi'!$C:$C, $C6)), "") | O6: =IF( AND(SUMIFS('dlr-shepard-shepard_arcan_combi'!O:O, 'dlr-shepard-shepard_arcan_combi'!$A:$A, $A6, 'dlr-shepard-shepard_arcan_combi'!$B:$B, $B6, 'dlr-shepard-shepard_arcan_combi'!$C:$C, $C6), SUMIFS('ongresinc-stackgres_arcan_combi'!O:O, 'ongresinc-stackgres_arcan_combi'!$A:$A, $A6, 'ongresinc-stackgres_arcan_combi'!$B:$B, $B6, 'ongresinc-stackgres_arcan_combi'!$C:$C, $C6)), AVERAGE( SUMIFS('dlr-shepard-shepard_arcan_combi'!O:O, 'dlr-shepard-shepard_arcan_combi'!$A:$A, $A6, 'dlr-shepard-shepard_arcan_combi'!$B:$B, $B6, 'dlr-shepard-shepard_arcan_combi'!$C:$C, $C6), SUMIFS('ongresinc-stackgres_arcan_combi'!O:O, 'ongresinc-stackgres_arcan_combi'!$A:$A, $A6, 'ongresinc-stackgres_arcan_combi'!$B:$B, $B6, 'ongresinc-stackgres_arcan_combi'!$C:$C, $C6)), "") | P6: =IF( AND(SUMIFS('dlr-shepard-shepard_arcan_combi'!P:P, 'dlr-shepard-shepard_arcan_combi'!$A:$A, $A6, 'dlr-shepard-shepard_arcan_combi'!$B:$B, $B6, 'dlr-shepard-shepard_arcan_combi'!$C:$C, $C6), SUMIFS('ongresinc-stackgres_arcan_combi'!P:P, 'ongresinc-stackgres_arcan_combi'!$A:$A, $A6, 'ongresinc-stackgres_arcan_combi'!$B:$B, $B6, 'ongresinc-stackgres_arcan_combi'!$C:$C, $C6)), AVERAGE( SUMIFS('dlr-shepard-shepard_arcan_combi'!P:P, 'dlr-shepard-shepard_arcan_combi'!$A:$A, $A6, 'dlr-shepard-shepard_arcan_combi'!$B:$B, $B6, 'dlr-shepard-shepard_arcan_combi'!$C:$C, $C6), SUMIFS('ongresinc-stackgres_arcan_combi'!P:P, 'ongresinc-stackgres_arcan_combi'!$A:$A, $A6, 'ongresinc-stackgres_arcan_combi'!$B:$B, $B6, 'ongresinc-stackgres_arcan_combi'!$C:$C, $C6)), "") | Q6: =IF( AND(SUMIFS('dlr-shepard-shepard_arcan_combi'!Q:Q, 'dlr-shepard-shepard_arcan_combi'!$A:$A, $A6, 'dlr-shepard-shepard_arcan_combi'!$B:$B, $B6, 'dlr-shepard-shepard_arcan_combi'!$C:$C, $C6), SUMIFS('ongresinc-stackgres_arcan_combi'!Q:Q, 'ongresinc-stackgres_arcan_combi'!$A:$A, $A6, 'ongresinc-stackgres_arcan_combi'!$B:$B, $B6, 'ongresinc-stackgres_arcan_combi'!$C:$C, $C6)), AVERAGE( SUMIFS('dlr-shepard-shepard_arcan_combi'!Q:Q, 'dlr-shepard-shepard_arcan_combi'!$A:$A, $A6, 'dlr-shepard-shepard_arcan_combi'!$B:$B, $B6, 'dlr-shepard-shepard_arcan_combi'!$C:$C, $C6), SUMIFS('ongresinc-stackgres_arcan_combi'!Q:Q, 'ongresinc-stackgres_arcan_combi'!$A:$A, $A6, 'ongresinc-stackgres_arcan_combi'!$B:$B, $B6, 'ongresinc-stackgres_arcan_combi'!$C:$C, $C6)), "") | R6: =IF( AND(SUMIFS('dlr-shepard-shepard_arcan_combi'!R:R, 'dlr-shepard-shepard_arcan_combi'!$A:$A, $A6, 'dlr-shepard-shepard_arcan_combi'!$B:$B, $B6, 'dlr-shepard-shepard_arcan_combi'!$C:$C, $C6), SUMIFS('ongresinc-stackgres_arcan_combi'!R:R, 'ongresinc-stackgres_arcan_combi'!$A:$A, $A6, 'ongresinc-stackgres_arcan_combi'!$B:$B, $B6, 'ongresinc-stackgres_arcan_combi'!$C:$C, $C6)), AVERAGE( SUMIFS('dlr-shepard-shepard_arcan_combi'!R:R, 'dlr-shepard-shepard_arcan_combi'!$A:$A, $A6, 'dlr-shepard-shepard_arcan_combi'!$B:$B, $B6, 'dlr-shepard-shepard_arcan_combi'!$C:$C, $C6), SUMIFS('ongresinc-stackgres_arcan_combi'!R:R, 'ongresinc-stackgres_arcan_combi'!$A:$A, $A6, 'ongresinc-stackgres_arcan_combi'!$B:$B, $B6, 'ongresinc-stackgres_arcan_combi'!$C:$C, $C6)), "") | S6: =IF( AND(SUMIFS('dlr-shepard-shepard_arcan_combi'!S:S, 'dlr-shepard-shepard_arcan_combi'!$A:$A, $A6, 'dlr-shepard-shepard_arcan_combi'!$B:$B, $B6, 'dlr-shepard-shepard_arcan_combi'!$C:$C, $C6), SUMIFS('ongresinc-stackgres_arcan_combi'!S:S, 'ongresinc-stackgres_arcan_combi'!$A:$A, $A6, 'ongresinc-stackgres_arcan_combi'!$B:$B, $B6, 'ongresinc-stackgres_arcan_combi'!$C:$C, $C6)), AVERAGE( SUMIFS('dlr-shepard-shepard_arcan_combi'!S:S, 'dlr-shepard-shepard_arcan_combi'!$A:$A, $A6, 'dlr-shepard-shepard_arcan_combi'!$B:$B, $B6, 'dlr-shepard-shepard_arcan_combi'!$C:$C, $C6), SUMIFS('ongresinc-stackgres_arcan_combi'!S:S, 'ongresinc-stackgres_arcan_combi'!$A:$A, $A6, 'ongresinc-stackgres_arcan_combi'!$B:$B, $B6, 'ongresinc-stackgres_arcan_combi'!$C:$C, $C6)), "") | T6: =IF( AND(SUMIFS('dlr-shepard-shepard_arcan_combi'!T:T, 'dlr-shepard-shepard_arcan_combi'!$A:$A, $A6, 'dlr-shepard-shepard_arcan_combi'!$B:$B, $B6, 'dlr-shepard-shepard_arcan_combi'!$C:$C, $C6), SUMIFS('ongresinc-stackgres_arcan_combi'!T:T, 'ongresinc-stackgres_arcan_combi'!$A:$A, $A6, 'ongresinc-stackgres_arcan_combi'!$B:$B, $B6, 'ongresinc-stackgres_arcan_combi'!$C:$C, $C6)), AVERAGE( SUMIFS('dlr-shepard-shepard_arcan_combi'!T:T, 'dlr-shepard-shepard_arcan_combi'!$A:$A, $A6, 'dlr-shepard-shepard_arcan_combi'!$B:$B, $B6, 'dlr-shepard-shepard_arcan_combi'!$C:$C, $C6), SUMIFS('ongresinc-stackgres_arcan_combi'!T:T, 'ongresinc-stackgres_arcan_combi'!$A:$A, $A6, 'ongresinc-stackgres_arcan_combi'!$B:$B, $B6, 'ongresinc-stackgres_arcan_combi'!$C:$C, $C6)), "") | U6: =IF( AND(SUMIFS('dlr-shepard-shepard_arcan_combi'!U:U, 'dlr-shepard-shepard_arcan_combi'!$A:$A, $A6, 'dlr-shepard-shepard_arcan_combi'!$B:$B, $B6, 'dlr-shepard-shepard_arcan_combi'!$C:$C, $C6), SUMIFS('ongresinc-stackgres_arcan_combi'!U:U, 'ongresinc-stackgres_arcan_combi'!$A:$A, $A6, 'ongresinc-stackgres_arcan_combi'!$B:$B, $B6, 'ongresinc-stackgres_arcan_combi'!$C:$C, $C6)), AVERAGE( SUMIFS('dlr-shepard-shepard_arcan_combi'!U:U, 'dlr-shepard-shepard_arcan_combi'!$A:$A, $A6, 'dlr-shepard-shepard_arcan_combi'!$B:$B, $B6, 'dlr-shepard-shepard_arcan_combi'!$C:$C, $C6), SUMIFS('ongresinc-stackgres_arcan_combi'!U:U, 'ongresinc-stackgres_arcan_combi'!$A:$A, $A6, 'ongresinc-stackgres_arcan_combi'!$B:$B, $B6, 'ongresinc-stackgres_arcan_combi'!$C:$C, $C6)), "")
A7: feedforward_nn | B7: class_weight | C7: openai | D7: 7 | E7: =IF( AND(SUMIFS('dlr-shepard-shepard_arcan_combi'!E:E, 'dlr-shepard-shepard_arcan_combi'!$A:$A, $A7, 'dlr-shepard-shepard_arcan_combi'!$B:$B, $B7, 'dlr-shepard-shepard_arcan_combi'!$C:$C, $C7), SUMIFS('ongresinc-stackgres_arcan_combi'!E:E, 'ongresinc-stackgres_arcan_combi'!$A:$A, $A7, 'ongresinc-stackgres_arcan_combi'!$B:$B, $B7, 'ongresinc-stackgres_arcan_combi'!$C:$C, $C7)), AVERAGE( SUMIFS('dlr-shepard-shepard_arcan_combi'!E:E, 'dlr-shepard-shepard_arcan_combi'!$A:$A, $A7, 'dlr-shepard-shepard_arcan_combi'!$B:$B, $B7, 'dlr-shepard-shepard_arcan_combi'!$C:$C, $C7), SUMIFS('ongresinc-stackgres_arcan_combi'!E:E, 'ongresinc-stackgres_arcan_combi'!$A:$A, $A7, 'ongresinc-stackgres_arcan_combi'!$B:$B, $B7, 'ongresinc-stackgres_arcan_combi'!$C:$C, $C7)), "") | F7: =IF( AND(SUMIFS('dlr-shepard-shepard_arcan_combi'!F:F, 'dlr-shepard-shepard_arcan_combi'!$A:$A, $A7, 'dlr-shepard-shepard_arcan_combi'!$B:$B, $B7, 'dlr-shepard-shepard_arcan_combi'!$C:$C, $C7), SUMIFS('ongresinc-stackgres_arcan_combi'!F:F, 'ongresinc-stackgres_arcan_combi'!$A:$A, $A7, 'ongresinc-stackgres_arcan_combi'!$B:$B, $B7, 'ongresinc-stackgres_arcan_combi'!$C:$C, $C7)), AVERAGE( SUMIFS('dlr-shepard-shepard_arcan_combi'!F:F, 'dlr-shepard-shepard_arcan_combi'!$A:$A, $A7, 'dlr-shepard-shepard_arcan_combi'!$B:$B, $B7, 'dlr-shepard-shepard_arcan_combi'!$C:$C, $C7), SUMIFS('ongresinc-stackgres_arcan_combi'!F:F, 'ongresinc-stackgres_arcan_combi'!$A:$A, $A7, 'ongresinc-stackgres_arcan_combi'!$B:$B, $B7, 'ongresinc-stackgres_arcan_combi'!$C:$C, $C7)), "") | G7: =IF( AND(SUMIFS('dlr-shepard-shepard_arcan_combi'!G:G, 'dlr-shepard-shepard_arcan_combi'!$A:$A, $A7, 'dlr-shepard-shepard_arcan_combi'!$B:$B, $B7, 'dlr-shepard-shepard_arcan_combi'!$C:$C, $C7), SUMIFS('ongresinc-stackgres_arcan_combi'!G:G, 'ongresinc-stackgres_arcan_combi'!$A:$A, $A7, 'ongresinc-stackgres_arcan_combi'!$B:$B, $B7, 'ongresinc-stackgres_arcan_combi'!$C:$C, $C7)), AVERAGE( SUMIFS('dlr-shepard-shepard_arcan_combi'!G:G, 'dlr-shepard-shepard_arcan_combi'!$A:$A, $A7, 'dlr-shepard-shepard_arcan_combi'!$B:$B, $B7, 'dlr-shepard-shepard_arcan_combi'!$C:$C, $C7), SUMIFS('ongresinc-stackgres_arcan_combi'!G:G, 'ongresinc-stackgres_arcan_combi'!$A:$A, $A7, 'ongresinc-stackgres_arcan_combi'!$B:$B, $B7, 'ongresinc-stackgres_arcan_combi'!$C:$C, $C7)), "") | H7: =IF( AND(SUMIFS('dlr-shepard-shepard_arcan_combi'!H:H, 'dlr-shepard-shepard_arcan_combi'!$A:$A, $A7, 'dlr-shepard-shepard_arcan_combi'!$B:$B, $B7, 'dlr-shepard-shepard_arcan_combi'!$C:$C, $C7), SUMIFS('ongresinc-stackgres_arcan_combi'!H:H, 'ongresinc-stackgres_arcan_combi'!$A:$A, $A7, 'ongresinc-stackgres_arcan_combi'!$B:$B, $B7, 'ongresinc-stackgres_arcan_combi'!$C:$C, $C7)), AVERAGE( SUMIFS('dlr-shepard-shepard_arcan_combi'!H:H, 'dlr-shepard-shepard_arcan_combi'!$A:$A, $A7, 'dlr-shepard-shepard_arcan_combi'!$B:$B, $B7, 'dlr-shepard-shepard_arcan_combi'!$C:$C, $C7), SUMIFS('ongresinc-stackgres_arcan_combi'!H:H, 'ongresinc-stackgres_arcan_combi'!$A:$A, $A7, 'ongresinc-stackgres_arcan_combi'!$B:$B, $B7, 'ongresinc-stackgres_arcan_combi'!$C:$C, $C7)), "") | I7: =IF( AND(SUMIFS('dlr-shepard-shepard_arcan_combi'!I:I, 'dlr-shepard-shepard_arcan_combi'!$A:$A, $A7, 'dlr-shepard-shepard_arcan_combi'!$B:$B, $B7, 'dlr-shepard-shepard_arcan_combi'!$C:$C, $C7), SUMIFS('ongresinc-stackgres_arcan_combi'!I:I, 'ongresinc-stackgres_arcan_combi'!$A:$A, $A7, 'ongresinc-stackgres_arcan_combi'!$B:$B, $B7, 'ongresinc-stackgres_arcan_combi'!$C:$C, $C7)), AVERAGE( SUMIFS('dlr-shepard-shepard_arcan_combi'!I:I, 'dlr-shepard-shepard_arcan_combi'!$A:$A, $A7, 'dlr-shepard-shepard_arcan_combi'!$B:$B, $B7, 'dlr-shepard-shepard_arcan_combi'!$C:$C, $C7), SUMIFS('ongresinc-stackgres_arcan_combi'!I:I, 'ongresinc-stackgres_arcan_combi'!$A:$A, $A7, 'ongresinc-stackgres_arcan_combi'!$B:$B, $B7, 'ongresinc-stackgres_arcan_combi'!$C:$C, $C7)), "") | J7: =IF( AND(SUMIFS('dlr-shepard-shepard_arcan_combi'!J:J, 'dlr-shepard-shepard_arcan_combi'!$A:$A, $A7, 'dlr-shepard-shepard_arcan_combi'!$B:$B, $B7, 'dlr-shepard-shepard_arcan_combi'!$C:$C, $C7), SUMIFS('ongresinc-stackgres_arcan_combi'!J:J, 'ongresinc-stackgres_arcan_combi'!$A:$A, $A7, 'ongresinc-stackgres_arcan_combi'!$B:$B, $B7, 'ongresinc-stackgres_arcan_combi'!$C:$C, $C7)), AVERAGE( SUMIFS('dlr-shepard-shepard_arcan_combi'!J:J, 'dlr-shepard-shepard_arcan_combi'!$A:$A, $A7, 'dlr-shepard-shepard_arcan_combi'!$B:$B, $B7, 'dlr-shepard-shepard_arcan_combi'!$C:$C, $C7), SUMIFS('ongresinc-stackgres_arcan_combi'!J:J, 'ongresinc-stackgres_arcan_combi'!$A:$A, $A7, 'ongresinc-stackgres_arcan_combi'!$B:$B, $B7, 'ongresinc-stackgres_arcan_combi'!$C:$C, $C7)), "") | K7: =IF( AND(SUMIFS('dlr-shepard-shepard_arcan_combi'!K:K, 'dlr-shepard-shepard_arcan_combi'!$A:$A, $A7, 'dlr-shepard-shepard_arcan_combi'!$B:$B, $B7, 'dlr-shepard-shepard_arcan_combi'!$C:$C, $C7), SUMIFS('ongresinc-stackgres_arcan_combi'!K:K, 'ongresinc-stackgres_arcan_combi'!$A:$A, $A7, 'ongresinc-stackgres_arcan_combi'!$B:$B, $B7, 'ongresinc-stackgres_arcan_combi'!$C:$C, $C7)), AVERAGE( SUMIFS('dlr-shepard-shepard_arcan_combi'!K:K, 'dlr-shepard-shepard_arcan_combi'!$A:$A, $A7, 'dlr-shepard-shepard_arcan_combi'!$B:$B, $B7, 'dlr-shepard-shepard_arcan_combi'!$C:$C, $C7), SUMIFS('ongresinc-stackgres_arcan_combi'!K:K, 'ongresinc-stackgres_arcan_combi'!$A:$A, $A7, 'ongresinc-stackgres_arcan_combi'!$B:$B, $B7, 'ongresinc-stackgres_arcan_combi'!$C:$C, $C7)), "") | L7: =IF( AND(SUMIFS('dlr-shepard-shepard_arcan_combi'!L:L, 'dlr-shepard-shepard_arcan_combi'!$A:$A, $A7, 'dlr-shepard-shepard_arcan_combi'!$B:$B, $B7, 'dlr-shepard-shepard_arcan_combi'!$C:$C, $C7), SUMIFS('ongresinc-stackgres_arcan_combi'!L:L, 'ongresinc-stackgres_arcan_combi'!$A:$A, $A7, 'ongresinc-stackgres_arcan_combi'!$B:$B, $B7, 'ongresinc-stackgres_arcan_combi'!$C:$C, $C7)), AVERAGE( SUMIFS('dlr-shepard-shepard_arcan_combi'!L:L, 'dlr-shepard-shepard_arcan_combi'!$A:$A, $A7, 'dlr-shepard-shepard_arcan_combi'!$B:$B, $B7, 'dlr-shepard-shepard_arcan_combi'!$C:$C, $C7), SUMIFS('ongresinc-stackgres_arcan_combi'!L:L, 'ongresinc-stackgres_arcan_combi'!$A:$A, $A7, 'ongresinc-stackgres_arcan_combi'!$B:$B, $B7, 'ongresinc-stackgres_arcan_combi'!$C:$C, $C7)), "") | M7: =IF( AND(SUMIFS('dlr-shepard-shepard_arcan_combi'!M:M, 'dlr-shepard-shepard_arcan_combi'!$A:$A, $A7, 'dlr-shepard-shepard_arcan_combi'!$B:$B, $B7, 'dlr-shepard-shepard_arcan_combi'!$C:$C, $C7), SUMIFS('ongresinc-stackgres_arcan_combi'!M:M, 'ongresinc-stackgres_arcan_combi'!$A:$A, $A7, 'ongresinc-stackgres_arcan_combi'!$B:$B, $B7, 'ongresinc-stackgres_arcan_combi'!$C:$C, $C7)), AVERAGE( SUMIFS('dlr-shepard-shepard_arcan_combi'!M:M, 'dlr-shepard-shepard_arcan_combi'!$A:$A, $A7, 'dlr-shepard-shepard_arcan_combi'!$B:$B, $B7, 'dlr-shepard-shepard_arcan_combi'!$C:$C, $C7), SUMIFS('ongresinc-stackgres_arcan_combi'!M:M, 'ongresinc-stackgres_arcan_combi'!$A:$A, $A7, 'ongresinc-stackgres_arcan_combi'!$B:$B, $B7, 'ongresinc-stackgres_arcan_combi'!$C:$C, $C7)), "") | N7: =IF( AND(SUMIFS('dlr-shepard-shepard_arcan_combi'!N:N, 'dlr-shepard-shepard_arcan_combi'!$A:$A, $A7, 'dlr-shepard-shepard_arcan_combi'!$B:$B, $B7, 'dlr-shepard-shepard_arcan_combi'!$C:$C, $C7), SUMIFS('ongresinc-stackgres_arcan_combi'!N:N, 'ongresinc-stackgres_arcan_combi'!$A:$A, $A7, 'ongresinc-stackgres_arcan_combi'!$B:$B, $B7, 'ongresinc-stackgres_arcan_combi'!$C:$C, $C7)), AVERAGE( SUMIFS('dlr-shepard-shepard_arcan_combi'!N:N, 'dlr-shepard-shepard_arcan_combi'!$A:$A, $A7, 'dlr-shepard-shepard_arcan_combi'!$B:$B, $B7, 'dlr-shepard-shepard_arcan_combi'!$C:$C, $C7), SUMIFS('ongresinc-stackgres_arcan_combi'!N:N, 'ongresinc-stackgres_arcan_combi'!$A:$A, $A7, 'ongresinc-stackgres_arcan_combi'!$B:$B, $B7, 'ongresinc-stackgres_arcan_combi'!$C:$C, $C7)), "") | O7: =IF( AND(SUMIFS('dlr-shepard-shepard_arcan_combi'!O:O, 'dlr-shepard-shepard_arcan_combi'!$A:$A, $A7, 'dlr-shepard-shepard_arcan_combi'!$B:$B, $B7, 'dlr-shepard-shepard_arcan_combi'!$C:$C, $C7), SUMIFS('ongresinc-stackgres_arcan_combi'!O:O, 'ongresinc-stackgres_arcan_combi'!$A:$A, $A7, 'ongresinc-stackgres_arcan_combi'!$B:$B, $B7, 'ongresinc-stackgres_arcan_combi'!$C:$C, $C7)), AVERAGE( SUMIFS('dlr-shepard-shepard_arcan_combi'!O:O, 'dlr-shepard-shepard_arcan_combi'!$A:$A, $A7, 'dlr-shepard-shepard_arcan_combi'!$B:$B, $B7, 'dlr-shepard-shepard_arcan_combi'!$C:$C, $C7), SUMIFS('ongresinc-stackgres_arcan_combi'!O:O, 'ongresinc-stackgres_arcan_combi'!$A:$A, $A7, 'ongresinc-stackgres_arcan_combi'!$B:$B, $B7, 'ongresinc-stackgres_arcan_combi'!$C:$C, $C7)), "") | P7: =IF( AND(SUMIFS('dlr-shepard-shepard_arcan_combi'!P:P, 'dlr-shepard-shepard_arcan_combi'!$A:$A, $A7, 'dlr-shepard-shepard_arcan_combi'!$B:$B, $B7, 'dlr-shepard-shepard_arcan_combi'!$C:$C, $C7), SUMIFS('ongresinc-stackgres_arcan_combi'!P:P, 'ongresinc-stackgres_arcan_combi'!$A:$A, $A7, 'ongresinc-stackgres_arcan_combi'!$B:$B, $B7, 'ongresinc-stackgres_arcan_combi'!$C:$C, $C7)), AVERAGE( SUMIFS('dlr-shepard-shepard_arcan_combi'!P:P, 'dlr-shepard-shepard_arcan_combi'!$A:$A, $A7, 'dlr-shepard-shepard_arcan_combi'!$B:$B, $B7, 'dlr-shepard-shepard_arcan_combi'!$C:$C, $C7), SUMIFS('ongresinc-stackgres_arcan_combi'!P:P, 'ongresinc-stackgres_arcan_combi'!$A:$A, $A7, 'ongresinc-stackgres_arcan_combi'!$B:$B, $B7, 'ongresinc-stackgres_arcan_combi'!$C:$C, $C7)), "") | Q7: =IF( AND(SUMIFS('dlr-shepard-shepard_arcan_combi'!Q:Q, 'dlr-shepard-shepard_arcan_combi'!$A:$A, $A7, 'dlr-shepard-shepard_arcan_combi'!$B:$B, $B7, 'dlr-shepard-shepard_arcan_combi'!$C:$C, $C7), SUMIFS('ongresinc-stackgres_arcan_combi'!Q:Q, 'ongresinc-stackgres_arcan_combi'!$A:$A, $A7, 'ongresinc-stackgres_arcan_combi'!$B:$B, $B7, 'ongresinc-stackgres_arcan_combi'!$C:$C, $C7)), AVERAGE( SUMIFS('dlr-shepard-shepard_arcan_combi'!Q:Q, 'dlr-shepard-shepard_arcan_combi'!$A:$A, $A7, 'dlr-shepard-shepard_arcan_combi'!$B:$B, $B7, 'dlr-shepard-shepard_arcan_combi'!$C:$C, $C7), SUMIFS('ongresinc-stackgres_arcan_combi'!Q:Q, 'ongresinc-stackgres_arcan_combi'!$A:$A, $A7, 'ongresinc-stackgres_arcan_combi'!$B:$B, $B7, 'ongresinc-stackgres_arcan_combi'!$C:$C, $C7)), "") | R7: =IF( AND(SUMIFS('dlr-shepard-shepard_arcan_combi'!R:R, 'dlr-shepard-shepard_arcan_combi'!$A:$A, $A7, 'dlr-shepard-shepard_arcan_combi'!$B:$B, $B7, 'dlr-shepard-shepard_arcan_combi'!$C:$C, $C7), SUMIFS('ongresinc-stackgres_arcan_combi'!R:R, 'ongresinc-stackgres_arcan_combi'!$A:$A, $A7, 'ongresinc-stackgres_arcan_combi'!$B:$B, $B7, 'ongresinc-stackgres_arcan_combi'!$C:$C, $C7)), AVERAGE( SUMIFS('dlr-shepard-shepard_arcan_combi'!R:R, 'dlr-shepard-shepard_arcan_combi'!$A:$A, $A7, 'dlr-shepard-shepard_arcan_combi'!$B:$B, $B7, 'dlr-shepard-shepard_arcan_combi'!$C:$C, $C7), SUMIFS('ongresinc-stackgres_arcan_combi'!R:R, 'ongresinc-stackgres_arcan_combi'!$A:$A, $A7, 'ongresinc-stackgres_arcan_combi'!$B:$B, $B7, 'ongresinc-stackgres_arcan_combi'!$C:$C, $C7)), "") | S7: =IF( AND(SUMIFS('dlr-shepard-shepard_arcan_combi'!S:S, 'dlr-shepard-shepard_arcan_combi'!$A:$A, $A7, 'dlr-shepard-shepard_arcan_combi'!$B:$B, $B7, 'dlr-shepard-shepard_arcan_combi'!$C:$C, $C7), SUMIFS('ongresinc-stackgres_arcan_combi'!S:S, 'ongresinc-stackgres_arcan_combi'!$A:$A, $A7, 'ongresinc-stackgres_arcan_combi'!$B:$B, $B7, 'ongresinc-stackgres_arcan_combi'!$C:$C, $C7)), AVERAGE( SUMIFS('dlr-shepard-shepard_arcan_combi'!S:S, 'dlr-shepard-shepard_arcan_combi'!$A:$A, $A7, 'dlr-shepard-shepard_arcan_combi'!$B:$B, $B7, 'dlr-shepard-shepard_arcan_combi'!$C:$C, $C7), SUMIFS('ongresinc-stackgres_arcan_combi'!S:S, 'ongresinc-stackgres_arcan_combi'!$A:$A, $A7, 'ongresinc-stackgres_arcan_combi'!$B:$B, $B7, 'ongresinc-stackgres_arcan_combi'!$C:$C, $C7)), "") | T7: =IF( AND(SUMIFS('dlr-shepard-shepard_arcan_combi'!T:T, 'dlr-shepard-shepard_arcan_combi'!$A:$A, $A7, 'dlr-shepard-shepard_arcan_combi'!$B:$B, $B7, 'dlr-shepard-shepard_arcan_combi'!$C:$C, $C7), SUMIFS('ongresinc-stackgres_arcan_combi'!T:T, 'ongresinc-stackgres_arcan_combi'!$A:$A, $A7, 'ongresinc-stackgres_arcan_combi'!$B:$B, $B7, 'ongresinc-stackgres_arcan_combi'!$C:$C, $C7)), AVERAGE( SUMIFS('dlr-shepard-shepard_arcan_combi'!T:T, 'dlr-shepard-shepard_arcan_combi'!$A:$A, $A7, 'dlr-shepard-shepard_arcan_combi'!$B:$B, $B7, 'dlr-shepard-shepard_arcan_combi'!$C:$C, $C7), SUMIFS('ongresinc-stackgres_arcan_combi'!T:T, 'ongresinc-stackgres_arcan_combi'!$A:$A, $A7, 'ongresinc-stackgres_arcan_combi'!$B:$B, $B7, 'ongresinc-stackgres_arcan_combi'!$C:$C, $C7)), "") | U7: =IF( AND(SUMIFS('dlr-shepard-shepard_arcan_combi'!U:U, 'dlr-shepard-shepard_arcan_combi'!$A:$A, $A7, 'dlr-shepard-shepard_arcan_combi'!$B:$B, $B7, 'dlr-shepard-shepard_arcan_combi'!$C:$C, $C7), SUMIFS('ongresinc-stackgres_arcan_combi'!U:U, 'ongresinc-stackgres_arcan_combi'!$A:$A, $A7, 'ongresinc-stackgres_arcan_combi'!$B:$B, $B7, 'ongresinc-stackgres_arcan_combi'!$C:$C, $C7)), AVERAGE( SUMIFS('dlr-shepard-shepard_arcan_combi'!U:U, 'dlr-shepard-shepard_arcan_combi'!$A:$A, $A7, 'dlr-shepard-shepard_arcan_combi'!$B:$B, $B7, 'dlr-shepard-shepard_arcan_combi'!$C:$C, $C7), SUMIFS('ongresinc-stackgres_arcan_combi'!U:U, 'ongresinc-stackgres_arcan_combi'!$A:$A, $A7, 'ongresinc-stackgres_arcan_combi'!$B:$B, $B7, 'ongresinc-stackgres_arcan_combi'!$C:$C, $C7)), "")
A8: feedforward_nn | B8: none | C8: sbert_avg | D8: 7 | E8: =IF( AND(SUMIFS('dlr-shepard-shepard_arcan_combi'!E:E, 'dlr-shepard-shepard_arcan_combi'!$A:$A, $A8, 'dlr-shepard-shepard_arcan_combi'!$B:$B, $B8, 'dlr-shepard-shepard_arcan_combi'!$C:$C, $C8), SUMIFS('ongresinc-stackgres_arcan_combi'!E:E, 'ongresinc-stackgres_arcan_combi'!$A:$A, $A8, 'ongresinc-stackgres_arcan_combi'!$B:$B, $B8, 'ongresinc-stackgres_arcan_combi'!$C:$C, $C8)), AVERAGE( SUMIFS('dlr-shepard-shepard_arcan_combi'!E:E, 'dlr-shepard-shepard_arcan_combi'!$A:$A, $A8, 'dlr-shepard-shepard_arcan_combi'!$B:$B, $B8, 'dlr-shepard-shepard_arcan_combi'!$C:$C, $C8), SUMIFS('ongresinc-stackgres_arcan_combi'!E:E, 'ongresinc-stackgres_arcan_combi'!$A:$A, $A8, 'ongresinc-stackgres_arcan_combi'!$B:$B, $B8, 'ongresinc-stackgres_arcan_combi'!$C:$C, $C8)), "") | F8: =IF( AND(SUMIFS('dlr-shepard-shepard_arcan_combi'!F:F, 'dlr-shepard-shepard_arcan_combi'!$A:$A, $A8, 'dlr-shepard-shepard_arcan_combi'!$B:$B, $B8, 'dlr-shepard-shepard_arcan_combi'!$C:$C, $C8), SUMIFS('ongresinc-stackgres_arcan_combi'!F:F, 'ongresinc-stackgres_arcan_combi'!$A:$A, $A8, 'ongresinc-stackgres_arcan_combi'!$B:$B, $B8, 'ongresinc-stackgres_arcan_combi'!$C:$C, $C8)), AVERAGE( SUMIFS('dlr-shepard-shepard_arcan_combi'!F:F, 'dlr-shepard-shepard_arcan_combi'!$A:$A, $A8, 'dlr-shepard-shepard_arcan_combi'!$B:$B, $B8, 'dlr-shepard-shepard_arcan_combi'!$C:$C, $C8), SUMIFS('ongresinc-stackgres_arcan_combi'!F:F, 'ongresinc-stackgres_arcan_combi'!$A:$A, $A8, 'ongresinc-stackgres_arcan_combi'!$B:$B, $B8, 'ongresinc-stackgres_arcan_combi'!$C:$C, $C8)), "") | G8: =IF( AND(SUMIFS('dlr-shepard-shepard_arcan_combi'!G:G, 'dlr-shepard-shepard_arcan_combi'!$A:$A, $A8, 'dlr-shepard-shepard_arcan_combi'!$B:$B, $B8, 'dlr-shepard-shepard_arcan_combi'!$C:$C, $C8), SUMIFS('ongresinc-stackgres_arcan_combi'!G:G, 'ongresinc-stackgres_arcan_combi'!$A:$A, $A8, 'ongresinc-stackgres_arcan_combi'!$B:$B, $B8, 'ongresinc-stackgres_arcan_combi'!$C:$C, $C8)), AVERAGE( SUMIFS('dlr-shepard-shepard_arcan_combi'!G:G, 'dlr-shepard-shepard_arcan_combi'!$A:$A, $A8, 'dlr-shepard-shepard_arcan_combi'!$B:$B, $B8, 'dlr-shepard-shepard_arcan_combi'!$C:$C, $C8), SUMIFS('ongresinc-stackgres_arcan_combi'!G:G, 'ongresinc-stackgres_arcan_combi'!$A:$A, $A8, 'ongresinc-stackgres_arcan_combi'!$B:$B, $B8, 'ongresinc-stackgres_arcan_combi'!$C:$C, $C8)), "") | H8: =IF( AND(SUMIFS('dlr-shepard-shepard_arcan_combi'!H:H, 'dlr-shepard-shepard_arcan_combi'!$A:$A, $A8, 'dlr-shepard-shepard_arcan_combi'!$B:$B, $B8, 'dlr-shepard-shepard_arcan_combi'!$C:$C, $C8), SUMIFS('ongresinc-stackgres_arcan_combi'!H:H, 'ongresinc-stackgres_arcan_combi'!$A:$A, $A8, 'ongresinc-stackgres_arcan_combi'!$B:$B, $B8, 'ongresinc-stackgres_arcan_combi'!$C:$C, $C8)), AVERAGE( SUMIFS('dlr-shepard-shepard_arcan_combi'!H:H, 'dlr-shepard-shepard_arcan_combi'!$A:$A, $A8, 'dlr-shepard-shepard_arcan_combi'!$B:$B, $B8, 'dlr-shepard-shepard_arcan_combi'!$C:$C, $C8), SUMIFS('ongresinc-stackgres_arcan_combi'!H:H, 'ongresinc-stackgres_arcan_combi'!$A:$A, $A8, 'ongresinc-stackgres_arcan_combi'!$B:$B, $B8, 'ongresinc-stackgres_arcan_combi'!$C:$C, $C8)), "") | I8: =IF( AND(SUMIFS('dlr-shepard-shepard_arcan_combi'!I:I, 'dlr-shepard-shepard_arcan_combi'!$A:$A, $A8, 'dlr-shepard-shepard_arcan_combi'!$B:$B, $B8, 'dlr-shepard-shepard_arcan_combi'!$C:$C, $C8), SUMIFS('ongresinc-stackgres_arcan_combi'!I:I, 'ongresinc-stackgres_arcan_combi'!$A:$A, $A8, 'ongresinc-stackgres_arcan_combi'!$B:$B, $B8, 'ongresinc-stackgres_arcan_combi'!$C:$C, $C8)), AVERAGE( SUMIFS('dlr-shepard-shepard_arcan_combi'!I:I, 'dlr-shepard-shepard_arcan_combi'!$A:$A, $A8, 'dlr-shepard-shepard_arcan_combi'!$B:$B, $B8, 'dlr-shepard-shepard_arcan_combi'!$C:$C, $C8), SUMIFS('ongresinc-stackgres_arcan_combi'!I:I, 'ongresinc-stackgres_arcan_combi'!$A:$A, $A8, 'ongresinc-stackgres_arcan_combi'!$B:$B, $B8, 'ongresinc-stackgres_arcan_combi'!$C:$C, $C8)), "") | J8: =IF( AND(SUMIFS('dlr-shepard-shepard_arcan_combi'!J:J, 'dlr-shepard-shepard_arcan_combi'!$A:$A, $A8, 'dlr-shepard-shepard_arcan_combi'!$B:$B, $B8, 'dlr-shepard-shepard_arcan_combi'!$C:$C, $C8), SUMIFS('ongresinc-stackgres_arcan_combi'!J:J, 'ongresinc-stackgres_arcan_combi'!$A:$A, $A8, 'ongresinc-stackgres_arcan_combi'!$B:$B, $B8, 'ongresinc-stackgres_arcan_combi'!$C:$C, $C8)), AVERAGE( SUMIFS('dlr-shepard-shepard_arcan_combi'!J:J, 'dlr-shepard-shepard_arcan_combi'!$A:$A, $A8, 'dlr-shepard-shepard_arcan_combi'!$B:$B, $B8, 'dlr-shepard-shepard_arcan_combi'!$C:$C, $C8), SUMIFS('ongresinc-stackgres_arcan_combi'!J:J, 'ongresinc-stackgres_arcan_combi'!$A:$A, $A8, 'ongresinc-stackgres_arcan_combi'!$B:$B, $B8, 'ongresinc-stackgres_arcan_combi'!$C:$C, $C8)), "") | K8: =IF( AND(SUMIFS('dlr-shepard-shepard_arcan_combi'!K:K, 'dlr-shepard-shepard_arcan_combi'!$A:$A, $A8, 'dlr-shepard-shepard_arcan_combi'!$B:$B, $B8, 'dlr-shepard-shepard_arcan_combi'!$C:$C, $C8), SUMIFS('ongresinc-stackgres_arcan_combi'!K:K, 'ongresinc-stackgres_arcan_combi'!$A:$A, $A8, 'ongresinc-stackgres_arcan_combi'!$B:$B, $B8, 'ongresinc-stackgres_arcan_combi'!$C:$C, $C8)), AVERAGE( SUMIFS('dlr-shepard-shepard_arcan_combi'!K:K, 'dlr-shepard-shepard_arcan_combi'!$A:$A, $A8, 'dlr-shepard-shepard_arcan_combi'!$B:$B, $B8, 'dlr-shepard-shepard_arcan_combi'!$C:$C, $C8), SUMIFS('ongresinc-stackgres_arcan_combi'!K:K, 'ongresinc-stackgres_arcan_combi'!$A:$A, $A8, 'ongresinc-stackgres_arcan_combi'!$B:$B, $B8, 'ongresinc-stackgres_arcan_combi'!$C:$C, $C8)), "") | L8: =IF( AND(SUMIFS('dlr-shepard-shepard_arcan_combi'!L:L, 'dlr-shepard-shepard_arcan_combi'!$A:$A, $A8, 'dlr-shepard-shepard_arcan_combi'!$B:$B, $B8, 'dlr-shepard-shepard_arcan_combi'!$C:$C, $C8), SUMIFS('ongresinc-stackgres_arcan_combi'!L:L, 'ongresinc-stackgres_arcan_combi'!$A:$A, $A8, 'ongresinc-stackgres_arcan_combi'!$B:$B, $B8, 'ongresinc-stackgres_arcan_combi'!$C:$C, $C8)), AVERAGE( SUMIFS('dlr-shepard-shepard_arcan_combi'!L:L, 'dlr-shepard-shepard_arcan_combi'!$A:$A, $A8, 'dlr-shepard-shepard_arcan_combi'!$B:$B, $B8, 'dlr-shepard-shepard_arcan_combi'!$C:$C, $C8), SUMIFS('ongresinc-stackgres_arcan_combi'!L:L, 'ongresinc-stackgres_arcan_combi'!$A:$A, $A8, 'ongresinc-stackgres_arcan_combi'!$B:$B, $B8, 'ongresinc-stackgres_arcan_combi'!$C:$C, $C8)), "") | M8: =IF( AND(SUMIFS('dlr-shepard-shepard_arcan_combi'!M:M, 'dlr-shepard-shepard_arcan_combi'!$A:$A, $A8, 'dlr-shepard-shepard_arcan_combi'!$B:$B, $B8, 'dlr-shepard-shepard_arcan_combi'!$C:$C, $C8), SUMIFS('ongresinc-stackgres_arcan_combi'!M:M, 'ongresinc-stackgres_arcan_combi'!$A:$A, $A8, 'ongresinc-stackgres_arcan_combi'!$B:$B, $B8, 'ongresinc-stackgres_arcan_combi'!$C:$C, $C8)), AVERAGE( SUMIFS('dlr-shepard-shepard_arcan_combi'!M:M, 'dlr-shepard-shepard_arcan_combi'!$A:$A, $A8, 'dlr-shepard-shepard_arcan_combi'!$B:$B, $B8, 'dlr-shepard-shepard_arcan_combi'!$C:$C, $C8), SUMIFS('ongresinc-stackgres_arcan_combi'!M:M, 'ongresinc-stackgres_arcan_combi'!$A:$A, $A8, 'ongresinc-stackgres_arcan_combi'!$B:$B, $B8, 'ongresinc-stackgres_arcan_combi'!$C:$C, $C8)), "") | N8: =IF( AND(SUMIFS('dlr-shepard-shepard_arcan_combi'!N:N, 'dlr-shepard-shepard_arcan_combi'!$A:$A, $A8, 'dlr-shepard-shepard_arcan_combi'!$B:$B, $B8, 'dlr-shepard-shepard_arcan_combi'!$C:$C, $C8), SUMIFS('ongresinc-stackgres_arcan_combi'!N:N, 'ongresinc-stackgres_arcan_combi'!$A:$A, $A8, 'ongresinc-stackgres_arcan_combi'!$B:$B, $B8, 'ongresinc-stackgres_arcan_combi'!$C:$C, $C8)), AVERAGE( SUMIFS('dlr-shepard-shepard_arcan_combi'!N:N, 'dlr-shepard-shepard_arcan_combi'!$A:$A, $A8, 'dlr-shepard-shepard_arcan_combi'!$B:$B, $B8, 'dlr-shepard-shepard_arcan_combi'!$C:$C, $C8), SUMIFS('ongresinc-stackgres_arcan_combi'!N:N, 'ongresinc-stackgres_arcan_combi'!$A:$A, $A8, 'ongresinc-stackgres_arcan_combi'!$B:$B, $B8, 'ongresinc-stackgres_arcan_combi'!$C:$C, $C8)), "") | O8: =IF( AND(SUMIFS('dlr-shepard-shepard_arcan_combi'!O:O, 'dlr-shepard-shepard_arcan_combi'!$A:$A, $A8, 'dlr-shepard-shepard_arcan_combi'!$B:$B, $B8, 'dlr-shepard-shepard_arcan_combi'!$C:$C, $C8), SUMIFS('ongresinc-stackgres_arcan_combi'!O:O, 'ongresinc-stackgres_arcan_combi'!$A:$A, $A8, 'ongresinc-stackgres_arcan_combi'!$B:$B, $B8, 'ongresinc-stackgres_arcan_combi'!$C:$C, $C8)), AVERAGE( SUMIFS('dlr-shepard-shepard_arcan_combi'!O:O, 'dlr-shepard-shepard_arcan_combi'!$A:$A, $A8, 'dlr-shepard-shepard_arcan_combi'!$B:$B, $B8, 'dlr-shepard-shepard_arcan_combi'!$C:$C, $C8), SUMIFS('ongresinc-stackgres_arcan_combi'!O:O, 'ongresinc-stackgres_arcan_combi'!$A:$A, $A8, 'ongresinc-stackgres_arcan_combi'!$B:$B, $B8, 'ongresinc-stackgres_arcan_combi'!$C:$C, $C8)), "") | P8: =IF( AND(SUMIFS('dlr-shepard-shepard_arcan_combi'!P:P, 'dlr-shepard-shepard_arcan_combi'!$A:$A, $A8, 'dlr-shepard-shepard_arcan_combi'!$B:$B, $B8, 'dlr-shepard-shepard_arcan_combi'!$C:$C, $C8), SUMIFS('ongresinc-stackgres_arcan_combi'!P:P, 'ongresinc-stackgres_arcan_combi'!$A:$A, $A8, 'ongresinc-stackgres_arcan_combi'!$B:$B, $B8, 'ongresinc-stackgres_arcan_combi'!$C:$C, $C8)), AVERAGE( SUMIFS('dlr-shepard-shepard_arcan_combi'!P:P, 'dlr-shepard-shepard_arcan_combi'!$A:$A, $A8, 'dlr-shepard-shepard_arcan_combi'!$B:$B, $B8, 'dlr-shepard-shepard_arcan_combi'!$C:$C, $C8), SUMIFS('ongresinc-stackgres_arcan_combi'!P:P, 'ongresinc-stackgres_arcan_combi'!$A:$A, $A8, 'ongresinc-stackgres_arcan_combi'!$B:$B, $B8, 'ongresinc-stackgres_arcan_combi'!$C:$C, $C8)), "") | Q8: =IF( AND(SUMIFS('dlr-shepard-shepard_arcan_combi'!Q:Q, 'dlr-shepard-shepard_arcan_combi'!$A:$A, $A8, 'dlr-shepard-shepard_arcan_combi'!$B:$B, $B8, 'dlr-shepard-shepard_arcan_combi'!$C:$C, $C8), SUMIFS('ongresinc-stackgres_arcan_combi'!Q:Q, 'ongresinc-stackgres_arcan_combi'!$A:$A, $A8, 'ongresinc-stackgres_arcan_combi'!$B:$B, $B8, 'ongresinc-stackgres_arcan_combi'!$C:$C, $C8)), AVERAGE( SUMIFS('dlr-shepard-shepard_arcan_combi'!Q:Q, 'dlr-shepard-shepard_arcan_combi'!$A:$A, $A8, 'dlr-shepard-shepard_arcan_combi'!$B:$B, $B8, 'dlr-shepard-shepard_arcan_combi'!$C:$C, $C8), SUMIFS('ongresinc-stackgres_arcan_combi'!Q:Q, 'ongresinc-stackgres_arcan_combi'!$A:$A, $A8, 'ongresinc-stackgres_arcan_combi'!$B:$B, $B8, 'ongresinc-stackgres_arcan_combi'!$C:$C, $C8)), "") | R8: =IF( AND(SUMIFS('dlr-shepard-shepard_arcan_combi'!R:R, 'dlr-shepard-shepard_arcan_combi'!$A:$A, $A8, 'dlr-shepard-shepard_arcan_combi'!$B:$B, $B8, 'dlr-shepard-shepard_arcan_combi'!$C:$C, $C8), SUMIFS('ongresinc-stackgres_arcan_combi'!R:R, 'ongresinc-stackgres_arcan_combi'!$A:$A, $A8, 'ongresinc-stackgres_arcan_combi'!$B:$B, $B8, 'ongresinc-stackgres_arcan_combi'!$C:$C, $C8)), AVERAGE( SUMIFS('dlr-shepard-shepard_arcan_combi'!R:R, 'dlr-shepard-shepard_arcan_combi'!$A:$A, $A8, 'dlr-shepard-shepard_arcan_combi'!$B:$B, $B8, 'dlr-shepard-shepard_arcan_combi'!$C:$C, $C8), SUMIFS('ongresinc-stackgres_arcan_combi'!R:R, 'ongresinc-stackgres_arcan_combi'!$A:$A, $A8, 'ongresinc-stackgres_arcan_combi'!$B:$B, $B8, 'ongresinc-stackgres_arcan_combi'!$C:$C, $C8)), "") | S8: =IF( AND(SUMIFS('dlr-shepard-shepard_arcan_combi'!S:S, 'dlr-shepard-shepard_arcan_combi'!$A:$A, $A8, 'dlr-shepard-shepard_arcan_combi'!$B:$B, $B8, 'dlr-shepard-shepard_arcan_combi'!$C:$C, $C8), SUMIFS('ongresinc-stackgres_arcan_combi'!S:S, 'ongresinc-stackgres_arcan_combi'!$A:$A, $A8, 'ongresinc-stackgres_arcan_combi'!$B:$B, $B8, 'ongresinc-stackgres_arcan_combi'!$C:$C, $C8)), AVERAGE( SUMIFS('dlr-shepard-shepard_arcan_combi'!S:S, 'dlr-shepard-shepard_arcan_combi'!$A:$A, $A8, 'dlr-shepard-shepard_arcan_combi'!$B:$B, $B8, 'dlr-shepard-shepard_arcan_combi'!$C:$C, $C8), SUMIFS('ongresinc-stackgres_arcan_combi'!S:S, 'ongresinc-stackgres_arcan_combi'!$A:$A, $A8, 'ongresinc-stackgres_arcan_combi'!$B:$B, $B8, 'ongresinc-stackgres_arcan_combi'!$C:$C, $C8)), "") | T8: =IF( AND(SUMIFS('dlr-shepard-shepard_arcan_combi'!T:T, 'dlr-shepard-shepard_arcan_combi'!$A:$A, $A8, 'dlr-shepard-shepard_arcan_combi'!$B:$B, $B8, 'dlr-shepard-shepard_arcan_combi'!$C:$C, $C8), SUMIFS('ongresinc-stackgres_arcan_combi'!T:T, 'ongresinc-stackgres_arcan_combi'!$A:$A, $A8, 'ongresinc-stackgres_arcan_combi'!$B:$B, $B8, 'ongresinc-stackgres_arcan_combi'!$C:$C, $C8)), AVERAGE( SUMIFS('dlr-shepard-shepard_arcan_combi'!T:T, 'dlr-shepard-shepard_arcan_combi'!$A:$A, $A8, 'dlr-shepard-shepard_arcan_combi'!$B:$B, $B8, 'dlr-shepard-shepard_arcan_combi'!$C:$C, $C8), SUMIFS('ongresinc-stackgres_arcan_combi'!T:T, 'ongresinc-stackgres_arcan_combi'!$A:$A, $A8, 'ongresinc-stackgres_arcan_combi'!$B:$B, $B8, 'ongresinc-stackgres_arcan_combi'!$C:$C, $C8)), "") | U8: =IF( AND(SUMIFS('dlr-shepard-shepard_arcan_combi'!U:U, 'dlr-shepard-shepard_arcan_combi'!$A:$A, $A8, 'dlr-shepard-shepard_arcan_combi'!$B:$B, $B8, 'dlr-shepard-shepard_arcan_combi'!$C:$C, $C8), SUMIFS('ongresinc-stackgres_arcan_combi'!U:U, 'ongresinc-stackgres_arcan_combi'!$A:$A, $A8, 'ongresinc-stackgres_arcan_combi'!$B:$B, $B8, 'ongresinc-stackgres_arcan_combi'!$C:$C, $C8)), AVERAGE( SUMIFS('dlr-shepard-shepard_arcan_combi'!U:U, 'dlr-shepard-shepard_arcan_combi'!$A:$A, $A8, 'dlr-shepard-shepard_arcan_combi'!$B:$B, $B8, 'dlr-shepard-shepard_arcan_combi'!$C:$C, $C8), SUMIFS('ongresinc-stackgres_arcan_combi'!U:U, 'ongresinc-stackgres_arcan_combi'!$A:$A, $A8, 'ongresinc-stackgres_arcan_combi'!$B:$B, $B8, 'ongresinc-stackgres_arcan_combi'!$C:$C, $C8)), "")
A9: feedforward_nn | B9: class_weight | C9: sbert_avg | D9: 7 | E9: =IF( AND(SUMIFS('dlr-shepard-shepard_arcan_combi'!E:E, 'dlr-shepard-shepard_arcan_combi'!$A:$A, $A9, 'dlr-shepard-shepard_arcan_combi'!$B:$B, $B9, 'dlr-shepard-shepard_arcan_combi'!$C:$C, $C9), SUMIFS('ongresinc-stackgres_arcan_combi'!E:E, 'ongresinc-stackgres_arcan_combi'!$A:$A, $A9, 'ongresinc-stackgres_arcan_combi'!$B:$B, $B9, 'ongresinc-stackgres_arcan_combi'!$C:$C, $C9)), AVERAGE( SUMIFS('dlr-shepard-shepard_arcan_combi'!E:E, 'dlr-shepard-shepard_arcan_combi'!$A:$A, $A9, 'dlr-shepard-shepard_arcan_combi'!$B:$B, $B9, 'dlr-shepard-shepard_arcan_combi'!$C:$C, $C9), SUMIFS('ongresinc-stackgres_arcan_combi'!E:E, 'ongresinc-stackgres_arcan_combi'!$A:$A, $A9, 'ongresinc-stackgres_arcan_combi'!$B:$B, $B9, 'ongresinc-stackgres_arcan_combi'!$C:$C, $C9)), "") | F9: =IF( AND(SUMIFS('dlr-shepard-shepard_arcan_combi'!F:F, 'dlr-shepard-shepard_arcan_combi'!$A:$A, $A9, 'dlr-shepard-shepard_arcan_combi'!$B:$B, $B9, 'dlr-shepard-shepard_arcan_combi'!$C:$C, $C9), SUMIFS('ongresinc-stackgres_arcan_combi'!F:F, 'ongresinc-stackgres_arcan_combi'!$A:$A, $A9, 'ongresinc-stackgres_arcan_combi'!$B:$B, $B9, 'ongresinc-stackgres_arcan_combi'!$C:$C, $C9)), AVERAGE( SUMIFS('dlr-shepard-shepard_arcan_combi'!F:F, 'dlr-shepard-shepard_arcan_combi'!$A:$A, $A9, 'dlr-shepard-shepard_arcan_combi'!$B:$B, $B9, 'dlr-shepard-shepard_arcan_combi'!$C:$C, $C9), SUMIFS('ongresinc-stackgres_arcan_combi'!F:F, 'ongresinc-stackgres_arcan_combi'!$A:$A, $A9, 'ongresinc-stackgres_arcan_combi'!$B:$B, $B9, 'ongresinc-stackgres_arcan_combi'!$C:$C, $C9)), "") | G9: =IF( AND(SUMIFS('dlr-shepard-shepard_arcan_combi'!G:G, 'dlr-shepard-shepard_arcan_combi'!$A:$A, $A9, 'dlr-shepard-shepard_arcan_combi'!$B:$B, $B9, 'dlr-shepard-shepard_arcan_combi'!$C:$C, $C9), SUMIFS('ongresinc-stackgres_arcan_combi'!G:G, 'ongresinc-stackgres_arcan_combi'!$A:$A, $A9, 'ongresinc-stackgres_arcan_combi'!$B:$B, $B9, 'ongresinc-stackgres_arcan_combi'!$C:$C, $C9)), AVERAGE( SUMIFS('dlr-shepard-shepard_arcan_combi'!G:G, 'dlr-shepard-shepard_arcan_combi'!$A:$A, $A9, 'dlr-shepard-shepard_arcan_combi'!$B:$B, $B9, 'dlr-shepard-shepard_arcan_combi'!$C:$C, $C9), SUMIFS('ongresinc-stackgres_arcan_combi'!G:G, 'ongresinc-stackgres_arcan_combi'!$A:$A, $A9, 'ongresinc-stackgres_arcan_combi'!$B:$B, $B9, 'ongresinc-stackgres_arcan_combi'!$C:$C, $C9)), "") | H9: =IF( AND(SUMIFS('dlr-shepard-shepard_arcan_combi'!H:H, 'dlr-shepard-shepard_arcan_combi'!$A:$A, $A9, 'dlr-shepard-shepard_arcan_combi'!$B:$B, $B9, 'dlr-shepard-shepard_arcan_combi'!$C:$C, $C9), SUMIFS('ongresinc-stackgres_arcan_combi'!H:H, 'ongresinc-stackgres_arcan_combi'!$A:$A, $A9, 'ongresinc-stackgres_arcan_combi'!$B:$B, $B9, 'ongresinc-stackgres_arcan_combi'!$C:$C, $C9)), AVERAGE( SUMIFS('dlr-shepard-shepard_arcan_combi'!H:H, 'dlr-shepard-shepard_arcan_combi'!$A:$A, $A9, 'dlr-shepard-shepard_arcan_combi'!$B:$B, $B9, 'dlr-shepard-shepard_arcan_combi'!$C:$C, $C9), SUMIFS('ongresinc-stackgres_arcan_combi'!H:H, 'ongresinc-stackgres_arcan_combi'!$A:$A, $A9, 'ongresinc-stackgres_arcan_combi'!$B:$B, $B9, 'ongresinc-stackgres_arcan_combi'!$C:$C, $C9)), "") | I9: =IF( AND(SUMIFS('dlr-shepard-shepard_arcan_combi'!I:I, 'dlr-shepard-shepard_arcan_combi'!$A:$A, $A9, 'dlr-shepard-shepard_arcan_combi'!$B:$B, $B9, 'dlr-shepard-shepard_arcan_combi'!$C:$C, $C9), SUMIFS('ongresinc-stackgres_arcan_combi'!I:I, 'ongresinc-stackgres_arcan_combi'!$A:$A, $A9, 'ongresinc-stackgres_arcan_combi'!$B:$B, $B9, 'ongresinc-stackgres_arcan_combi'!$C:$C, $C9)), AVERAGE( SUMIFS('dlr-shepard-shepard_arcan_combi'!I:I, 'dlr-shepard-shepard_arcan_combi'!$A:$A, $A9, 'dlr-shepard-shepard_arcan_combi'!$B:$B, $B9, 'dlr-shepard-shepard_arcan_combi'!$C:$C, $C9), SUMIFS('ongresinc-stackgres_arcan_combi'!I:I, 'ongresinc-stackgres_arcan_combi'!$A:$A, $A9, 'ongresinc-stackgres_arcan_combi'!$B:$B, $B9, 'ongresinc-stackgres_arcan_combi'!$C:$C, $C9)), "") | J9: =IF( AND(SUMIFS('dlr-shepard-shepard_arcan_combi'!J:J, 'dlr-shepard-shepard_arcan_combi'!$A:$A, $A9, 'dlr-shepard-shepard_arcan_combi'!$B:$B, $B9, 'dlr-shepard-shepard_arcan_combi'!$C:$C, $C9), SUMIFS('ongresinc-stackgres_arcan_combi'!J:J, 'ongresinc-stackgres_arcan_combi'!$A:$A, $A9, 'ongresinc-stackgres_arcan_combi'!$B:$B, $B9, 'ongresinc-stackgres_arcan_combi'!$C:$C, $C9)), AVERAGE( SUMIFS('dlr-shepard-shepard_arcan_combi'!J:J, 'dlr-shepard-shepard_arcan_combi'!$A:$A, $A9, 'dlr-shepard-shepard_arcan_combi'!$B:$B, $B9, 'dlr-shepard-shepard_arcan_combi'!$C:$C, $C9), SUMIFS('ongresinc-stackgres_arcan_combi'!J:J, 'ongresinc-stackgres_arcan_combi'!$A:$A, $A9, 'ongresinc-stackgres_arcan_combi'!$B:$B, $B9, 'ongresinc-stackgres_arcan_combi'!$C:$C, $C9)), "") | K9: =IF( AND(SUMIFS('dlr-shepard-shepard_arcan_combi'!K:K, 'dlr-shepard-shepard_arcan_combi'!$A:$A, $A9, 'dlr-shepard-shepard_arcan_combi'!$B:$B, $B9, 'dlr-shepard-shepard_arcan_combi'!$C:$C, $C9), SUMIFS('ongresinc-stackgres_arcan_combi'!K:K, 'ongresinc-stackgres_arcan_combi'!$A:$A, $A9, 'ongresinc-stackgres_arcan_combi'!$B:$B, $B9, 'ongresinc-stackgres_arcan_combi'!$C:$C, $C9)), AVERAGE( SUMIFS('dlr-shepard-shepard_arcan_combi'!K:K, 'dlr-shepard-shepard_arcan_combi'!$A:$A, $A9, 'dlr-shepard-shepard_arcan_combi'!$B:$B, $B9, 'dlr-shepard-shepard_arcan_combi'!$C:$C, $C9), SUMIFS('ongresinc-stackgres_arcan_combi'!K:K, 'ongresinc-stackgres_arcan_combi'!$A:$A, $A9, 'ongresinc-stackgres_arcan_combi'!$B:$B, $B9, 'ongresinc-stackgres_arcan_combi'!$C:$C, $C9)), "") | L9: =IF( AND(SUMIFS('dlr-shepard-shepard_arcan_combi'!L:L, 'dlr-shepard-shepard_arcan_combi'!$A:$A, $A9, 'dlr-shepard-shepard_arcan_combi'!$B:$B, $B9, 'dlr-shepard-shepard_arcan_combi'!$C:$C, $C9), SUMIFS('ongresinc-stackgres_arcan_combi'!L:L, 'ongresinc-stackgres_arcan_combi'!$A:$A, $A9, 'ongresinc-stackgres_arcan_combi'!$B:$B, $B9, 'ongresinc-stackgres_arcan_combi'!$C:$C, $C9)), AVERAGE( SUMIFS('dlr-shepard-shepard_arcan_combi'!L:L, 'dlr-shepard-shepard_arcan_combi'!$A:$A, $A9, 'dlr-shepard-shepard_arcan_combi'!$B:$B, $B9, 'dlr-shepard-shepard_arcan_combi'!$C:$C, $C9), SUMIFS('ongresinc-stackgres_arcan_combi'!L:L, 'ongresinc-stackgres_arcan_combi'!$A:$A, $A9, 'ongresinc-stackgres_arcan_combi'!$B:$B, $B9, 'ongresinc-stackgres_arcan_combi'!$C:$C, $C9)), "") | M9: =IF( AND(SUMIFS('dlr-shepard-shepard_arcan_combi'!M:M, 'dlr-shepard-shepard_arcan_combi'!$A:$A, $A9, 'dlr-shepard-shepard_arcan_combi'!$B:$B, $B9, 'dlr-shepard-shepard_arcan_combi'!$C:$C, $C9), SUMIFS('ongresinc-stackgres_arcan_combi'!M:M, 'ongresinc-stackgres_arcan_combi'!$A:$A, $A9, 'ongresinc-stackgres_arcan_combi'!$B:$B, $B9, 'ongresinc-stackgres_arcan_combi'!$C:$C, $C9)), AVERAGE( SUMIFS('dlr-shepard-shepard_arcan_combi'!M:M, 'dlr-shepard-shepard_arcan_combi'!$A:$A, $A9, 'dlr-shepard-shepard_arcan_combi'!$B:$B, $B9, 'dlr-shepard-shepard_arcan_combi'!$C:$C, $C9), SUMIFS('ongresinc-stackgres_arcan_combi'!M:M, 'ongresinc-stackgres_arcan_combi'!$A:$A, $A9, 'ongresinc-stackgres_arcan_combi'!$B:$B, $B9, 'ongresinc-stackgres_arcan_combi'!$C:$C, $C9)), "") | N9: =IF( AND(SUMIFS('dlr-shepard-shepard_arcan_combi'!N:N, 'dlr-shepard-shepard_arcan_combi'!$A:$A, $A9, 'dlr-shepard-shepard_arcan_combi'!$B:$B, $B9, 'dlr-shepard-shepard_arcan_combi'!$C:$C, $C9), SUMIFS('ongresinc-stackgres_arcan_combi'!N:N, 'ongresinc-stackgres_arcan_combi'!$A:$A, $A9, 'ongresinc-stackgres_arcan_combi'!$B:$B, $B9, 'ongresinc-stackgres_arcan_combi'!$C:$C, $C9)), AVERAGE( SUMIFS('dlr-shepard-shepard_arcan_combi'!N:N, 'dlr-shepard-shepard_arcan_combi'!$A:$A, $A9, 'dlr-shepard-shepard_arcan_combi'!$B:$B, $B9, 'dlr-shepard-shepard_arcan_combi'!$C:$C, $C9), SUMIFS('ongresinc-stackgres_arcan_combi'!N:N, 'ongresinc-stackgres_arcan_combi'!$A:$A, $A9, 'ongresinc-stackgres_arcan_combi'!$B:$B, $B9, 'ongresinc-stackgres_arcan_combi'!$C:$C, $C9)), "") | O9: =IF( AND(SUMIFS('dlr-shepard-shepard_arcan_combi'!O:O, 'dlr-shepard-shepard_arcan_combi'!$A:$A, $A9, 'dlr-shepard-shepard_arcan_combi'!$B:$B, $B9, 'dlr-shepard-shepard_arcan_combi'!$C:$C, $C9), SUMIFS('ongresinc-stackgres_arcan_combi'!O:O, 'ongresinc-stackgres_arcan_combi'!$A:$A, $A9, 'ongresinc-stackgres_arcan_combi'!$B:$B, $B9, 'ongresinc-stackgres_arcan_combi'!$C:$C, $C9)), AVERAGE( SUMIFS('dlr-shepard-shepard_arcan_combi'!O:O, 'dlr-shepard-shepard_arcan_combi'!$A:$A, $A9, 'dlr-shepard-shepard_arcan_combi'!$B:$B, $B9, 'dlr-shepard-shepard_arcan_combi'!$C:$C, $C9), SUMIFS('ongresinc-stackgres_arcan_combi'!O:O, 'ongresinc-stackgres_arcan_combi'!$A:$A, $A9, 'ongresinc-stackgres_arcan_combi'!$B:$B, $B9, 'ongresinc-stackgres_arcan_combi'!$C:$C, $C9)), "") | P9: =IF( AND(SUMIFS('dlr-shepard-shepard_arcan_combi'!P:P, 'dlr-shepard-shepard_arcan_combi'!$A:$A, $A9, 'dlr-shepard-shepard_arcan_combi'!$B:$B, $B9, 'dlr-shepard-shepard_arcan_combi'!$C:$C, $C9), SUMIFS('ongresinc-stackgres_arcan_combi'!P:P, 'ongresinc-stackgres_arcan_combi'!$A:$A, $A9, 'ongresinc-stackgres_arcan_combi'!$B:$B, $B9, 'ongresinc-stackgres_arcan_combi'!$C:$C, $C9)), AVERAGE( SUMIFS('dlr-shepard-shepard_arcan_combi'!P:P, 'dlr-shepard-shepard_arcan_combi'!$A:$A, $A9, 'dlr-shepard-shepard_arcan_combi'!$B:$B, $B9, 'dlr-shepard-shepard_arcan_combi'!$C:$C, $C9), SUMIFS('ongresinc-stackgres_arcan_combi'!P:P, 'ongresinc-stackgres_arcan_combi'!$A:$A, $A9, 'ongresinc-stackgres_arcan_combi'!$B:$B, $B9, 'ongresinc-stackgres_arcan_combi'!$C:$C, $C9)), "") | Q9: =IF( AND(SUMIFS('dlr-shepard-shepard_arcan_combi'!Q:Q, 'dlr-shepard-shepard_arcan_combi'!$A:$A, $A9, 'dlr-shepard-shepard_arcan_combi'!$B:$B, $B9, 'dlr-shepard-shepard_arcan_combi'!$C:$C, $C9), SUMIFS('ongresinc-stackgres_arcan_combi'!Q:Q, 'ongresinc-stackgres_arcan_combi'!$A:$A, $A9, 'ongresinc-stackgres_arcan_combi'!$B:$B, $B9, 'ongresinc-stackgres_arcan_combi'!$C:$C, $C9)), AVERAGE( SUMIFS('dlr-shepard-shepard_arcan_combi'!Q:Q, 'dlr-shepard-shepard_arcan_combi'!$A:$A, $A9, 'dlr-shepard-shepard_arcan_combi'!$B:$B, $B9, 'dlr-shepard-shepard_arcan_combi'!$C:$C, $C9), SUMIFS('ongresinc-stackgres_arcan_combi'!Q:Q, 'ongresinc-stackgres_arcan_combi'!$A:$A, $A9, 'ongresinc-stackgres_arcan_combi'!$B:$B, $B9, 'ongresinc-stackgres_arcan_combi'!$C:$C, $C9)), "") | R9: =IF( AND(SUMIFS('dlr-shepard-shepard_arcan_combi'!R:R, 'dlr-shepard-shepard_arcan_combi'!$A:$A, $A9, 'dlr-shepard-shepard_arcan_combi'!$B:$B, $B9, 'dlr-shepard-shepard_arcan_combi'!$C:$C, $C9), SUMIFS('ongresinc-stackgres_arcan_combi'!R:R, 'ongresinc-stackgres_arcan_combi'!$A:$A, $A9, 'ongresinc-stackgres_arcan_combi'!$B:$B, $B9, 'ongresinc-stackgres_arcan_combi'!$C:$C, $C9)), AVERAGE( SUMIFS('dlr-shepard-shepard_arcan_combi'!R:R, 'dlr-shepard-shepard_arcan_combi'!$A:$A, $A9, 'dlr-shepard-shepard_arcan_combi'!$B:$B, $B9, 'dlr-shepard-shepard_arcan_combi'!$C:$C, $C9), SUMIFS('ongresinc-stackgres_arcan_combi'!R:R, 'ongresinc-stackgres_arcan_combi'!$A:$A, $A9, 'ongresinc-stackgres_arcan_combi'!$B:$B, $B9, 'ongresinc-stackgres_arcan_combi'!$C:$C, $C9)), "") | S9: =IF( AND(SUMIFS('dlr-shepard-shepard_arcan_combi'!S:S, 'dlr-shepard-shepard_arcan_combi'!$A:$A, $A9, 'dlr-shepard-shepard_arcan_combi'!$B:$B, $B9, 'dlr-shepard-shepard_arcan_combi'!$C:$C, $C9), SUMIFS('ongresinc-stackgres_arcan_combi'!S:S, 'ongresinc-stackgres_arcan_combi'!$A:$A, $A9, 'ongresinc-stackgres_arcan_combi'!$B:$B, $B9, 'ongresinc-stackgres_arcan_combi'!$C:$C, $C9)), AVERAGE( SUMIFS('dlr-shepard-shepard_arcan_combi'!S:S, 'dlr-shepard-shepard_arcan_combi'!$A:$A, $A9, 'dlr-shepard-shepard_arcan_combi'!$B:$B, $B9, 'dlr-shepard-shepard_arcan_combi'!$C:$C, $C9), SUMIFS('ongresinc-stackgres_arcan_combi'!S:S, 'ongresinc-stackgres_arcan_combi'!$A:$A, $A9, 'ongresinc-stackgres_arcan_combi'!$B:$B, $B9, 'ongresinc-stackgres_arcan_combi'!$C:$C, $C9)), "") | T9: =IF( AND(SUMIFS('dlr-shepard-shepard_arcan_combi'!T:T, 'dlr-shepard-shepard_arcan_combi'!$A:$A, $A9, 'dlr-shepard-shepard_arcan_combi'!$B:$B, $B9, 'dlr-shepard-shepard_arcan_combi'!$C:$C, $C9), SUMIFS('ongresinc-stackgres_arcan_combi'!T:T, 'ongresinc-stackgres_arcan_combi'!$A:$A, $A9, 'ongresinc-stackgres_arcan_combi'!$B:$B, $B9, 'ongresinc-stackgres_arcan_combi'!$C:$C, $C9)), AVERAGE( SUMIFS('dlr-shepard-shepard_arcan_combi'!T:T, 'dlr-shepard-shepard_arcan_combi'!$A:$A, $A9, 'dlr-shepard-shepard_arcan_combi'!$B:$B, $B9, 'dlr-shepard-shepard_arcan_combi'!$C:$C, $C9), SUMIFS('ongresinc-stackgres_arcan_combi'!T:T, 'ongresinc-stackgres_arcan_combi'!$A:$A, $A9, 'ongresinc-stackgres_arcan_combi'!$B:$B, $B9, 'ongresinc-stackgres_arcan_combi'!$C:$C, $C9)), "") | U9: =IF( AND(SUMIFS('dlr-shepard-shepard_arcan_combi'!U:U, 'dlr-shepard-shepard_arcan_combi'!$A:$A, $A9, 'dlr-shepard-shepard_arcan_combi'!$B:$B, $B9, 'dlr-shepard-shepard_arcan_combi'!$C:$C, $C9), SUMIFS('ongresinc-stackgres_arcan_combi'!U:U, 'ongresinc-stackgres_arcan_combi'!$A:$A, $A9, 'ongresinc-stackgres_arcan_combi'!$B:$B, $B9, 'ongresinc-stackgres_arcan_combi'!$C:$C, $C9)), AVERAGE( SUMIFS('dlr-shepard-shepard_arcan_combi'!U:U, 'dlr-shepard-shepard_arcan_combi'!$A:$A, $A9, 'dlr-shepard-shepard_arcan_combi'!$B:$B, $B9, 'dlr-shepard-shepard_arcan_combi'!$C:$C, $C9), SUMIFS('ongresinc-stackgres_arcan_combi'!U:U, 'ongresinc-stackgres_arcan_combi'!$A:$A, $A9, 'ongresinc-stackgres_arcan_combi'!$B:$B, $B9, 'ongresinc-stackgres_arcan_combi'!$C:$C, $C9)), "")
A10: feedforward_nn | B10: none | C10: sbert_tfidf_weighted | D10: 7 | E10: =IF( AND(SUMIFS('dlr-shepard-shepard_arcan_combi'!E:E, 'dlr-shepard-shepard_arcan_combi'!$A:$A, $A10, 'dlr-shepard-shepard_arcan_combi'!$B:$B, $B10, 'dlr-shepard-shepard_arcan_combi'!$C:$C, $C10), SUMIFS('ongresinc-stackgres_arcan_combi'!E:E, 'ongresinc-stackgres_arcan_combi'!$A:$A, $A10, 'ongresinc-stackgres_arcan_combi'!$B:$B, $B10, 'ongresinc-stackgres_arcan_combi'!$C:$C, $C10)), AVERAGE( SUMIFS('dlr-shepard-shepard_arcan_combi'!E:E, 'dlr-shepard-shepard_arcan_combi'!$A:$A, $A10, 'dlr-shepard-shepard_arcan_combi'!$B:$B, $B10, 'dlr-shepard-shepard_arcan_combi'!$C:$C, $C10), SUMIFS('ongresinc-stackgres_arcan_combi'!E:E, 'ongresinc-stackgres_arcan_combi'!$A:$A, $A10, 'ongresinc-stackgres_arcan_combi'!$B:$B, $B10, 'ongresinc-stackgres_arcan_combi'!$C:$C, $C10)), "") | F10: =IF( AND(SUMIFS('dlr-shepard-shepard_arcan_combi'!F:F, 'dlr-shepard-shepard_arcan_combi'!$A:$A, $A10, 'dlr-shepard-shepard_arcan_combi'!$B:$B, $B10, 'dlr-shepard-shepard_arcan_combi'!$C:$C, $C10), SUMIFS('ongresinc-stackgres_arcan_combi'!F:F, 'ongresinc-stackgres_arcan_combi'!$A:$A, $A10, 'ongresinc-stackgres_arcan_combi'!$B:$B, $B10, 'ongresinc-stackgres_arcan_combi'!$C:$C, $C10)), AVERAGE( SUMIFS('dlr-shepard-shepard_arcan_combi'!F:F, 'dlr-shepard-shepard_arcan_combi'!$A:$A, $A10, 'dlr-shepard-shepard_arcan_combi'!$B:$B, $B10, 'dlr-shepard-shepard_arcan_combi'!$C:$C, $C10), SUMIFS('ongresinc-stackgres_arcan_combi'!F:F, 'ongresinc-stackgres_arcan_combi'!$A:$A, $A10, 'ongresinc-stackgres_arcan_combi'!$B:$B, $B10, 'ongresinc-stackgres_arcan_combi'!$C:$C, $C10)), "") | G10: =IF( AND(SUMIFS('dlr-shepard-shepard_arcan_combi'!G:G, 'dlr-shepard-shepard_arcan_combi'!$A:$A, $A10, 'dlr-shepard-shepard_arcan_combi'!$B:$B, $B10, 'dlr-shepard-shepard_arcan_combi'!$C:$C, $C10), SUMIFS('ongresinc-stackgres_arcan_combi'!G:G, 'ongresinc-stackgres_arcan_combi'!$A:$A, $A10, 'ongresinc-stackgres_arcan_combi'!$B:$B, $B10, 'ongresinc-stackgres_arcan_combi'!$C:$C, $C10)), AVERAGE( SUMIFS('dlr-shepard-shepard_arcan_combi'!G:G, 'dlr-shepard-shepard_arcan_combi'!$A:$A, $A10, 'dlr-shepard-shepard_arcan_combi'!$B:$B, $B10, 'dlr-shepard-shepard_arcan_combi'!$C:$C, $C10), SUMIFS('ongresinc-stackgres_arcan_combi'!G:G, 'ongresinc-stackgres_arcan_combi'!$A:$A, $A10, 'ongresinc-stackgres_arcan_combi'!$B:$B, $B10, 'ongresinc-stackgres_arcan_combi'!$C:$C, $C10)), "") | H10: =IF( AND(SUMIFS('dlr-shepard-shepard_arcan_combi'!H:H, 'dlr-shepard-shepard_arcan_combi'!$A:$A, $A10, 'dlr-shepard-shepard_arcan_combi'!$B:$B, $B10, 'dlr-shepard-shepard_arcan_combi'!$C:$C, $C10), SUMIFS('ongresinc-stackgres_arcan_combi'!H:H, 'ongresinc-stackgres_arcan_combi'!$A:$A, $A10, 'ongresinc-stackgres_arcan_combi'!$B:$B, $B10, 'ongresinc-stackgres_arcan_combi'!$C:$C, $C10)), AVERAGE( SUMIFS('dlr-shepard-shepard_arcan_combi'!H:H, 'dlr-shepard-shepard_arcan_combi'!$A:$A, $A10, 'dlr-shepard-shepard_arcan_combi'!$B:$B, $B10, 'dlr-shepard-shepard_arcan_combi'!$C:$C, $C10), SUMIFS('ongresinc-stackgres_arcan_combi'!H:H, 'ongresinc-stackgres_arcan_combi'!$A:$A, $A10, 'ongresinc-stackgres_arcan_combi'!$B:$B, $B10, 'ongresinc-stackgres_arcan_combi'!$C:$C, $C10)), "") | I10: =IF( AND(SUMIFS('dlr-shepard-shepard_arcan_combi'!I:I, 'dlr-shepard-shepard_arcan_combi'!$A:$A, $A10, 'dlr-shepard-shepard_arcan_combi'!$B:$B, $B10, 'dlr-shepard-shepard_arcan_combi'!$C:$C, $C10), SUMIFS('ongresinc-stackgres_arcan_combi'!I:I, 'ongresinc-stackgres_arcan_combi'!$A:$A, $A10, 'ongresinc-stackgres_arcan_combi'!$B:$B, $B10, 'ongresinc-stackgres_arcan_combi'!$C:$C, $C10)), AVERAGE( SUMIFS('dlr-shepard-shepard_arcan_combi'!I:I, 'dlr-shepard-shepard_arcan_combi'!$A:$A, $A10, 'dlr-shepard-shepard_arcan_combi'!$B:$B, $B10, 'dlr-shepard-shepard_arcan_combi'!$C:$C, $C10), SUMIFS('ongresinc-stackgres_arcan_combi'!I:I, 'ongresinc-stackgres_arcan_combi'!$A:$A, $A10, 'ongresinc-stackgres_arcan_combi'!$B:$B, $B10, 'ongresinc-stackgres_arcan_combi'!$C:$C, $C10)), "") | J10: =IF( AND(SUMIFS('dlr-shepard-shepard_arcan_combi'!J:J, 'dlr-shepard-shepard_arcan_combi'!$A:$A, $A10, 'dlr-shepard-shepard_arcan_combi'!$B:$B, $B10, 'dlr-shepard-shepard_arcan_combi'!$C:$C, $C10), SUMIFS('ongresinc-stackgres_arcan_combi'!J:J, 'ongresinc-stackgres_arcan_combi'!$A:$A, $A10, 'ongresinc-stackgres_arcan_combi'!$B:$B, $B10, 'ongresinc-stackgres_arcan_combi'!$C:$C, $C10)), AVERAGE( SUMIFS('dlr-shepard-shepard_arcan_combi'!J:J, 'dlr-shepard-shepard_arcan_combi'!$A:$A, $A10, 'dlr-shepard-shepard_arcan_combi'!$B:$B, $B10, 'dlr-shepard-shepard_arcan_combi'!$C:$C, $C10), SUMIFS('ongresinc-stackgres_arcan_combi'!J:J, 'ongresinc-stackgres_arcan_combi'!$A:$A, $A10, 'ongresinc-stackgres_arcan_combi'!$B:$B, $B10, 'ongresinc-stackgres_arcan_combi'!$C:$C, $C10)), "") | K10: =IF( AND(SUMIFS('dlr-shepard-shepard_arcan_combi'!K:K, 'dlr-shepard-shepard_arcan_combi'!$A:$A, $A10, 'dlr-shepard-shepard_arcan_combi'!$B:$B, $B10, 'dlr-shepard-shepard_arcan_combi'!$C:$C, $C10), SUMIFS('ongresinc-stackgres_arcan_combi'!K:K, 'ongresinc-stackgres_arcan_combi'!$A:$A, $A10, 'ongresinc-stackgres_arcan_combi'!$B:$B, $B10, 'ongresinc-stackgres_arcan_combi'!$C:$C, $C10)), AVERAGE( SUMIFS('dlr-shepard-shepard_arcan_combi'!K:K, 'dlr-shepard-shepard_arcan_combi'!$A:$A, $A10, 'dlr-shepard-shepard_arcan_combi'!$B:$B, $B10, 'dlr-shepard-shepard_arcan_combi'!$C:$C, $C10), SUMIFS('ongresinc-stackgres_arcan_combi'!K:K, 'ongresinc-stackgres_arcan_combi'!$A:$A, $A10, 'ongresinc-stackgres_arcan_combi'!$B:$B, $B10, 'ongresinc-stackgres_arcan_combi'!$C:$C, $C10)), "") | L10: =IF( AND(SUMIFS('dlr-shepard-shepard_arcan_combi'!L:L, 'dlr-shepard-shepard_arcan_combi'!$A:$A, $A10, 'dlr-shepard-shepard_arcan_combi'!$B:$B, $B10, 'dlr-shepard-shepard_arcan_combi'!$C:$C, $C10), SUMIFS('ongresinc-stackgres_arcan_combi'!L:L, 'ongresinc-stackgres_arcan_combi'!$A:$A, $A10, 'ongresinc-stackgres_arcan_combi'!$B:$B, $B10, 'ongresinc-stackgres_arcan_combi'!$C:$C, $C10)), AVERAGE( SUMIFS('dlr-shepard-shepard_arcan_combi'!L:L, 'dlr-shepard-shepard_arcan_combi'!$A:$A, $A10, 'dlr-shepard-shepard_arcan_combi'!$B:$B, $B10, 'dlr-shepard-shepard_arcan_combi'!$C:$C, $C10), SUMIFS('ongresinc-stackgres_arcan_combi'!L:L, 'ongresinc-stackgres_arcan_combi'!$A:$A, $A10, 'ongresinc-stackgres_arcan_combi'!$B:$B, $B10, 'ongresinc-stackgres_arcan_combi'!$C:$C, $C10)), "") | M10: =IF( AND(SUMIFS('dlr-shepard-shepard_arcan_combi'!M:M, 'dlr-shepard-shepard_arcan_combi'!$A:$A, $A10, 'dlr-shepard-shepard_arcan_combi'!$B:$B, $B10, 'dlr-shepard-shepard_arcan_combi'!$C:$C, $C10), SUMIFS('ongresinc-stackgres_arcan_combi'!M:M, 'ongresinc-stackgres_arcan_combi'!$A:$A, $A10, 'ongresinc-stackgres_arcan_combi'!$B:$B, $B10, 'ongresinc-stackgres_arcan_combi'!$C:$C, $C10)), AVERAGE( SUMIFS('dlr-shepard-shepard_arcan_combi'!M:M, 'dlr-shepard-shepard_arcan_combi'!$A:$A, $A10, 'dlr-shepard-shepard_arcan_combi'!$B:$B, $B10, 'dlr-shepard-shepard_arcan_combi'!$C:$C, $C10), SUMIFS('ongresinc-stackgres_arcan_combi'!M:M, 'ongresinc-stackgres_arcan_combi'!$A:$A, $A10, 'ongresinc-stackgres_arcan_combi'!$B:$B, $B10, 'ongresinc-stackgres_arcan_combi'!$C:$C, $C10)), "") | N10: =IF( AND(SUMIFS('dlr-shepard-shepard_arcan_combi'!N:N, 'dlr-shepard-shepard_arcan_combi'!$A:$A, $A10, 'dlr-shepard-shepard_arcan_combi'!$B:$B, $B10, 'dlr-shepard-shepard_arcan_combi'!$C:$C, $C10), SUMIFS('ongresinc-stackgres_arcan_combi'!N:N, 'ongresinc-stackgres_arcan_combi'!$A:$A, $A10, 'ongresinc-stackgres_arcan_combi'!$B:$B, $B10, 'ongresinc-stackgres_arcan_combi'!$C:$C, $C10)), AVERAGE( SUMIFS('dlr-shepard-shepard_arcan_combi'!N:N, 'dlr-shepard-shepard_arcan_combi'!$A:$A, $A10, 'dlr-shepard-shepard_arcan_combi'!$B:$B, $B10, 'dlr-shepard-shepard_arcan_combi'!$C:$C, $C10), SUMIFS('ongresinc-stackgres_arcan_combi'!N:N, 'ongresinc-stackgres_arcan_combi'!$A:$A, $A10, 'ongresinc-stackgres_arcan_combi'!$B:$B, $B10, 'ongresinc-stackgres_arcan_combi'!$C:$C, $C10)), "") | O10: =IF( AND(SUMIFS('dlr-shepard-shepard_arcan_combi'!O:O, 'dlr-shepard-shepard_arcan_combi'!$A:$A, $A10, 'dlr-shepard-shepard_arcan_combi'!$B:$B, $B10, 'dlr-shepard-shepard_arcan_combi'!$C:$C, $C10), SUMIFS('ongresinc-stackgres_arcan_combi'!O:O, 'ongresinc-stackgres_arcan_combi'!$A:$A, $A10, 'ongresinc-stackgres_arcan_combi'!$B:$B, $B10, 'ongresinc-stackgres_arcan_combi'!$C:$C, $C10)), AVERAGE( SUMIFS('dlr-shepard-shepard_arcan_combi'!O:O, 'dlr-shepard-shepard_arcan_combi'!$A:$A, $A10, 'dlr-shepard-shepard_arcan_combi'!$B:$B, $B10, 'dlr-shepard-shepard_arcan_combi'!$C:$C, $C10), SUMIFS('ongresinc-stackgres_arcan_combi'!O:O, 'ongresinc-stackgres_arcan_combi'!$A:$A, $A10, 'ongresinc-stackgres_arcan_combi'!$B:$B, $B10, 'ongresinc-stackgres_arcan_combi'!$C:$C, $C10)), "") | P10: =IF( AND(SUMIFS('dlr-shepard-shepard_arcan_combi'!P:P, 'dlr-shepard-shepard_arcan_combi'!$A:$A, $A10, 'dlr-shepard-shepard_arcan_combi'!$B:$B, $B10, 'dlr-shepard-shepard_arcan_combi'!$C:$C, $C10), SUMIFS('ongresinc-stackgres_arcan_combi'!P:P, 'ongresinc-stackgres_arcan_combi'!$A:$A, $A10, 'ongresinc-stackgres_arcan_combi'!$B:$B, $B10, 'ongresinc-stackgres_arcan_combi'!$C:$C, $C10)), AVERAGE( SUMIFS('dlr-shepard-shepard_arcan_combi'!P:P, 'dlr-shepard-shepard_arcan_combi'!$A:$A, $A10, 'dlr-shepard-shepard_arcan_combi'!$B:$B, $B10, 'dlr-shepard-shepard_arcan_combi'!$C:$C, $C10), SUMIFS('ongresinc-stackgres_arcan_combi'!P:P, 'ongresinc-stackgres_arcan_combi'!$A:$A, $A10, 'ongresinc-stackgres_arcan_combi'!$B:$B, $B10, 'ongresinc-stackgres_arcan_combi'!$C:$C, $C10)), "") | Q10: =IF( AND(SUMIFS('dlr-shepard-shepard_arcan_combi'!Q:Q, 'dlr-shepard-shepard_arcan_combi'!$A:$A, $A10, 'dlr-shepard-shepard_arcan_combi'!$B:$B, $B10, 'dlr-shepard-shepard_arcan_combi'!$C:$C, $C10), SUMIFS('ongresinc-stackgres_arcan_combi'!Q:Q, 'ongresinc-stackgres_arcan_combi'!$A:$A, $A10, 'ongresinc-stackgres_arcan_combi'!$B:$B, $B10, 'ongresinc-stackgres_arcan_combi'!$C:$C, $C10)), AVERAGE( SUMIFS('dlr-shepard-shepard_arcan_combi'!Q:Q, 'dlr-shepard-shepard_arcan_combi'!$A:$A, $A10, 'dlr-shepard-shepard_arcan_combi'!$B:$B, $B10, 'dlr-shepard-shepard_arcan_combi'!$C:$C, $C10), SUMIFS('ongresinc-stackgres_arcan_combi'!Q:Q, 'ongresinc-stackgres_arcan_combi'!$A:$A, $A10, 'ongresinc-stackgres_arcan_combi'!$B:$B, $B10, 'ongresinc-stackgres_arcan_combi'!$C:$C, $C10)), "") | R10: =IF( AND(SUMIFS('dlr-shepard-shepard_arcan_combi'!R:R, 'dlr-shepard-shepard_arcan_combi'!$A:$A, $A10, 'dlr-shepard-shepard_arcan_combi'!$B:$B, $B10, 'dlr-shepard-shepard_arcan_combi'!$C:$C, $C10), SUMIFS('ongresinc-stackgres_arcan_combi'!R:R, 'ongresinc-stackgres_arcan_combi'!$A:$A, $A10, 'ongresinc-stackgres_arcan_combi'!$B:$B, $B10, 'ongresinc-stackgres_arcan_combi'!$C:$C, $C10)), AVERAGE( SUMIFS('dlr-shepard-shepard_arcan_combi'!R:R, 'dlr-shepard-shepard_arcan_combi'!$A:$A, $A10, 'dlr-shepard-shepard_arcan_combi'!$B:$B, $B10, 'dlr-shepard-shepard_arcan_combi'!$C:$C, $C10), SUMIFS('ongresinc-stackgres_arcan_combi'!R:R, 'ongresinc-stackgres_arcan_combi'!$A:$A, $A10, 'ongresinc-stackgres_arcan_combi'!$B:$B, $B10, 'ongresinc-stackgres_arcan_combi'!$C:$C, $C10)), "") | S10: =IF( AND(SUMIFS('dlr-shepard-shepard_arcan_combi'!S:S, 'dlr-shepard-shepard_arcan_combi'!$A:$A, $A10, 'dlr-shepard-shepard_arcan_combi'!$B:$B, $B10, 'dlr-shepard-shepard_arcan_combi'!$C:$C, $C10), SUMIFS('ongresinc-stackgres_arcan_combi'!S:S, 'ongresinc-stackgres_arcan_combi'!$A:$A, $A10, 'ongresinc-stackgres_arcan_combi'!$B:$B, $B10, 'ongresinc-stackgres_arcan_combi'!$C:$C, $C10)), AVERAGE( SUMIFS('dlr-shepard-shepard_arcan_combi'!S:S, 'dlr-shepard-shepard_arcan_combi'!$A:$A, $A10, 'dlr-shepard-shepard_arcan_combi'!$B:$B, $B10, 'dlr-shepard-shepard_arcan_combi'!$C:$C, $C10), SUMIFS('ongresinc-stackgres_arcan_combi'!S:S, 'ongresinc-stackgres_arcan_combi'!$A:$A, $A10, 'ongresinc-stackgres_arcan_combi'!$B:$B, $B10, 'ongresinc-stackgres_arcan_combi'!$C:$C, $C10)), "") | T10: =IF( AND(SUMIFS('dlr-shepard-shepard_arcan_combi'!T:T, 'dlr-shepard-shepard_arcan_combi'!$A:$A, $A10, 'dlr-shepard-shepard_arcan_combi'!$B:$B, $B10, 'dlr-shepard-shepard_arcan_combi'!$C:$C, $C10), SUMIFS('ongresinc-stackgres_arcan_combi'!T:T, 'ongresinc-stackgres_arcan_combi'!$A:$A, $A10, 'ongresinc-stackgres_arcan_combi'!$B:$B, $B10, 'ongresinc-stackgres_arcan_combi'!$C:$C, $C10)), AVERAGE( SUMIFS('dlr-shepard-shepard_arcan_combi'!T:T, 'dlr-shepard-shepard_arcan_combi'!$A:$A, $A10, 'dlr-shepard-shepard_arcan_combi'!$B:$B, $B10, 'dlr-shepard-shepard_arcan_combi'!$C:$C, $C10), SUMIFS('ongresinc-stackgres_arcan_combi'!T:T, 'ongresinc-stackgres_arcan_combi'!$A:$A, $A10, 'ongresinc-stackgres_arcan_combi'!$B:$B, $B10, 'ongresinc-stackgres_arcan_combi'!$C:$C, $C10)), "") | U10: =IF( AND(SUMIFS('dlr-shepard-shepard_arcan_combi'!U:U, 'dlr-shepard-shepard_arcan_combi'!$A:$A, $A10, 'dlr-shepard-shepard_arcan_combi'!$B:$B, $B10, 'dlr-shepard-shepard_arcan_combi'!$C:$C, $C10), SUMIFS('ongresinc-stackgres_arcan_combi'!U:U, 'ongresinc-stackgres_arcan_combi'!$A:$A, $A10, 'ongresinc-stackgres_arcan_combi'!$B:$B, $B10, 'ongresinc-stackgres_arcan_combi'!$C:$C, $C10)), AVERAGE( SUMIFS('dlr-shepard-shepard_arcan_combi'!U:U, 'dlr-shepard-shepard_arcan_combi'!$A:$A, $A10, 'dlr-shepard-shepard_arcan_combi'!$B:$B, $B10, 'dlr-shepard-shepard_arcan_combi'!$C:$C, $C10), SUMIFS('ongresinc-stackgres_arcan_combi'!U:U, 'ongresinc-stackgres_arcan_combi'!$A:$A, $A10, 'ongresinc-stackgres_arcan_combi'!$B:$B, $B10, 'ongresinc-stackgres_arcan_combi'!$C:$C, $C10)), "")
A11: feedforward_nn | B11: class_weight | C11: sbert_tfidf_weighted | D11: 7 | E11: =IF( AND(SUMIFS('dlr-shepard-shepard_arcan_combi'!E:E, 'dlr-shepard-shepard_arcan_combi'!$A:$A, $A11, 'dlr-shepard-shepard_arcan_combi'!$B:$B, $B11, 'dlr-shepard-shepard_arcan_combi'!$C:$C, $C11), SUMIFS('ongresinc-stackgres_arcan_combi'!E:E, 'ongresinc-stackgres_arcan_combi'!$A:$A, $A11, 'ongresinc-stackgres_arcan_combi'!$B:$B, $B11, 'ongresinc-stackgres_arcan_combi'!$C:$C, $C11)), AVERAGE( SUMIFS('dlr-shepard-shepard_arcan_combi'!E:E, 'dlr-shepard-shepard_arcan_combi'!$A:$A, $A11, 'dlr-shepard-shepard_arcan_combi'!$B:$B, $B11, 'dlr-shepard-shepard_arcan_combi'!$C:$C, $C11), SUMIFS('ongresinc-stackgres_arcan_combi'!E:E, 'ongresinc-stackgres_arcan_combi'!$A:$A, $A11, 'ongresinc-stackgres_arcan_combi'!$B:$B, $B11, 'ongresinc-stackgres_arcan_combi'!$C:$C, $C11)), "") | F11: =IF( AND(SUMIFS('dlr-shepard-shepard_arcan_combi'!F:F, 'dlr-shepard-shepard_arcan_combi'!$A:$A, $A11, 'dlr-shepard-shepard_arcan_combi'!$B:$B, $B11, 'dlr-shepard-shepard_arcan_combi'!$C:$C, $C11), SUMIFS('ongresinc-stackgres_arcan_combi'!F:F, 'ongresinc-stackgres_arcan_combi'!$A:$A, $A11, 'ongresinc-stackgres_arcan_combi'!$B:$B, $B11, 'ongresinc-stackgres_arcan_combi'!$C:$C, $C11)), AVERAGE( SUMIFS('dlr-shepard-shepard_arcan_combi'!F:F, 'dlr-shepard-shepard_arcan_combi'!$A:$A, $A11, 'dlr-shepard-shepard_arcan_combi'!$B:$B, $B11, 'dlr-shepard-shepard_arcan_combi'!$C:$C, $C11), SUMIFS('ongresinc-stackgres_arcan_combi'!F:F, 'ongresinc-stackgres_arcan_combi'!$A:$A, $A11, 'ongresinc-stackgres_arcan_combi'!$B:$B, $B11, 'ongresinc-stackgres_arcan_combi'!$C:$C, $C11)), "") | G11: =IF( AND(SUMIFS('dlr-shepard-shepard_arcan_combi'!G:G, 'dlr-shepard-shepard_arcan_combi'!$A:$A, $A11, 'dlr-shepard-shepard_arcan_combi'!$B:$B, $B11, 'dlr-shepard-shepard_arcan_combi'!$C:$C, $C11), SUMIFS('ongresinc-stackgres_arcan_combi'!G:G, 'ongresinc-stackgres_arcan_combi'!$A:$A, $A11, 'ongresinc-stackgres_arcan_combi'!$B:$B, $B11, 'ongresinc-stackgres_arcan_combi'!$C:$C, $C11)), AVERAGE( SUMIFS('dlr-shepard-shepard_arcan_combi'!G:G, 'dlr-shepard-shepard_arcan_combi'!$A:$A, $A11, 'dlr-shepard-shepard_arcan_combi'!$B:$B, $B11, 'dlr-shepard-shepard_arcan_combi'!$C:$C, $C11), SUMIFS('ongresinc-stackgres_arcan_combi'!G:G, 'ongresinc-stackgres_arcan_combi'!$A:$A, $A11, 'ongresinc-stackgres_arcan_combi'!$B:$B, $B11, 'ongresinc-stackgres_arcan_combi'!$C:$C, $C11)), "") | H11: =IF( AND(SUMIFS('dlr-shepard-shepard_arcan_combi'!H:H, 'dlr-shepard-shepard_arcan_combi'!$A:$A, $A11, 'dlr-shepard-shepard_arcan_combi'!$B:$B, $B11, 'dlr-shepard-shepard_arcan_combi'!$C:$C, $C11), SUMIFS('ongresinc-stackgres_arcan_combi'!H:H, 'ongresinc-stackgres_arcan_combi'!$A:$A, $A11, 'ongresinc-stackgres_arcan_combi'!$B:$B, $B11, 'ongresinc-stackgres_arcan_combi'!$C:$C, $C11)), AVERAGE( SUMIFS('dlr-shepard-shepard_arcan_combi'!H:H, 'dlr-shepard-shepard_arcan_combi'!$A:$A, $A11, 'dlr-shepard-shepard_arcan_combi'!$B:$B, $B11, 'dlr-shepard-shepard_arcan_combi'!$C:$C, $C11), SUMIFS('ongresinc-stackgres_arcan_combi'!H:H, 'ongresinc-stackgres_arcan_combi'!$A:$A, $A11, 'ongresinc-stackgres_arcan_combi'!$B:$B, $B11, 'ongresinc-stackgres_arcan_combi'!$C:$C, $C11)), "") | I11: =IF( AND(SUMIFS('dlr-shepard-shepard_arcan_combi'!I:I, 'dlr-shepard-shepard_arcan_combi'!$A:$A, $A11, 'dlr-shepard-shepard_arcan_combi'!$B:$B, $B11, 'dlr-shepard-shepard_arcan_combi'!$C:$C, $C11), SUMIFS('ongresinc-stackgres_arcan_combi'!I:I, 'ongresinc-stackgres_arcan_combi'!$A:$A, $A11, 'ongresinc-stackgres_arcan_combi'!$B:$B, $B11, 'ongresinc-stackgres_arcan_combi'!$C:$C, $C11)), AVERAGE( SUMIFS('dlr-shepard-shepard_arcan_combi'!I:I, 'dlr-shepard-shepard_arcan_combi'!$A:$A, $A11, 'dlr-shepard-shepard_arcan_combi'!$B:$B, $B11, 'dlr-shepard-shepard_arcan_combi'!$C:$C, $C11), SUMIFS('ongresinc-stackgres_arcan_combi'!I:I, 'ongresinc-stackgres_arcan_combi'!$A:$A, $A11, 'ongresinc-stackgres_arcan_combi'!$B:$B, $B11, 'ongresinc-stackgres_arcan_combi'!$C:$C, $C11)), "") | J11: =IF( AND(SUMIFS('dlr-shepard-shepard_arcan_combi'!J:J, 'dlr-shepard-shepard_arcan_combi'!$A:$A, $A11, 'dlr-shepard-shepard_arcan_combi'!$B:$B, $B11, 'dlr-shepard-shepard_arcan_combi'!$C:$C, $C11), SUMIFS('ongresinc-stackgres_arcan_combi'!J:J, 'ongresinc-stackgres_arcan_combi'!$A:$A, $A11, 'ongresinc-stackgres_arcan_combi'!$B:$B, $B11, 'ongresinc-stackgres_arcan_combi'!$C:$C, $C11)), AVERAGE( SUMIFS('dlr-shepard-shepard_arcan_combi'!J:J, 'dlr-shepard-shepard_arcan_combi'!$A:$A, $A11, 'dlr-shepard-shepard_arcan_combi'!$B:$B, $B11, 'dlr-shepard-shepard_arcan_combi'!$C:$C, $C11), SUMIFS('ongresinc-stackgres_arcan_combi'!J:J, 'ongresinc-stackgres_arcan_combi'!$A:$A, $A11, 'ongresinc-stackgres_arcan_combi'!$B:$B, $B11, 'ongresinc-stackgres_arcan_combi'!$C:$C, $C11)), "") | K11: =IF( AND(SUMIFS('dlr-shepard-shepard_arcan_combi'!K:K, 'dlr-shepard-shepard_arcan_combi'!$A:$A, $A11, 'dlr-shepard-shepard_arcan_combi'!$B:$B, $B11, 'dlr-shepard-shepard_arcan_combi'!$C:$C, $C11), SUMIFS('ongresinc-stackgres_arcan_combi'!K:K, 'ongresinc-stackgres_arcan_combi'!$A:$A, $A11, 'ongresinc-stackgres_arcan_combi'!$B:$B, $B11, 'ongresinc-stackgres_arcan_combi'!$C:$C, $C11)), AVERAGE( SUMIFS('dlr-shepard-shepard_arcan_combi'!K:K, 'dlr-shepard-shepard_arcan_combi'!$A:$A, $A11, 'dlr-shepard-shepard_arcan_combi'!$B:$B, $B11, 'dlr-shepard-shepard_arcan_combi'!$C:$C, $C11), SUMIFS('ongresinc-stackgres_arcan_combi'!K:K, 'ongresinc-stackgres_arcan_combi'!$A:$A, $A11, 'ongresinc-stackgres_arcan_combi'!$B:$B, $B11, 'ongresinc-stackgres_arcan_combi'!$C:$C, $C11)), "") | L11: =IF( AND(SUMIFS('dlr-shepard-shepard_arcan_combi'!L:L, 'dlr-shepard-shepard_arcan_combi'!$A:$A, $A11, 'dlr-shepard-shepard_arcan_combi'!$B:$B, $B11, 'dlr-shepard-shepard_arcan_combi'!$C:$C, $C11), SUMIFS('ongresinc-stackgres_arcan_combi'!L:L, 'ongresinc-stackgres_arcan_combi'!$A:$A, $A11, 'ongresinc-stackgres_arcan_combi'!$B:$B, $B11, 'ongresinc-stackgres_arcan_combi'!$C:$C, $C11)), AVERAGE( SUMIFS('dlr-shepard-shepard_arcan_combi'!L:L, 'dlr-shepard-shepard_arcan_combi'!$A:$A, $A11, 'dlr-shepard-shepard_arcan_combi'!$B:$B, $B11, 'dlr-shepard-shepard_arcan_combi'!$C:$C, $C11), SUMIFS('ongresinc-stackgres_arcan_combi'!L:L, 'ongresinc-stackgres_arcan_combi'!$A:$A, $A11, 'ongresinc-stackgres_arcan_combi'!$B:$B, $B11, 'ongresinc-stackgres_arcan_combi'!$C:$C, $C11)), "") | M11: =IF( AND(SUMIFS('dlr-shepard-shepard_arcan_combi'!M:M, 'dlr-shepard-shepard_arcan_combi'!$A:$A, $A11, 'dlr-shepard-shepard_arcan_combi'!$B:$B, $B11, 'dlr-shepard-shepard_arcan_combi'!$C:$C, $C11), SUMIFS('ongresinc-stackgres_arcan_combi'!M:M, 'ongresinc-stackgres_arcan_combi'!$A:$A, $A11, 'ongresinc-stackgres_arcan_combi'!$B:$B, $B11, 'ongresinc-stackgres_arcan_combi'!$C:$C, $C11)), AVERAGE( SUMIFS('dlr-shepard-shepard_arcan_combi'!M:M, 'dlr-shepard-shepard_arcan_combi'!$A:$A, $A11, 'dlr-shepard-shepard_arcan_combi'!$B:$B, $B11, 'dlr-shepard-shepard_arcan_combi'!$C:$C, $C11), SUMIFS('ongresinc-stackgres_arcan_combi'!M:M, 'ongresinc-stackgres_arcan_combi'!$A:$A, $A11, 'ongresinc-stackgres_arcan_combi'!$B:$B, $B11, 'ongresinc-stackgres_arcan_combi'!$C:$C, $C11)), "") | N11: =IF( AND(SUMIFS('dlr-shepard-shepard_arcan_combi'!N:N, 'dlr-shepard-shepard_arcan_combi'!$A:$A, $A11, 'dlr-shepard-shepard_arcan_combi'!$B:$B, $B11, 'dlr-shepard-shepard_arcan_combi'!$C:$C, $C11), SUMIFS('ongresinc-stackgres_arcan_combi'!N:N, 'ongresinc-stackgres_arcan_combi'!$A:$A, $A11, 'ongresinc-stackgres_arcan_combi'!$B:$B, $B11, 'ongresinc-stackgres_arcan_combi'!$C:$C, $C11)), AVERAGE( SUMIFS('dlr-shepard-shepard_arcan_combi'!N:N, 'dlr-shepard-shepard_arcan_combi'!$A:$A, $A11, 'dlr-shepard-shepard_arcan_combi'!$B:$B, $B11, 'dlr-shepard-shepard_arcan_combi'!$C:$C, $C11), SUMIFS('ongresinc-stackgres_arcan_combi'!N:N, 'ongresinc-stackgres_arcan_combi'!$A:$A, $A11, 'ongresinc-stackgres_arcan_combi'!$B:$B, $B11, 'ongresinc-stackgres_arcan_combi'!$C:$C, $C11)), "") | O11: =IF( AND(SUMIFS('dlr-shepard-shepard_arcan_combi'!O:O, 'dlr-shepard-shepard_arcan_combi'!$A:$A, $A11, 'dlr-shepard-shepard_arcan_combi'!$B:$B, $B11, 'dlr-shepard-shepard_arcan_combi'!$C:$C, $C11), SUMIFS('ongresinc-stackgres_arcan_combi'!O:O, 'ongresinc-stackgres_arcan_combi'!$A:$A, $A11, 'ongresinc-stackgres_arcan_combi'!$B:$B, $B11, 'ongresinc-stackgres_arcan_combi'!$C:$C, $C11)), AVERAGE( SUMIFS('dlr-shepard-shepard_arcan_combi'!O:O, 'dlr-shepard-shepard_arcan_combi'!$A:$A, $A11, 'dlr-shepard-shepard_arcan_combi'!$B:$B, $B11, 'dlr-shepard-shepard_arcan_combi'!$C:$C, $C11), SUMIFS('ongresinc-stackgres_arcan_combi'!O:O, 'ongresinc-stackgres_arcan_combi'!$A:$A, $A11, 'ongresinc-stackgres_arcan_combi'!$B:$B, $B11, 'ongresinc-stackgres_arcan_combi'!$C:$C, $C11)), "") | P11: =IF( AND(SUMIFS('dlr-shepard-shepard_arcan_combi'!P:P, 'dlr-shepard-shepard_arcan_combi'!$A:$A, $A11, 'dlr-shepard-shepard_arcan_combi'!$B:$B, $B11, 'dlr-shepard-shepard_arcan_combi'!$C:$C, $C11), SUMIFS('ongresinc-stackgres_arcan_combi'!P:P, 'ongresinc-stackgres_arcan_combi'!$A:$A, $A11, 'ongresinc-stackgres_arcan_combi'!$B:$B, $B11, 'ongresinc-stackgres_arcan_combi'!$C:$C, $C11)), AVERAGE( SUMIFS('dlr-shepard-shepard_arcan_combi'!P:P, 'dlr-shepard-shepard_arcan_combi'!$A:$A, $A11, 'dlr-shepard-shepard_arcan_combi'!$B:$B, $B11, 'dlr-shepard-shepard_arcan_combi'!$C:$C, $C11), SUMIFS('ongresinc-stackgres_arcan_combi'!P:P, 'ongresinc-stackgres_arcan_combi'!$A:$A, $A11, 'ongresinc-stackgres_arcan_combi'!$B:$B, $B11, 'ongresinc-stackgres_arcan_combi'!$C:$C, $C11)), "") | Q11: =IF( AND(SUMIFS('dlr-shepard-shepard_arcan_combi'!Q:Q, 'dlr-shepard-shepard_arcan_combi'!$A:$A, $A11, 'dlr-shepard-shepard_arcan_combi'!$B:$B, $B11, 'dlr-shepard-shepard_arcan_combi'!$C:$C, $C11), SUMIFS('ongresinc-stackgres_arcan_combi'!Q:Q, 'ongresinc-stackgres_arcan_combi'!$A:$A, $A11, 'ongresinc-stackgres_arcan_combi'!$B:$B, $B11, 'ongresinc-stackgres_arcan_combi'!$C:$C, $C11)), AVERAGE( SUMIFS('dlr-shepard-shepard_arcan_combi'!Q:Q, 'dlr-shepard-shepard_arcan_combi'!$A:$A, $A11, 'dlr-shepard-shepard_arcan_combi'!$B:$B, $B11, 'dlr-shepard-shepard_arcan_combi'!$C:$C, $C11), SUMIFS('ongresinc-stackgres_arcan_combi'!Q:Q, 'ongresinc-stackgres_arcan_combi'!$A:$A, $A11, 'ongresinc-stackgres_arcan_combi'!$B:$B, $B11, 'ongresinc-stackgres_arcan_combi'!$C:$C, $C11)), "") | R11: =IF( AND(SUMIFS('dlr-shepard-shepard_arcan_combi'!R:R, 'dlr-shepard-shepard_arcan_combi'!$A:$A, $A11, 'dlr-shepard-shepard_arcan_combi'!$B:$B, $B11, 'dlr-shepard-shepard_arcan_combi'!$C:$C, $C11), SUMIFS('ongresinc-stackgres_arcan_combi'!R:R, 'ongresinc-stackgres_arcan_combi'!$A:$A, $A11, 'ongresinc-stackgres_arcan_combi'!$B:$B, $B11, 'ongresinc-stackgres_arcan_combi'!$C:$C, $C11)), AVERAGE( SUMIFS('dlr-shepard-shepard_arcan_combi'!R:R, 'dlr-shepard-shepard_arcan_combi'!$A:$A, $A11, 'dlr-shepard-shepard_arcan_combi'!$B:$B, $B11, 'dlr-shepard-shepard_arcan_combi'!$C:$C, $C11), SUMIFS('ongresinc-stackgres_arcan_combi'!R:R, 'ongresinc-stackgres_arcan_combi'!$A:$A, $A11, 'ongresinc-stackgres_arcan_combi'!$B:$B, $B11, 'ongresinc-stackgres_arcan_combi'!$C:$C, $C11)), "") | S11: =IF( AND(SUMIFS('dlr-shepard-shepard_arcan_combi'!S:S, 'dlr-shepard-shepard_arcan_combi'!$A:$A, $A11, 'dlr-shepard-shepard_arcan_combi'!$B:$B, $B11, 'dlr-shepard-shepard_arcan_combi'!$C:$C, $C11), SUMIFS('ongresinc-stackgres_arcan_combi'!S:S, 'ongresinc-stackgres_arcan_combi'!$A:$A, $A11, 'ongresinc-stackgres_arcan_combi'!$B:$B, $B11, 'ongresinc-stackgres_arcan_combi'!$C:$C, $C11)), AVERAGE( SUMIFS('dlr-shepard-shepard_arcan_combi'!S:S, 'dlr-shepard-shepard_arcan_combi'!$A:$A, $A11, 'dlr-shepard-shepard_arcan_combi'!$B:$B, $B11, 'dlr-shepard-shepard_arcan_combi'!$C:$C, $C11), SUMIFS('ongresinc-stackgres_arcan_combi'!S:S, 'ongresinc-stackgres_arcan_combi'!$A:$A, $A11, 'ongresinc-stackgres_arcan_combi'!$B:$B, $B11, 'ongresinc-stackgres_arcan_combi'!$C:$C, $C11)), "") | T11: =IF( AND(SUMIFS('dlr-shepard-shepard_arcan_combi'!T:T, 'dlr-shepard-shepard_arcan_combi'!$A:$A, $A11, 'dlr-shepard-shepard_arcan_combi'!$B:$B, $B11, 'dlr-shepard-shepard_arcan_combi'!$C:$C, $C11), SUMIFS('ongresinc-stackgres_arcan_combi'!T:T, 'ongresinc-stackgres_arcan_combi'!$A:$A, $A11, 'ongresinc-stackgres_arcan_combi'!$B:$B, $B11, 'ongresinc-stackgres_arcan_combi'!$C:$C, $C11)), AVERAGE( SUMIFS('dlr-shepard-shepard_arcan_combi'!T:T, 'dlr-shepard-shepard_arcan_combi'!$A:$A, $A11, 'dlr-shepard-shepard_arcan_combi'!$B:$B, $B11, 'dlr-shepard-shepard_arcan_combi'!$C:$C, $C11), SUMIFS('ongresinc-stackgres_arcan_combi'!T:T, 'ongresinc-stackgres_arcan_combi'!$A:$A, $A11, 'ongresinc-stackgres_arcan_combi'!$B:$B, $B11, 'ongresinc-stackgres_arcan_combi'!$C:$C, $C11)), "") | U11: =IF( AND(SUMIFS('dlr-shepard-shepard_arcan_combi'!U:U, 'dlr-shepard-shepard_arcan_combi'!$A:$A, $A11, 'dlr-shepard-shepard_arcan_combi'!$B:$B, $B11, 'dlr-shepard-shepard_arcan_combi'!$C:$C, $C11), SUMIFS('ongresinc-stackgres_arcan_combi'!U:U, 'ongresinc-stackgres_arcan_combi'!$A:$A, $A11, 'ongresinc-stackgres_arcan_combi'!$B:$B, $B11, 'ongresinc-stackgres_arcan_combi'!$C:$C, $C11)), AVERAGE( SUMIFS('dlr-shepard-shepard_arcan_combi'!U:U, 'dlr-shepard-shepard_arcan_combi'!$A:$A, $A11, 'dlr-shepard-shepard_arcan_combi'!$B:$B, $B11, 'dlr-shepard-shepard_arcan_combi'!$C:$C, $C11), SUMIFS('ongresinc-stackgres_arcan_combi'!U:U, 'ongresinc-stackgres_arcan_combi'!$A:$A, $A11, 'ongresinc-stackgres_arcan_combi'!$B:$B, $B11, 'ongresinc-stackgres_arcan_combi'!$C:$C, $C11)), "")
A12: feedforward_nn | B12: none | C12: sbert_max | D12: 7 | E12: =IF( AND(SUMIFS('dlr-shepard-shepard_arcan_combi'!E:E, 'dlr-shepard-shepard_arcan_combi'!$A:$A, $A12, 'dlr-shepard-shepard_arcan_combi'!$B:$B, $B12, 'dlr-shepard-shepard_arcan_combi'!$C:$C, $C12), SUMIFS('ongresinc-stackgres_arcan_combi'!E:E, 'ongresinc-stackgres_arcan_combi'!$A:$A, $A12, 'ongresinc-stackgres_arcan_combi'!$B:$B, $B12, 'ongresinc-stackgres_arcan_combi'!$C:$C, $C12)), AVERAGE( SUMIFS('dlr-shepard-shepard_arcan_combi'!E:E, 'dlr-shepard-shepard_arcan_combi'!$A:$A, $A12, 'dlr-shepard-shepard_arcan_combi'!$B:$B, $B12, 'dlr-shepard-shepard_arcan_combi'!$C:$C, $C12), SUMIFS('ongresinc-stackgres_arcan_combi'!E:E, 'ongresinc-stackgres_arcan_combi'!$A:$A, $A12, 'ongresinc-stackgres_arcan_combi'!$B:$B, $B12, 'ongresinc-stackgres_arcan_combi'!$C:$C, $C12)), "") | F12: =IF( AND(SUMIFS('dlr-shepard-shepard_arcan_combi'!F:F, 'dlr-shepard-shepard_arcan_combi'!$A:$A, $A12, 'dlr-shepard-shepard_arcan_combi'!$B:$B, $B12, 'dlr-shepard-shepard_arcan_combi'!$C:$C, $C12), SUMIFS('ongresinc-stackgres_arcan_combi'!F:F, 'ongresinc-stackgres_arcan_combi'!$A:$A, $A12, 'ongresinc-stackgres_arcan_combi'!$B:$B, $B12, 'ongresinc-stackgres_arcan_combi'!$C:$C, $C12)), AVERAGE( SUMIFS('dlr-shepard-shepard_arcan_combi'!F:F, 'dlr-shepard-shepard_arcan_combi'!$A:$A, $A12, 'dlr-shepard-shepard_arcan_combi'!$B:$B, $B12, 'dlr-shepard-shepard_arcan_combi'!$C:$C, $C12), SUMIFS('ongresinc-stackgres_arcan_combi'!F:F, 'ongresinc-stackgres_arcan_combi'!$A:$A, $A12, 'ongresinc-stackgres_arcan_combi'!$B:$B, $B12, 'ongresinc-stackgres_arcan_combi'!$C:$C, $C12)), "") | G12: =IF( AND(SUMIFS('dlr-shepard-shepard_arcan_combi'!G:G, 'dlr-shepard-shepard_arcan_combi'!$A:$A, $A12, 'dlr-shepard-shepard_arcan_combi'!$B:$B, $B12, 'dlr-shepard-shepard_arcan_combi'!$C:$C, $C12), SUMIFS('ongresinc-stackgres_arcan_combi'!G:G, 'ongresinc-stackgres_arcan_combi'!$A:$A, $A12, 'ongresinc-stackgres_arcan_combi'!$B:$B, $B12, 'ongresinc-stackgres_arcan_combi'!$C:$C, $C12)), AVERAGE( SUMIFS('dlr-shepard-shepard_arcan_combi'!G:G, 'dlr-shepard-shepard_arcan_combi'!$A:$A, $A12, 'dlr-shepard-shepard_arcan_combi'!$B:$B, $B12, 'dlr-shepard-shepard_arcan_combi'!$C:$C, $C12), SUMIFS('ongresinc-stackgres_arcan_combi'!G:G, 'ongresinc-stackgres_arcan_combi'!$A:$A, $A12, 'ongresinc-stackgres_arcan_combi'!$B:$B, $B12, 'ongresinc-stackgres_arcan_combi'!$C:$C, $C12)), "") | H12: =IF( AND(SUMIFS('dlr-shepard-shepard_arcan_combi'!H:H, 'dlr-shepard-shepard_arcan_combi'!$A:$A, $A12, 'dlr-shepard-shepard_arcan_combi'!$B:$B, $B12, 'dlr-shepard-shepard_arcan_combi'!$C:$C, $C12), SUMIFS('ongresinc-stackgres_arcan_combi'!H:H, 'ongresinc-stackgres_arcan_combi'!$A:$A, $A12, 'ongresinc-stackgres_arcan_combi'!$B:$B, $B12, 'ongresinc-stackgres_arcan_combi'!$C:$C, $C12)), AVERAGE( SUMIFS('dlr-shepard-shepard_arcan_combi'!H:H, 'dlr-shepard-shepard_arcan_combi'!$A:$A, $A12, 'dlr-shepard-shepard_arcan_combi'!$B:$B, $B12, 'dlr-shepard-shepard_arcan_combi'!$C:$C, $C12), SUMIFS('ongresinc-stackgres_arcan_combi'!H:H, 'ongresinc-stackgres_arcan_combi'!$A:$A, $A12, 'ongresinc-stackgres_arcan_combi'!$B:$B, $B12, 'ongresinc-stackgres_arcan_combi'!$C:$C, $C12)), "") | I12: =IF( AND(SUMIFS('dlr-shepard-shepard_arcan_combi'!I:I, 'dlr-shepard-shepard_arcan_combi'!$A:$A, $A12, 'dlr-shepard-shepard_arcan_combi'!$B:$B, $B12, 'dlr-shepard-shepard_arcan_combi'!$C:$C, $C12), SUMIFS('ongresinc-stackgres_arcan_combi'!I:I, 'ongresinc-stackgres_arcan_combi'!$A:$A, $A12, 'ongresinc-stackgres_arcan_combi'!$B:$B, $B12, 'ongresinc-stackgres_arcan_combi'!$C:$C, $C12)), AVERAGE( SUMIFS('dlr-shepard-shepard_arcan_combi'!I:I, 'dlr-shepard-shepard_arcan_combi'!$A:$A, $A12, 'dlr-shepard-shepard_arcan_combi'!$B:$B, $B12, 'dlr-shepard-shepard_arcan_combi'!$C:$C, $C12), SUMIFS('ongresinc-stackgres_arcan_combi'!I:I, 'ongresinc-stackgres_arcan_combi'!$A:$A, $A12, 'ongresinc-stackgres_arcan_combi'!$B:$B, $B12, 'ongresinc-stackgres_arcan_combi'!$C:$C, $C12)), "") | J12: =IF( AND(SUMIFS('dlr-shepard-shepard_arcan_combi'!J:J, 'dlr-shepard-shepard_arcan_combi'!$A:$A, $A12, 'dlr-shepard-shepard_arcan_combi'!$B:$B, $B12, 'dlr-shepard-shepard_arcan_combi'!$C:$C, $C12), SUMIFS('ongresinc-stackgres_arcan_combi'!J:J, 'ongresinc-stackgres_arcan_combi'!$A:$A, $A12, 'ongresinc-stackgres_arcan_combi'!$B:$B, $B12, 'ongresinc-stackgres_arcan_combi'!$C:$C, $C12)), AVERAGE( SUMIFS('dlr-shepard-shepard_arcan_combi'!J:J, 'dlr-shepard-shepard_arcan_combi'!$A:$A, $A12, 'dlr-shepard-shepard_arcan_combi'!$B:$B, $B12, 'dlr-shepard-shepard_arcan_combi'!$C:$C, $C12), SUMIFS('ongresinc-stackgres_arcan_combi'!J:J, 'ongresinc-stackgres_arcan_combi'!$A:$A, $A12, 'ongresinc-stackgres_arcan_combi'!$B:$B, $B12, 'ongresinc-stackgres_arcan_combi'!$C:$C, $C12)), "") | K12: =IF( AND(SUMIFS('dlr-shepard-shepard_arcan_combi'!K:K, 'dlr-shepard-shepard_arcan_combi'!$A:$A, $A12, 'dlr-shepard-shepard_arcan_combi'!$B:$B, $B12, 'dlr-shepard-shepard_arcan_combi'!$C:$C, $C12), SUMIFS('ongresinc-stackgres_arcan_combi'!K:K, 'ongresinc-stackgres_arcan_combi'!$A:$A, $A12, 'ongresinc-stackgres_arcan_combi'!$B:$B, $B12, 'ongresinc-stackgres_arcan_combi'!$C:$C, $C12)), AVERAGE( SUMIFS('dlr-shepard-shepard_arcan_combi'!K:K, 'dlr-shepard-shepard_arcan_combi'!$A:$A, $A12, 'dlr-shepard-shepard_arcan_combi'!$B:$B, $B12, 'dlr-shepard-shepard_arcan_combi'!$C:$C, $C12), SUMIFS('ongresinc-stackgres_arcan_combi'!K:K, 'ongresinc-stackgres_arcan_combi'!$A:$A, $A12, 'ongresinc-stackgres_arcan_combi'!$B:$B, $B12, 'ongresinc-stackgres_arcan_combi'!$C:$C, $C12)), "") | L12: =IF( AND(SUMIFS('dlr-shepard-shepard_arcan_combi'!L:L, 'dlr-shepard-shepard_arcan_combi'!$A:$A, $A12, 'dlr-shepard-shepard_arcan_combi'!$B:$B, $B12, 'dlr-shepard-shepard_arcan_combi'!$C:$C, $C12), SUMIFS('ongresinc-stackgres_arcan_combi'!L:L, 'ongresinc-stackgres_arcan_combi'!$A:$A, $A12, 'ongresinc-stackgres_arcan_combi'!$B:$B, $B12, 'ongresinc-stackgres_arcan_combi'!$C:$C, $C12)), AVERAGE( SUMIFS('dlr-shepard-shepard_arcan_combi'!L:L, 'dlr-shepard-shepard_arcan_combi'!$A:$A, $A12, 'dlr-shepard-shepard_arcan_combi'!$B:$B, $B12, 'dlr-shepard-shepard_arcan_combi'!$C:$C, $C12), SUMIFS('ongresinc-stackgres_arcan_combi'!L:L, 'ongresinc-stackgres_arcan_combi'!$A:$A, $A12, 'ongresinc-stackgres_arcan_combi'!$B:$B, $B12, 'ongresinc-stackgres_arcan_combi'!$C:$C, $C12)), "") | M12: =IF( AND(SUMIFS('dlr-shepard-shepard_arcan_combi'!M:M, 'dlr-shepard-shepard_arcan_combi'!$A:$A, $A12, 'dlr-shepard-shepard_arcan_combi'!$B:$B, $B12, 'dlr-shepard-shepard_arcan_combi'!$C:$C, $C12), SUMIFS('ongresinc-stackgres_arcan_combi'!M:M, 'ongresinc-stackgres_arcan_combi'!$A:$A, $A12, 'ongresinc-stackgres_arcan_combi'!$B:$B, $B12, 'ongresinc-stackgres_arcan_combi'!$C:$C, $C12)), AVERAGE( SUMIFS('dlr-shepard-shepard_arcan_combi'!M:M, 'dlr-shepard-shepard_arcan_combi'!$A:$A, $A12, 'dlr-shepard-shepard_arcan_combi'!$B:$B, $B12, 'dlr-shepard-shepard_arcan_combi'!$C:$C, $C12), SUMIFS('ongresinc-stackgres_arcan_combi'!M:M, 'ongresinc-stackgres_arcan_combi'!$A:$A, $A12, 'ongresinc-stackgres_arcan_combi'!$B:$B, $B12, 'ongresinc-stackgres_arcan_combi'!$C:$C, $C12)), "") | N12: =IF( AND(SUMIFS('dlr-shepard-shepard_arcan_combi'!N:N, 'dlr-shepard-shepard_arcan_combi'!$A:$A, $A12, 'dlr-shepard-shepard_arcan_combi'!$B:$B, $B12, 'dlr-shepard-shepard_arcan_combi'!$C:$C, $C12), SUMIFS('ongresinc-stackgres_arcan_combi'!N:N, 'ongresinc-stackgres_arcan_combi'!$A:$A, $A12, 'ongresinc-stackgres_arcan_combi'!$B:$B, $B12, 'ongresinc-stackgres_arcan_combi'!$C:$C, $C12)), AVERAGE( SUMIFS('dlr-shepard-shepard_arcan_combi'!N:N, 'dlr-shepard-shepard_arcan_combi'!$A:$A, $A12, 'dlr-shepard-shepard_arcan_combi'!$B:$B, $B12, 'dlr-shepard-shepard_arcan_combi'!$C:$C, $C12), SUMIFS('ongresinc-stackgres_arcan_combi'!N:N, 'ongresinc-stackgres_arcan_combi'!$A:$A, $A12, 'ongresinc-stackgres_arcan_combi'!$B:$B, $B12, 'ongresinc-stackgres_arcan_combi'!$C:$C, $C12)), "") | O12: =IF( AND(SUMIFS('dlr-shepard-shepard_arcan_combi'!O:O, 'dlr-shepard-shepard_arcan_combi'!$A:$A, $A12, 'dlr-shepard-shepard_arcan_combi'!$B:$B, $B12, 'dlr-shepard-shepard_arcan_combi'!$C:$C, $C12), SUMIFS('ongresinc-stackgres_arcan_combi'!O:O, 'ongresinc-stackgres_arcan_combi'!$A:$A, $A12, 'ongresinc-stackgres_arcan_combi'!$B:$B, $B12, 'ongresinc-stackgres_arcan_combi'!$C:$C, $C12)), AVERAGE( SUMIFS('dlr-shepard-shepard_arcan_combi'!O:O, 'dlr-shepard-shepard_arcan_combi'!$A:$A, $A12, 'dlr-shepard-shepard_arcan_combi'!$B:$B, $B12, 'dlr-shepard-shepard_arcan_combi'!$C:$C, $C12), SUMIFS('ongresinc-stackgres_arcan_combi'!O:O, 'ongresinc-stackgres_arcan_combi'!$A:$A, $A12, 'ongresinc-stackgres_arcan_combi'!$B:$B, $B12, 'ongresinc-stackgres_arcan_combi'!$C:$C, $C12)), "") | P12: =IF( AND(SUMIFS('dlr-shepard-shepard_arcan_combi'!P:P, 'dlr-shepard-shepard_arcan_combi'!$A:$A, $A12, 'dlr-shepard-shepard_arcan_combi'!$B:$B, $B12, 'dlr-shepard-shepard_arcan_combi'!$C:$C, $C12), SUMIFS('ongresinc-stackgres_arcan_combi'!P:P, 'ongresinc-stackgres_arcan_combi'!$A:$A, $A12, 'ongresinc-stackgres_arcan_combi'!$B:$B, $B12, 'ongresinc-stackgres_arcan_combi'!$C:$C, $C12)), AVERAGE( SUMIFS('dlr-shepard-shepard_arcan_combi'!P:P, 'dlr-shepard-shepard_arcan_combi'!$A:$A, $A12, 'dlr-shepard-shepard_arcan_combi'!$B:$B, $B12, 'dlr-shepard-shepard_arcan_combi'!$C:$C, $C12), SUMIFS('ongresinc-stackgres_arcan_combi'!P:P, 'ongresinc-stackgres_arcan_combi'!$A:$A, $A12, 'ongresinc-stackgres_arcan_combi'!$B:$B, $B12, 'ongresinc-stackgres_arcan_combi'!$C:$C, $C12)), "") | Q12: =IF( AND(SUMIFS('dlr-shepard-shepard_arcan_combi'!Q:Q, 'dlr-shepard-shepard_arcan_combi'!$A:$A, $A12, 'dlr-shepard-shepard_arcan_combi'!$B:$B, $B12, 'dlr-shepard-shepard_arcan_combi'!$C:$C, $C12), SUMIFS('ongresinc-stackgres_arcan_combi'!Q:Q, 'ongresinc-stackgres_arcan_combi'!$A:$A, $A12, 'ongresinc-stackgres_arcan_combi'!$B:$B, $B12, 'ongresinc-stackgres_arcan_combi'!$C:$C, $C12)), AVERAGE( SUMIFS('dlr-shepard-shepard_arcan_combi'!Q:Q, 'dlr-shepard-shepard_arcan_combi'!$A:$A, $A12, 'dlr-shepard-shepard_arcan_combi'!$B:$B, $B12, 'dlr-shepard-shepard_arcan_combi'!$C:$C, $C12), SUMIFS('ongresinc-stackgres_arcan_combi'!Q:Q, 'ongresinc-stackgres_arcan_combi'!$A:$A, $A12, 'ongresinc-stackgres_arcan_combi'!$B:$B, $B12, 'ongresinc-stackgres_arcan_combi'!$C:$C, $C12)), "") | R12: =IF( AND(SUMIFS('dlr-shepard-shepard_arcan_combi'!R:R, 'dlr-shepard-shepard_arcan_combi'!$A:$A, $A12, 'dlr-shepard-shepard_arcan_combi'!$B:$B, $B12, 'dlr-shepard-shepard_arcan_combi'!$C:$C, $C12), SUMIFS('ongresinc-stackgres_arcan_combi'!R:R, 'ongresinc-stackgres_arcan_combi'!$A:$A, $A12, 'ongresinc-stackgres_arcan_combi'!$B:$B, $B12, 'ongresinc-stackgres_arcan_combi'!$C:$C, $C12)), AVERAGE( SUMIFS('dlr-shepard-shepard_arcan_combi'!R:R, 'dlr-shepard-shepard_arcan_combi'!$A:$A, $A12, 'dlr-shepard-shepard_arcan_combi'!$B:$B, $B12, 'dlr-shepard-shepard_arcan_combi'!$C:$C, $C12), SUMIFS('ongresinc-stackgres_arcan_combi'!R:R, 'ongresinc-stackgres_arcan_combi'!$A:$A, $A12, 'ongresinc-stackgres_arcan_combi'!$B:$B, $B12, 'ongresinc-stackgres_arcan_combi'!$C:$C, $C12)), "") | S12: =IF( AND(SUMIFS('dlr-shepard-shepard_arcan_combi'!S:S, 'dlr-shepard-shepard_arcan_combi'!$A:$A, $A12, 'dlr-shepard-shepard_arcan_combi'!$B:$B, $B12, 'dlr-shepard-shepard_arcan_combi'!$C:$C, $C12), SUMIFS('ongresinc-stackgres_arcan_combi'!S:S, 'ongresinc-stackgres_arcan_combi'!$A:$A, $A12, 'ongresinc-stackgres_arcan_combi'!$B:$B, $B12, 'ongresinc-stackgres_arcan_combi'!$C:$C, $C12)), AVERAGE( SUMIFS('dlr-shepard-shepard_arcan_combi'!S:S, 'dlr-shepard-shepard_arcan_combi'!$A:$A, $A12, 'dlr-shepard-shepard_arcan_combi'!$B:$B, $B12, 'dlr-shepard-shepard_arcan_combi'!$C:$C, $C12), SUMIFS('ongresinc-stackgres_arcan_combi'!S:S, 'ongresinc-stackgres_arcan_combi'!$A:$A, $A12, 'ongresinc-stackgres_arcan_combi'!$B:$B, $B12, 'ongresinc-stackgres_arcan_combi'!$C:$C, $C12)), "") | T12: =IF( AND(SUMIFS('dlr-shepard-shepard_arcan_combi'!T:T, 'dlr-shepard-shepard_arcan_combi'!$A:$A, $A12, 'dlr-shepard-shepard_arcan_combi'!$B:$B, $B12, 'dlr-shepard-shepard_arcan_combi'!$C:$C, $C12), SUMIFS('ongresinc-stackgres_arcan_combi'!T:T, 'ongresinc-stackgres_arcan_combi'!$A:$A, $A12, 'ongresinc-stackgres_arcan_combi'!$B:$B, $B12, 'ongresinc-stackgres_arcan_combi'!$C:$C, $C12)), AVERAGE( SUMIFS('dlr-shepard-shepard_arcan_combi'!T:T, 'dlr-shepard-shepard_arcan_combi'!$A:$A, $A12, 'dlr-shepard-shepard_arcan_combi'!$B:$B, $B12, 'dlr-shepard-shepard_arcan_combi'!$C:$C, $C12), SUMIFS('ongresinc-stackgres_arcan_combi'!T:T, 'ongresinc-stackgres_arcan_combi'!$A:$A, $A12, 'ongresinc-stackgres_arcan_combi'!$B:$B, $B12, 'ongresinc-stackgres_arcan_combi'!$C:$C, $C12)), "") | U12: =IF( AND(SUMIFS('dlr-shepard-shepard_arcan_combi'!U:U, 'dlr-shepard-shepard_arcan_combi'!$A:$A, $A12, 'dlr-shepard-shepard_arcan_combi'!$B:$B, $B12, 'dlr-shepard-shepard_arcan_combi'!$C:$C, $C12), SUMIFS('ongresinc-stackgres_arcan_combi'!U:U, 'ongresinc-stackgres_arcan_combi'!$A:$A, $A12, 'ongresinc-stackgres_arcan_combi'!$B:$B, $B12, 'ongresinc-stackgres_arcan_combi'!$C:$C, $C12)), AVERAGE( SUMIFS('dlr-shepard-shepard_arcan_combi'!U:U, 'dlr-shepard-shepard_arcan_combi'!$A:$A, $A12, 'dlr-shepard-shepard_arcan_combi'!$B:$B, $B12, 'dlr-shepard-shepard_arcan_combi'!$C:$C, $C12), SUMIFS('ongresinc-stackgres_arcan_combi'!U:U, 'ongresinc-stackgres_arcan_combi'!$A:$A, $A12, 'ongresinc-stackgres_arcan_combi'!$B:$B, $B12, 'ongresinc-stackgres_arcan_combi'!$C:$C, $C12)), "")
A13: feedforward_nn | B13: class_weight | C13: sbert_max | D13: 7 | E13: =IF( AND(SUMIFS('dlr-shepard-shepard_arcan_combi'!E:E, 'dlr-shepard-shepard_arcan_combi'!$A:$A, $A13, 'dlr-shepard-shepard_arcan_combi'!$B:$B, $B13, 'dlr-shepard-shepard_arcan_combi'!$C:$C, $C13), SUMIFS('ongresinc-stackgres_arcan_combi'!E:E, 'ongresinc-stackgres_arcan_combi'!$A:$A, $A13, 'ongresinc-stackgres_arcan_combi'!$B:$B, $B13, 'ongresinc-stackgres_arcan_combi'!$C:$C, $C13)), AVERAGE( SUMIFS('dlr-shepard-shepard_arcan_combi'!E:E, 'dlr-shepard-shepard_arcan_combi'!$A:$A, $A13, 'dlr-shepard-shepard_arcan_combi'!$B:$B, $B13, 'dlr-shepard-shepard_arcan_combi'!$C:$C, $C13), SUMIFS('ongresinc-stackgres_arcan_combi'!E:E, 'ongresinc-stackgres_arcan_combi'!$A:$A, $A13, 'ongresinc-stackgres_arcan_combi'!$B:$B, $B13, 'ongresinc-stackgres_arcan_combi'!$C:$C, $C13)), "") | F13: =IF( AND(SUMIFS('dlr-shepard-shepard_arcan_combi'!F:F, 'dlr-shepard-shepard_arcan_combi'!$A:$A, $A13, 'dlr-shepard-shepard_arcan_combi'!$B:$B, $B13, 'dlr-shepard-shepard_arcan_combi'!$C:$C, $C13), SUMIFS('ongresinc-stackgres_arcan_combi'!F:F, 'ongresinc-stackgres_arcan_combi'!$A:$A, $A13, 'ongresinc-stackgres_arcan_combi'!$B:$B, $B13, 'ongresinc-stackgres_arcan_combi'!$C:$C, $C13)), AVERAGE( SUMIFS('dlr-shepard-shepard_arcan_combi'!F:F, 'dlr-shepard-shepard_arcan_combi'!$A:$A, $A13, 'dlr-shepard-shepard_arcan_combi'!$B:$B, $B13, 'dlr-shepard-shepard_arcan_combi'!$C:$C, $C13), SUMIFS('ongresinc-stackgres_arcan_combi'!F:F, 'ongresinc-stackgres_arcan_combi'!$A:$A, $A13, 'ongresinc-stackgres_arcan_combi'!$B:$B, $B13, 'ongresinc-stackgres_arcan_combi'!$C:$C, $C13)), "") | G13: =IF( AND(SUMIFS('dlr-shepard-shepard_arcan_combi'!G:G, 'dlr-shepard-shepard_arcan_combi'!$A:$A, $A13, 'dlr-shepard-shepard_arcan_combi'!$B:$B, $B13, 'dlr-shepard-shepard_arcan_combi'!$C:$C, $C13), SUMIFS('ongresinc-stackgres_arcan_combi'!G:G, 'ongresinc-stackgres_arcan_combi'!$A:$A, $A13, 'ongresinc-stackgres_arcan_combi'!$B:$B, $B13, 'ongresinc-stackgres_arcan_combi'!$C:$C, $C13)), AVERAGE( SUMIFS('dlr-shepard-shepard_arcan_combi'!G:G, 'dlr-shepard-shepard_arcan_combi'!$A:$A, $A13, 'dlr-shepard-shepard_arcan_combi'!$B:$B, $B13, 'dlr-shepard-shepard_arcan_combi'!$C:$C, $C13), SUMIFS('ongresinc-stackgres_arcan_combi'!G:G, 'ongresinc-stackgres_arcan_combi'!$A:$A, $A13, 'ongresinc-stackgres_arcan_combi'!$B:$B, $B13, 'ongresinc-stackgres_arcan_combi'!$C:$C, $C13)), "") | H13: =IF( AND(SUMIFS('dlr-shepard-shepard_arcan_combi'!H:H, 'dlr-shepard-shepard_arcan_combi'!$A:$A, $A13, 'dlr-shepard-shepard_arcan_combi'!$B:$B, $B13, 'dlr-shepard-shepard_arcan_combi'!$C:$C, $C13), SUMIFS('ongresinc-stackgres_arcan_combi'!H:H, 'ongresinc-stackgres_arcan_combi'!$A:$A, $A13, 'ongresinc-stackgres_arcan_combi'!$B:$B, $B13, 'ongresinc-stackgres_arcan_combi'!$C:$C, $C13)), AVERAGE( SUMIFS('dlr-shepard-shepard_arcan_combi'!H:H, 'dlr-shepard-shepard_arcan_combi'!$A:$A, $A13, 'dlr-shepard-shepard_arcan_combi'!$B:$B, $B13, 'dlr-shepard-shepard_arcan_combi'!$C:$C, $C13), SUMIFS('ongresinc-stackgres_arcan_combi'!H:H, 'ongresinc-stackgres_arcan_combi'!$A:$A, $A13, 'ongresinc-stackgres_arcan_combi'!$B:$B, $B13, 'ongresinc-stackgres_arcan_combi'!$C:$C, $C13)), "") | I13: =IF( AND(SUMIFS('dlr-shepard-shepard_arcan_combi'!I:I, 'dlr-shepard-shepard_arcan_combi'!$A:$A, $A13, 'dlr-shepard-shepard_arcan_combi'!$B:$B, $B13, 'dlr-shepard-shepard_arcan_combi'!$C:$C, $C13), SUMIFS('ongresinc-stackgres_arcan_combi'!I:I, 'ongresinc-stackgres_arcan_combi'!$A:$A, $A13, 'ongresinc-stackgres_arcan_combi'!$B:$B, $B13, 'ongresinc-stackgres_arcan_combi'!$C:$C, $C13)), AVERAGE( SUMIFS('dlr-shepard-shepard_arcan_combi'!I:I, 'dlr-shepard-shepard_arcan_combi'!$A:$A, $A13, 'dlr-shepard-shepard_arcan_combi'!$B:$B, $B13, 'dlr-shepard-shepard_arcan_combi'!$C:$C, $C13), SUMIFS('ongresinc-stackgres_arcan_combi'!I:I, 'ongresinc-stackgres_arcan_combi'!$A:$A, $A13, 'ongresinc-stackgres_arcan_combi'!$B:$B, $B13, 'ongresinc-stackgres_arcan_combi'!$C:$C, $C13)), "") | J13: =IF( AND(SUMIFS('dlr-shepard-shepard_arcan_combi'!J:J, 'dlr-shepard-shepard_arcan_combi'!$A:$A, $A13, 'dlr-shepard-shepard_arcan_combi'!$B:$B, $B13, 'dlr-shepard-shepard_arcan_combi'!$C:$C, $C13), SUMIFS('ongresinc-stackgres_arcan_combi'!J:J, 'ongresinc-stackgres_arcan_combi'!$A:$A, $A13, 'ongresinc-stackgres_arcan_combi'!$B:$B, $B13, 'ongresinc-stackgres_arcan_combi'!$C:$C, $C13)), AVERAGE( SUMIFS('dlr-shepard-shepard_arcan_combi'!J:J, 'dlr-shepard-shepard_arcan_combi'!$A:$A, $A13, 'dlr-shepard-shepard_arcan_combi'!$B:$B, $B13, 'dlr-shepard-shepard_arcan_combi'!$C:$C, $C13), SUMIFS('ongresinc-stackgres_arcan_combi'!J:J, 'ongresinc-stackgres_arcan_combi'!$A:$A, $A13, 'ongresinc-stackgres_arcan_combi'!$B:$B, $B13, 'ongresinc-stackgres_arcan_combi'!$C:$C, $C13)), "") | K13: =IF( AND(SUMIFS('dlr-shepard-shepard_arcan_combi'!K:K, 'dlr-shepard-shepard_arcan_combi'!$A:$A, $A13, 'dlr-shepard-shepard_arcan_combi'!$B:$B, $B13, 'dlr-shepard-shepard_arcan_combi'!$C:$C, $C13), SUMIFS('ongresinc-stackgres_arcan_combi'!K:K, 'ongresinc-stackgres_arcan_combi'!$A:$A, $A13, 'ongresinc-stackgres_arcan_combi'!$B:$B, $B13, 'ongresinc-stackgres_arcan_combi'!$C:$C, $C13)), AVERAGE( SUMIFS('dlr-shepard-shepard_arcan_combi'!K:K, 'dlr-shepard-shepard_arcan_combi'!$A:$A, $A13, 'dlr-shepard-shepard_arcan_combi'!$B:$B, $B13, 'dlr-shepard-shepard_arcan_combi'!$C:$C, $C13), SUMIFS('ongresinc-stackgres_arcan_combi'!K:K, 'ongresinc-stackgres_arcan_combi'!$A:$A, $A13, 'ongresinc-stackgres_arcan_combi'!$B:$B, $B13, 'ongresinc-stackgres_arcan_combi'!$C:$C, $C13)), "") | L13: =IF( AND(SUMIFS('dlr-shepard-shepard_arcan_combi'!L:L, 'dlr-shepard-shepard_arcan_combi'!$A:$A, $A13, 'dlr-shepard-shepard_arcan_combi'!$B:$B, $B13, 'dlr-shepard-shepard_arcan_combi'!$C:$C, $C13), SUMIFS('ongresinc-stackgres_arcan_combi'!L:L, 'ongresinc-stackgres_arcan_combi'!$A:$A, $A13, 'ongresinc-stackgres_arcan_combi'!$B:$B, $B13, 'ongresinc-stackgres_arcan_combi'!$C:$C, $C13)), AVERAGE( SUMIFS('dlr-shepard-shepard_arcan_combi'!L:L, 'dlr-shepard-shepard_arcan_combi'!$A:$A, $A13, 'dlr-shepard-shepard_arcan_combi'!$B:$B, $B13, 'dlr-shepard-shepard_arcan_combi'!$C:$C, $C13), SUMIFS('ongresinc-stackgres_arcan_combi'!L:L, 'ongresinc-stackgres_arcan_combi'!$A:$A, $A13, 'ongresinc-stackgres_arcan_combi'!$B:$B, $B13, 'ongresinc-stackgres_arcan_combi'!$C:$C, $C13)), "") | M13: =IF( AND(SUMIFS('dlr-shepard-shepard_arcan_combi'!M:M, 'dlr-shepard-shepard_arcan_combi'!$A:$A, $A13, 'dlr-shepard-shepard_arcan_combi'!$B:$B, $B13, 'dlr-shepard-shepard_arcan_combi'!$C:$C, $C13), SUMIFS('ongresinc-stackgres_arcan_combi'!M:M, 'ongresinc-stackgres_arcan_combi'!$A:$A, $A13, 'ongresinc-stackgres_arcan_combi'!$B:$B, $B13, 'ongresinc-stackgres_arcan_combi'!$C:$C, $C13)), AVERAGE( SUMIFS('dlr-shepard-shepard_arcan_combi'!M:M, 'dlr-shepard-shepard_arcan_combi'!$A:$A, $A13, 'dlr-shepard-shepard_arcan_combi'!$B:$B, $B13, 'dlr-shepard-shepard_arcan_combi'!$C:$C, $C13), SUMIFS('ongresinc-stackgres_arcan_combi'!M:M, 'ongresinc-stackgres_arcan_combi'!$A:$A, $A13, 'ongresinc-stackgres_arcan_combi'!$B:$B, $B13, 'ongresinc-stackgres_arcan_combi'!$C:$C, $C13)), "") | N13: =IF( AND(SUMIFS('dlr-shepard-shepard_arcan_combi'!N:N, 'dlr-shepard-shepard_arcan_combi'!$A:$A, $A13, 'dlr-shepard-shepard_arcan_combi'!$B:$B, $B13, 'dlr-shepard-shepard_arcan_combi'!$C:$C, $C13), SUMIFS('ongresinc-stackgres_arcan_combi'!N:N, 'ongresinc-stackgres_arcan_combi'!$A:$A, $A13, 'ongresinc-stackgres_arcan_combi'!$B:$B, $B13, 'ongresinc-stackgres_arcan_combi'!$C:$C, $C13)), AVERAGE( SUMIFS('dlr-shepard-shepard_arcan_combi'!N:N, 'dlr-shepard-shepard_arcan_combi'!$A:$A, $A13, 'dlr-shepard-shepard_arcan_combi'!$B:$B, $B13, 'dlr-shepard-shepard_arcan_combi'!$C:$C, $C13), SUMIFS('ongresinc-stackgres_arcan_combi'!N:N, 'ongresinc-stackgres_arcan_combi'!$A:$A, $A13, 'ongresinc-stackgres_arcan_combi'!$B:$B, $B13, 'ongresinc-stackgres_arcan_combi'!$C:$C, $C13)), "") | O13: =IF( AND(SUMIFS('dlr-shepard-shepard_arcan_combi'!O:O, 'dlr-shepard-shepard_arcan_combi'!$A:$A, $A13, 'dlr-shepard-shepard_arcan_combi'!$B:$B, $B13, 'dlr-shepard-shepard_arcan_combi'!$C:$C, $C13), SUMIFS('ongresinc-stackgres_arcan_combi'!O:O, 'ongresinc-stackgres_arcan_combi'!$A:$A, $A13, 'ongresinc-stackgres_arcan_combi'!$B:$B, $B13, 'ongresinc-stackgres_arcan_combi'!$C:$C, $C13)), AVERAGE( SUMIFS('dlr-shepard-shepard_arcan_combi'!O:O, 'dlr-shepard-shepard_arcan_combi'!$A:$A, $A13, 'dlr-shepard-shepard_arcan_combi'!$B:$B, $B13, 'dlr-shepard-shepard_arcan_combi'!$C:$C, $C13), SUMIFS('ongresinc-stackgres_arcan_combi'!O:O, 'ongresinc-stackgres_arcan_combi'!$A:$A, $A13, 'ongresinc-stackgres_arcan_combi'!$B:$B, $B13, 'ongresinc-stackgres_arcan_combi'!$C:$C, $C13)), "") | P13: =IF( AND(SUMIFS('dlr-shepard-shepard_arcan_combi'!P:P, 'dlr-shepard-shepard_arcan_combi'!$A:$A, $A13, 'dlr-shepard-shepard_arcan_combi'!$B:$B, $B13, 'dlr-shepard-shepard_arcan_combi'!$C:$C, $C13), SUMIFS('ongresinc-stackgres_arcan_combi'!P:P, 'ongresinc-stackgres_arcan_combi'!$A:$A, $A13, 'ongresinc-stackgres_arcan_combi'!$B:$B, $B13, 'ongresinc-stackgres_arcan_combi'!$C:$C, $C13)), AVERAGE( SUMIFS('dlr-shepard-shepard_arcan_combi'!P:P, 'dlr-shepard-shepard_arcan_combi'!$A:$A, $A13, 'dlr-shepard-shepard_arcan_combi'!$B:$B, $B13, 'dlr-shepard-shepard_arcan_combi'!$C:$C, $C13), SUMIFS('ongresinc-stackgres_arcan_combi'!P:P, 'ongresinc-stackgres_arcan_combi'!$A:$A, $A13, 'ongresinc-stackgres_arcan_combi'!$B:$B, $B13, 'ongresinc-stackgres_arcan_combi'!$C:$C, $C13)), "") | Q13: =IF( AND(SUMIFS('dlr-shepard-shepard_arcan_combi'!Q:Q, 'dlr-shepard-shepard_arcan_combi'!$A:$A, $A13, 'dlr-shepard-shepard_arcan_combi'!$B:$B, $B13, 'dlr-shepard-shepard_arcan_combi'!$C:$C, $C13), SUMIFS('ongresinc-stackgres_arcan_combi'!Q:Q, 'ongresinc-stackgres_arcan_combi'!$A:$A, $A13, 'ongresinc-stackgres_arcan_combi'!$B:$B, $B13, 'ongresinc-stackgres_arcan_combi'!$C:$C, $C13)), AVERAGE( SUMIFS('dlr-shepard-shepard_arcan_combi'!Q:Q, 'dlr-shepard-shepard_arcan_combi'!$A:$A, $A13, 'dlr-shepard-shepard_arcan_combi'!$B:$B, $B13, 'dlr-shepard-shepard_arcan_combi'!$C:$C, $C13), SUMIFS('ongresinc-stackgres_arcan_combi'!Q:Q, 'ongresinc-stackgres_arcan_combi'!$A:$A, $A13, 'ongresinc-stackgres_arcan_combi'!$B:$B, $B13, 'ongresinc-stackgres_arcan_combi'!$C:$C, $C13)), "") | R13: =IF( AND(SUMIFS('dlr-shepard-shepard_arcan_combi'!R:R, 'dlr-shepard-shepard_arcan_combi'!$A:$A, $A13, 'dlr-shepard-shepard_arcan_combi'!$B:$B, $B13, 'dlr-shepard-shepard_arcan_combi'!$C:$C, $C13), SUMIFS('ongresinc-stackgres_arcan_combi'!R:R, 'ongresinc-stackgres_arcan_combi'!$A:$A, $A13, 'ongresinc-stackgres_arcan_combi'!$B:$B, $B13, 'ongresinc-stackgres_arcan_combi'!$C:$C, $C13)), AVERAGE( SUMIFS('dlr-shepard-shepard_arcan_combi'!R:R, 'dlr-shepard-shepard_arcan_combi'!$A:$A, $A13, 'dlr-shepard-shepard_arcan_combi'!$B:$B, $B13, 'dlr-shepard-shepard_arcan_combi'!$C:$C, $C13), SUMIFS('ongresinc-stackgres_arcan_combi'!R:R, 'ongresinc-stackgres_arcan_combi'!$A:$A, $A13, 'ongresinc-stackgres_arcan_combi'!$B:$B, $B13, 'ongresinc-stackgres_arcan_combi'!$C:$C, $C13)), "") | S13: =IF( AND(SUMIFS('dlr-shepard-shepard_arcan_combi'!S:S, 'dlr-shepard-shepard_arcan_combi'!$A:$A, $A13, 'dlr-shepard-shepard_arcan_combi'!$B:$B, $B13, 'dlr-shepard-shepard_arcan_combi'!$C:$C, $C13), SUMIFS('ongresinc-stackgres_arcan_combi'!S:S, 'ongresinc-stackgres_arcan_combi'!$A:$A, $A13, 'ongresinc-stackgres_arcan_combi'!$B:$B, $B13, 'ongresinc-stackgres_arcan_combi'!$C:$C, $C13)), AVERAGE( SUMIFS('dlr-shepard-shepard_arcan_combi'!S:S, 'dlr-shepard-shepard_arcan_combi'!$A:$A, $A13, 'dlr-shepard-shepard_arcan_combi'!$B:$B, $B13, 'dlr-shepard-shepard_arcan_combi'!$C:$C, $C13), SUMIFS('ongresinc-stackgres_arcan_combi'!S:S, 'ongresinc-stackgres_arcan_combi'!$A:$A, $A13, 'ongresinc-stackgres_arcan_combi'!$B:$B, $B13, 'ongresinc-stackgres_arcan_combi'!$C:$C, $C13)), "") | T13: =IF( AND(SUMIFS('dlr-shepard-shepard_arcan_combi'!T:T, 'dlr-shepard-shepard_arcan_combi'!$A:$A, $A13, 'dlr-shepard-shepard_arcan_combi'!$B:$B, $B13, 'dlr-shepard-shepard_arcan_combi'!$C:$C, $C13), SUMIFS('ongresinc-stackgres_arcan_combi'!T:T, 'ongresinc-stackgres_arcan_combi'!$A:$A, $A13, 'ongresinc-stackgres_arcan_combi'!$B:$B, $B13, 'ongresinc-stackgres_arcan_combi'!$C:$C, $C13)), AVERAGE( SUMIFS('dlr-shepard-shepard_arcan_combi'!T:T, 'dlr-shepard-shepard_arcan_combi'!$A:$A, $A13, 'dlr-shepard-shepard_arcan_combi'!$B:$B, $B13, 'dlr-shepard-shepard_arcan_combi'!$C:$C, $C13), SUMIFS('ongresinc-stackgres_arcan_combi'!T:T, 'ongresinc-stackgres_arcan_combi'!$A:$A, $A13, 'ongresinc-stackgres_arcan_combi'!$B:$B, $B13, 'ongresinc-stackgres_arcan_combi'!$C:$C, $C13)), "") | U13: =IF( AND(SUMIFS('dlr-shepard-shepard_arcan_combi'!U:U, 'dlr-shepard-shepard_arcan_combi'!$A:$A, $A13, 'dlr-shepard-shepard_arcan_combi'!$B:$B, $B13, 'dlr-shepard-shepard_arcan_combi'!$C:$C, $C13), SUMIFS('ongresinc-stackgres_arcan_combi'!U:U, 'ongresinc-stackgres_arcan_combi'!$A:$A, $A13, 'ongresinc-stackgres_arcan_combi'!$B:$B, $B13, 'ongresinc-stackgres_arcan_combi'!$C:$C, $C13)), AVERAGE( SUMIFS('dlr-shepard-shepard_arcan_combi'!U:U, 'dlr-shepard-shepard_arcan_combi'!$A:$A, $A13, 'dlr-shepard-shepard_arcan_combi'!$B:$B, $B13, 'dlr-shepard-shepard_arcan_combi'!$C:$C, $C13), SUMIFS('ongresinc-stackgres_arcan_combi'!U:U, 'ongresinc-stackgres_arcan_combi'!$A:$A, $A13, 'ongresinc-stackgres_arcan_combi'!$B:$B, $B13, 'ongresinc-stackgres_arcan_combi'!$C:$C, $C13)), "")
... A88: random_forest | B88: none | C88: tfidf | D88: 7 | E88: =IF( AND(SUMIFS('dlr-shepard-shepard_arcan_combi'!E:E, 'dlr-shepard-shepard_arcan_combi'!$A:$A, $A88, 'dlr-shepard-shepard_arcan_combi'!$B:$B, $B88, 'dlr-shepard-shepard_arcan_combi'!$C:$C, $C88), SUMIFS('ongresinc-stackgres_arcan_combi'!E:E, 'ongresinc-stackgres_arcan_combi'!$A:$A, $A88, 'ongresinc-stackgres_arcan_combi'!$B:$B, $B88, 'ongresinc-stackgres_arcan_combi'!$C:$C, $C88)), AVERAGE( SUMIFS('dlr-shepard-shepard_arcan_combi'!E:E, 'dlr-shepard-shepard_arcan_combi'!$A:$A, $A88, 'dlr-shepard-shepard_arcan_combi'!$B:$B, $B88, 'dlr-shepard-shepard_arcan_combi'!$C:$C, $C88), SUMIFS('ongresinc-stackgres_arcan_combi'!E:E, 'ongresinc-stackgres_arcan_combi'!$A:$A, $A88, 'ongresinc-stackgres_arcan_combi'!$B:$B, $B88, 'ongresinc-stackgres_arcan_combi'!$C:$C, $C88)), "") -> 0.62099549 | F88: =IF( AND(SUMIFS('dlr-shepard-shepard_arcan_combi'!F:F, 'dlr-shepard-shepard_arcan_combi'!$A:$A, $A88, 'dlr-shepard-shepard_arcan_combi'!$B:$B, $B88, 'dlr-shepard-shepard_arcan_combi'!$C:$C, $C88), SUMIFS('ongresinc-stackgres_arcan_combi'!F:F, 'ongresinc-stackgres_arcan_combi'!$A:$A, $A88, 'ongresinc-stackgres_arcan_combi'!$B:$B, $B88, 'ongresinc-stackgres_arcan_combi'!$C:$C, $C88)), AVERAGE( SUMIFS('dlr-shepard-shepard_arcan_combi'!F:F, 'dlr-shepard-shepard_arcan_combi'!$A:$A, $A88, 'dlr-shepard-shepard_arcan_combi'!$B:$B, $B88, 'dlr-shepard-shepard_arcan_combi'!$C:$C, $C88), SUMIFS('ongresinc-stackgres_arcan_combi'!F:F, 'ongresinc-stackgres_arcan_combi'!$A:$A, $A88, 'ongresinc-stackgres_arcan_combi'!$B:$B, $B88, 'ongresinc-stackgres_arcan_combi'!$C:$C, $C88)), "") -> 0.039198157 | G88: =IF( AND(SUMIFS('dlr-shepard-shepard_arcan_combi'!G:G, 'dlr-shepard-shepard_arcan_combi'!$A:$A, $A88, 'dlr-shepard-shepard_arcan_combi'!$B:$B, $B88, 'dlr-shepard-shepard_arcan_combi'!$C:$C, $C88), SUMIFS('ongresinc-stackgres_arcan_combi'!G:G, 'ongresinc-stackgres_arcan_combi'!$A:$A, $A88, 'ongresinc-stackgres_arcan_combi'!$B:$B, $B88, 'ongresinc-stackgres_arcan_combi'!$C:$C, $C88)), AVERAGE( SUMIFS('dlr-shepard-shepard_arcan_combi'!G:G, 'dlr-shepard-shepard_arcan_combi'!$A:$A, $A88, 'dlr-shepard-shepard_arcan_combi'!$B:$B, $B88, 'dlr-shepard-shepard_arcan_combi'!$C:$C, $C88), SUMIFS('ongresinc-stackgres_arcan_combi'!G:G, 'ongresinc-stackgres_arcan_combi'!$A:$A, $A88, 'ongresinc-stackgres_arcan_combi'!$B:$B, $B88, 'ongresinc-stackgres_arcan_combi'!$C:$C, $C88)), "") -> 0.59708996 | H88: =IF( AND(SUMIFS('dlr-shepard-shepard_arcan_combi'!H:H, 'dlr-shepard-shepard_arcan_combi'!$A:$A, $A88, 'dlr-shepard-shepard_arcan_combi'!$B:$B, $B88, 'dlr-shepard-shepard_arcan_combi'!$C:$C, $C88), SUMIFS('ongresinc-stackgres_arcan_combi'!H:H, 'ongresinc-stackgres_arcan_combi'!$A:$A, $A88, 'ongresinc-stackgres_arcan_combi'!$B:$B, $B88, 'ongresinc-stackgres_arcan_combi'!$C:$C, $C88)), AVERAGE( SUMIFS('dlr-shepard-shepard_arcan_combi'!H:H, 'dlr-shepard-shepard_arcan_combi'!$A:$A, $A88, 'dlr-shepard-shepard_arcan_combi'!$B:$B, $B88, 'dlr-shepard-shepard_arcan_combi'!$C:$C, $C88), SUMIFS('ongresinc-stackgres_arcan_combi'!H:H, 'ongresinc-stackgres_arcan_combi'!$A:$A, $A88, 'ongresinc-stackgres_arcan_combi'!$B:$B, $B88, 'ongresinc-stackgres_arcan_combi'!$C:$C, $C88)), "") -> 0.26251543 | I88: =IF( AND(SUMIFS('dlr-shepard-shepard_arcan_combi'!I:I, 'dlr-shepard-shepard_arcan_combi'!$A:$A, $A88, 'dlr-shepard-shepard_arcan_combi'!$B:$B, $B88, 'dlr-shepard-shepard_arcan_combi'!$C:$C, $C88), SUMIFS('ongresinc-stackgres_arcan_combi'!I:I, 'ongresinc-stackgres_arcan_combi'!$A:$A, $A88, 'ongresinc-stackgres_arcan_combi'!$B:$B, $B88, 'ongresinc-stackgres_arcan_combi'!$C:$C, $C88)), AVERAGE( SUMIFS('dlr-shepard-shepard_arcan_combi'!I:I, 'dlr-shepard-shepard_arcan_combi'!$A:$A, $A88, 'dlr-shepard-shepard_arcan_combi'!$B:$B, $B88, 'dlr-shepard-shepard_arcan_combi'!$C:$C, $C88), SUMIFS('ongresinc-stackgres_arcan_combi'!I:I, 'ongresinc-stackgres_arcan_combi'!$A:$A, $A88, 'ongresinc-stackgres_arcan_combi'!$B:$B, $B88, 'ongresinc-stackgres_arcan_combi'!$C:$C, $C88)), "") -> 0.14200969 | J88: =IF( AND(SUMIFS('dlr-shepard-shepard_arcan_combi'!J:J, 'dlr-shepard-shepard_arcan_combi'!$A:$A, $A88, 'dlr-shepard-shepard_arcan_combi'!$B:$B, $B88, 'dlr-shepard-shepard_arcan_combi'!$C:$C, $C88), SUMIFS('ongresinc-stackgres_arcan_combi'!J:J, 'ongresinc-stackgres_arcan_combi'!$A:$A, $A88, 'ongresinc-stackgres_arcan_combi'!$B:$B, $B88, 'ongresinc-stackgres_arcan_combi'!$C:$C, $C88)), AVERAGE( SUMIFS('dlr-shepard-shepard_arcan_combi'!J:J, 'dlr-shepard-shepard_arcan_combi'!$A:$A, $A88, 'dlr-shepard-shepard_arcan_combi'!$B:$B, $B88, 'dlr-shepard-shepard_arcan_combi'!$C:$C, $C88), SUMIFS('ongresinc-stackgres_arcan_combi'!J:J, 'ongresinc-stackgres_arcan_combi'!$A:$A, $A88, 'ongresinc-stackgres_arcan_combi'!$B:$B, $B88, 'ongresinc-stackgres_arcan_combi'!$C:$C, $C88)), "") -> 0.076958438 | K88: =IF( AND(SUMIFS('dlr-shepard-shepard_arcan_combi'!K:K, 'dlr-shepard-shepard_arcan_combi'!$A:$A, $A88, 'dlr-shepard-shepard_arcan_combi'!$B:$B, $B88, 'dlr-shepard-shepard_arcan_combi'!$C:$C, $C88), SUMIFS('ongresinc-stackgres_arcan_combi'!K:K, 'ongresinc-stackgres_arcan_combi'!$A:$A, $A88, 'ongresinc-stackgres_arcan_combi'!$B:$B, $B88, 'ongresinc-stackgres_arcan_combi'!$C:$C, $C88)), AVERAGE( SUMIFS('dlr-shepard-shepard_arcan_combi'!K:K, 'dlr-shepard-shepard_arcan_combi'!$A:$A, $A88, 'dlr-shepard-shepard_arcan_combi'!$B:$B, $B88, 'dlr-shepard-shepard_arcan_combi'!$C:$C, $C88), SUMIFS('ongresinc-stackgres_arcan_combi'!K:K, 'ongresinc-stackgres_arcan_combi'!$A:$A, $A88, 'ongresinc-stackgres_arcan_combi'!$B:$B, $B88, 'ongresinc-stackgres_arcan_combi'!$C:$C, $C88)), "") -> 0.22621319 | L88: =IF( AND(SUMIFS('dlr-shepard-shepard_arcan_combi'!L:L, 'dlr-shepard-shepard_arcan_combi'!$A:$A, $A88, 'dlr-shepard-shepard_arcan_combi'!$B:$B, $B88, 'dlr-shepard-shepard_arcan_combi'!$C:$C, $C88), SUMIFS('ongresinc-stackgres_arcan_combi'!L:L, 'ongresinc-stackgres_arcan_combi'!$A:$A, $A88, 'ongresinc-stackgres_arcan_combi'!$B:$B, $B88, 'ongresinc-stackgres_arcan_combi'!$C:$C, $C88)), AVERAGE( SUMIFS('dlr-shepard-shepard_arcan_combi'!L:L, 'dlr-shepard-shepard_arcan_combi'!$A:$A, $A88, 'dlr-shepard-shepard_arcan_combi'!$B:$B, $B88, 'dlr-shepard-shepard_arcan_combi'!$C:$C, $C88), SUMIFS('ongresinc-stackgres_arcan_combi'!L:L, 'ongresinc-stackgres_arcan_combi'!$A:$A, $A88, 'ongresinc-stackgres_arcan_combi'!$B:$B, $B88, 'ongresinc-stackgres_arcan_combi'!$C:$C, $C88)), "") -> 0.11447511 | M88: =IF( AND(SUMIFS('dlr-shepard-shepard_arcan_combi'!M:M, 'dlr-shepard-shepard_arcan_combi'!$A:$A, $A88, 'dlr-shepard-shepard_arcan_combi'!$B:$B, $B88, 'dlr-shepard-shepard_arcan_combi'!$C:$C, $C88), SUMIFS('ongresinc-stackgres_arcan_combi'!M:M, 'ongresinc-stackgres_arcan_combi'!$A:$A, $A88, 'ongresinc-stackgres_arcan_combi'!$B:$B, $B88, 'ongresinc-stackgres_arcan_combi'!$C:$C, $C88)), AVERAGE( SUMIFS('dlr-shepard-shepard_arcan_combi'!M:M, 'dlr-shepard-shepard_arcan_combi'!$A:$A, $A88, 'dlr-shepard-shepard_arcan_combi'!$B:$B, $B88, 'dlr-shepard-shepard_arcan_combi'!$C:$C, $C88), SUMIFS('ongresinc-stackgres_arcan_combi'!M:M, 'ongresinc-stackgres_arcan_combi'!$A:$A, $A88, 'ongresinc-stackgres_arcan_combi'!$B:$B, $B88, 'ongresinc-stackgres_arcan_combi'!$C:$C, $C88)), "") -> 0.14200969 | N88: =IF( AND(SUMIFS('dlr-shepard-shepard_arcan_combi'!N:N, 'dlr-shepard-shepard_arcan_combi'!$A:$A, $A88, 'dlr-shepard-shepard_arcan_combi'!$B:$B, $B88, 'dlr-shepard-shepard_arcan_combi'!$C:$C, $C88), SUMIFS('ongresinc-stackgres_arcan_combi'!N:N, 'ongresinc-stackgres_arcan_combi'!$A:$A, $A88, 'ongresinc-stackgres_arcan_combi'!$B:$B, $B88, 'ongresinc-stackgres_arcan_combi'!$C:$C, $C88)), AVERAGE( SUMIFS('dlr-shepard-shepard_arcan_combi'!N:N, 'dlr-shepard-shepard_arcan_combi'!$A:$A, $A88, 'dlr-shepard-shepard_arcan_combi'!$B:$B, $B88, 'dlr-shepard-shepard_arcan_combi'!$C:$C, $C88), SUMIFS('ongresinc-stackgres_arcan_combi'!N:N, 'ongresinc-stackgres_arcan_combi'!$A:$A, $A88, 'ongresinc-stackgres_arcan_combi'!$B:$B, $B88, 'ongresinc-stackgres_arcan_combi'!$C:$C, $C88)), "") -> 0.076958438 | O88: =IF( AND(SUMIFS('dlr-shepard-shepard_arcan_combi'!O:O, 'dlr-shepard-shepard_arcan_combi'!$A:$A, $A88, 'dlr-shepard-shepard_arcan_combi'!$B:$B, $B88, 'dlr-shepard-shepard_arcan_combi'!$C:$C, $C88), SUMIFS('ongresinc-stackgres_arcan_combi'!O:O, 'ongresinc-stackgres_arcan_combi'!$A:$A, $A88, 'ongresinc-stackgres_arcan_combi'!$B:$B, $B88, 'ongresinc-stackgres_arcan_combi'!$C:$C, $C88)), AVERAGE( SUMIFS('dlr-shepard-shepard_arcan_combi'!O:O, 'dlr-shepard-shepard_arcan_combi'!$A:$A, $A88, 'dlr-shepard-shepard_arcan_combi'!$B:$B, $B88, 'dlr-shepard-shepard_arcan_combi'!$C:$C, $C88), SUMIFS('ongresinc-stackgres_arcan_combi'!O:O, 'ongresinc-stackgres_arcan_combi'!$A:$A, $A88, 'ongresinc-stackgres_arcan_combi'!$B:$B, $B88, 'ongresinc-stackgres_arcan_combi'!$C:$C, $C88)), "") -> 5.7142857 | P88: =IF( AND(SUMIFS('dlr-shepard-shepard_arcan_combi'!P:P, 'dlr-shepard-shepard_arcan_combi'!$A:$A, $A88, 'dlr-shepard-shepard_arcan_combi'!$B:$B, $B88, 'dlr-shepard-shepard_arcan_combi'!$C:$C, $C88), SUMIFS('ongresinc-stackgres_arcan_combi'!P:P, 'ongresinc-stackgres_arcan_combi'!$A:$A, $A88, 'ongresinc-stackgres_arcan_combi'!$B:$B, $B88, 'ongresinc-stackgres_arcan_combi'!$C:$C, $C88)), AVERAGE( SUMIFS('dlr-shepard-shepard_arcan_combi'!P:P, 'dlr-shepard-shepard_arcan_combi'!$A:$A, $A88, 'dlr-shepard-shepard_arcan_combi'!$B:$B, $B88, 'dlr-shepard-shepard_arcan_combi'!$C:$C, $C88), SUMIFS('ongresinc-stackgres_arcan_combi'!P:P, 'ongresinc-stackgres_arcan_combi'!$A:$A, $A88, 'ongresinc-stackgres_arcan_combi'!$B:$B, $B88, 'ongresinc-stackgres_arcan_combi'!$C:$C, $C88)), "") -> 2.4367543 | Q88: =IF( AND(SUMIFS('dlr-shepard-shepard_arcan_combi'!Q:Q, 'dlr-shepard-shepard_arcan_combi'!$A:$A, $A88, 'dlr-shepard-shepard_arcan_combi'!$B:$B, $B88, 'dlr-shepard-shepard_arcan_combi'!$C:$C, $C88), SUMIFS('ongresinc-stackgres_arcan_combi'!Q:Q, 'ongresinc-stackgres_arcan_combi'!$A:$A, $A88, 'ongresinc-stackgres_arcan_combi'!$B:$B, $B88, 'ongresinc-stackgres_arcan_combi'!$C:$C, $C88)), AVERAGE( SUMIFS('dlr-shepard-shepard_arcan_combi'!Q:Q, 'dlr-shepard-shepard_arcan_combi'!$A:$A, $A88, 'dlr-shepard-shepard_arcan_combi'!$B:$B, $B88, 'dlr-shepard-shepard_arcan_combi'!$C:$C, $C88), SUMIFS('ongresinc-stackgres_arcan_combi'!Q:Q, 'ongresinc-stackgres_arcan_combi'!$A:$A, $A88, 'ongresinc-stackgres_arcan_combi'!$B:$B, $B88, 'ongresinc-stackgres_arcan_combi'!$C:$C, $C88)), "") -> 37.357143 | R88: =IF( AND(SUMIFS('dlr-shepard-shepard_arcan_combi'!R:R, 'dlr-shepard-shepard_arcan_combi'!$A:$A, $A88, 'dlr-shepard-shepard_arcan_combi'!$B:$B, $B88, 'dlr-shepard-shepard_arcan_combi'!$C:$C, $C88), SUMIFS('ongresinc-stackgres_arcan_combi'!R:R, 'ongresinc-stackgres_arcan_combi'!$A:$A, $A88, 'ongresinc-stackgres_arcan_combi'!$B:$B, $B88, 'ongresinc-stackgres_arcan_combi'!$C:$C, $C88)), AVERAGE( SUMIFS('dlr-shepard-shepard_arcan_combi'!R:R, 'dlr-shepard-shepard_arcan_combi'!$A:$A, $A88, 'dlr-shepard-shepard_arcan_combi'!$B:$B, $B88, 'dlr-shepard-shepard_arcan_combi'!$C:$C, $C88), SUMIFS('ongresinc-stackgres_arcan_combi'!R:R, 'ongresinc-stackgres_arcan_combi'!$A:$A, $A88, 'ongresinc-stackgres_arcan_combi'!$B:$B, $B88, 'ongresinc-stackgres_arcan_combi'!$C:$C, $C88)), "") | S88: =IF( AND(SUMIFS('dlr-shepard-shepard_arcan_combi'!S:S, 'dlr-shepard-shepard_arcan_combi'!$A:$A, $A88, 'dlr-shepard-shepard_arcan_combi'!$B:$B, $B88, 'dlr-shepard-shepard_arcan_combi'!$C:$C, $C88), SUMIFS('ongresinc-stackgres_arcan_combi'!S:S, 'ongresinc-stackgres_arcan_combi'!$A:$A, $A88, 'ongresinc-stackgres_arcan_combi'!$B:$B, $B88, 'ongresinc-stackgres_arcan_combi'!$C:$C, $C88)), AVERAGE( SUMIFS('dlr-shepard-shepard_arcan_combi'!S:S, 'dlr-shepard-shepard_arcan_combi'!$A:$A, $A88, 'dlr-shepard-shepard_arcan_combi'!$B:$B, $B88, 'dlr-shepard-shepard_arcan_combi'!$C:$C, $C88), SUMIFS('ongresinc-stackgres_arcan_combi'!S:S, 'ongresinc-stackgres_arcan_combi'!$A:$A, $A88, 'ongresinc-stackgres_arcan_combi'!$B:$B, $B88, 'ongresinc-stackgres_arcan_combi'!$C:$C, $C88)), "") -> 37.357143 | T88: =IF( AND(SUMIFS('dlr-shepard-shepard_arcan_combi'!T:T, 'dlr-shepard-shepard_arcan_combi'!$A:$A, $A88, 'dlr-shepard-shepard_arcan_combi'!$B:$B, $B88, 'dlr-shepard-shepard_arcan_combi'!$C:$C, $C88), SUMIFS('ongresinc-stackgres_arcan_combi'!T:T, 'ongresinc-stackgres_arcan_combi'!$A:$A, $A88, 'ongresinc-stackgres_arcan_combi'!$B:$B, $B88, 'ongresinc-stackgres_arcan_combi'!$C:$C, $C88)), AVERAGE( SUMIFS('dlr-shepard-shepard_arcan_combi'!T:T, 'dlr-shepard-shepard_arcan_combi'!$A:$A, $A88, 'dlr-shepard-shepard_arcan_combi'!$B:$B, $B88, 'dlr-shepard-shepard_arcan_combi'!$C:$C, $C88), SUMIFS('ongresinc-stackgres_arcan_combi'!T:T, 'ongresinc-stackgres_arcan_combi'!$A:$A, $A88, 'ongresinc-stackgres_arcan_combi'!$B:$B, $B88, 'ongresinc-stackgres_arcan_combi'!$C:$C, $C88)), "") | U88: =IF( AND(SUMIFS('dlr-shepard-shepard_arcan_combi'!U:U, 'dlr-shepard-shepard_arcan_combi'!$A:$A, $A88, 'dlr-shepard-shepard_arcan_combi'!$B:$B, $B88, 'dlr-shepard-shepard_arcan_combi'!$C:$C, $C88), SUMIFS('ongresinc-stackgres_arcan_combi'!U:U, 'ongresinc-stackgres_arcan_combi'!$A:$A, $A88, 'ongresinc-stackgres_arcan_combi'!$B:$B, $B88, 'ongresinc-stackgres_arcan_combi'!$C:$C, $C88)), AVERAGE( SUMIFS('dlr-shepard-shepard_arcan_combi'!U:U, 'dlr-shepard-shepard_arcan_combi'!$A:$A, $A88, 'dlr-shepard-shepard_arcan_combi'!$B:$B, $B88, 'dlr-shepard-shepard_arcan_combi'!$C:$C, $C88), SUMIFS('ongresinc-stackgres_arcan_combi'!U:U, 'ongresinc-stackgres_arcan_combi'!$A:$A, $A88, 'ongresinc-stackgres_arcan_combi'!$B:$B, $B88, 'ongresinc-stackgres_arcan_combi'!$C:$C, $C88)), "") -> 0.14200969

Sheet Latex_Output
D1: StackGres | G1: Shepard | J1: Avg
A2: model | B2: strategy | C2: encoding | D2: Precision | E2: Recall | F2: F1 | G2: Precision | H2: Recall | I2: F1 | J2: Precision | K2: Recall | L2: F1
A3: knn | B3: random_undersample | C3: openai | D3: =SUMIFS('ongresinc-stackgres_arcan_combi'!$G:$G, 'ongresinc-stackgres_arcan_combi'!$A:$A, $A3, 'ongresinc-stackgres_arcan_combi'!$B:$B, $B3, 'ongresinc-stackgres_arcan_combi'!$C:$C, $C3) -> 0.58750513 | E3: =SUMIFS('ongresinc-stackgres_arcan_combi'!$I:$I, 'ongresinc-stackgres_arcan_combi'!$A:$A, $A3, 'ongresinc-stackgres_arcan_combi'!$B:$B, $B3, 'ongresinc-stackgres_arcan_combi'!$C:$C, $C3) -> 0.83014528 | F3: =SUMIFS('ongresinc-stackgres_arcan_combi'!$K:$K, 'ongresinc-stackgres_arcan_combi'!$A:$A, $A3, 'ongresinc-stackgres_arcan_combi'!$B:$B, $B3, 'ongresinc-stackgres_arcan_combi'!$C:$C, $C3) -> 0.68711148 | G3: =SUMIFS('dlr-shepard-shepard_arcan_combi'!$G:$G, 'dlr-shepard-shepard_arcan_combi'!$A:$A, $A3, 'dlr-shepard-shepard_arcan_combi'!$B:$B, $B3, 'dlr-shepard-shepard_arcan_combi'!$C:$C, $C3) -> 0.58487668 | H3: =SUMIFS('dlr-shepard-shepard_arcan_combi'!$I:$I, 'dlr-shepard-shepard_arcan_combi'!$A:$A, $A3, 'dlr-shepard-shepard_arcan_combi'!$B:$B, $B3, 'dlr-shepard-shepard_arcan_combi'!$C:$C, $C3) -> 0.77142857 | I3: =SUMIFS('dlr-shepard-shepard_arcan_combi'!$K:$K, 'dlr-shepard-shepard_arcan_combi'!$A:$A, $A3, 'dlr-shepard-shepard_arcan_combi'!$B:$B, $B3, 'dlr-shepard-shepard_arcan_combi'!$C:$C, $C3) -> 0.66187795 | J3: =SUMIFS(Average!$G:$G, Average!$A:$A, $A3, Average!$B:$B, $B3, Average!$C:$C, $C3) -> 0.58619091 | K3: =SUMIFS(Average!$I:$I, Average!$A:$A, $A3, Average!$B:$B, $B3, Average!$C:$C, $C3) -> 0.80078692 | L3: =SUMIFS(Average!$K:$K, Average!$A:$A, $A3, Average!$B:$B, $B3, Average!$C:$C, $C3) -> 0.67449471 | M3: \\
A4: knn | B4: random_undersample | C4: sbert_max | D4: =SUMIFS('ongresinc-stackgres_arcan_combi'!$G:$G, 'ongresinc-stackgres_arcan_combi'!$A:$A, $A4, 'ongresinc-stackgres_arcan_combi'!$B:$B, $B4, 'ongresinc-stackgres_arcan_combi'!$C:$C, $C4) -> 0.53774991 | E4: =SUMIFS('ongresinc-stackgres_arcan_combi'!$I:$I, 'ongresinc-stackgres_arcan_combi'!$A:$A, $A4, 'ongresinc-stackgres_arcan_combi'!$B:$B, $B4, 'ongresinc-stackgres_arcan_combi'!$C:$C, $C4) -> 0.73926554 | F4: =SUMIFS('ongresinc-stackgres_arcan_combi'!$K:$K, 'ongresinc-stackgres_arcan_combi'!$A:$A, $A4, 'ongresinc-stackgres_arcan_combi'!$B:$B, $B4, 'ongresinc-stackgres_arcan_combi'!$C:$C, $C4) -> 0.62143613 | G4: =SUMIFS('dlr-shepard-shepard_arcan_combi'!$G:$G, 'dlr-shepard-shepard_arcan_combi'!$A:$A, $A4, 'dlr-shepard-shepard_arcan_combi'!$B:$B, $B4, 'dlr-shepard-shepard_arcan_combi'!$C:$C, $C4) -> 0.5882489 | H4: =SUMIFS('dlr-shepard-shepard_arcan_combi'!$I:$I, 'dlr-shepard-shepard_arcan_combi'!$A:$A, $A4, 'dlr-shepard-shepard_arcan_combi'!$B:$B, $B4, 'dlr-shepard-shepard_arcan_combi'!$C:$C, $C4) -> 0.6952381 | I4: =SUMIFS('dlr-shepard-shepard_arcan_combi'!$K:$K, 'dlr-shepard-shepard_arcan_combi'!$A:$A, $A4, 'dlr-shepard-shepard_arcan_combi'!$B:$B, $B4, 'dlr-shepard-shepard_arcan_combi'!$C:$C, $C4) -> 0.63421212 | J4: =SUMIFS(Average!$G:$G, Average!$A:$A, $A4, Average!$B:$B, $B4, Average!$C:$C, $C4) -> 0.5629994 | K4: =SUMIFS(Average!$I:$I, Average!$A:$A, $A4, Average!$B:$B, $B4, Average!$C:$C, $C4) -> 0.71725182 | L4: =SUMIFS(Average!$K:$K, Average!$A:$A, $A4, Average!$B:$B, $B4, Average!$C:$C, $C4) -> 0.62782412 | M4: \\
A5: logistic_regression | B5: random_undersample | C5: tfidf | D5: =SUMIFS('ongresinc-stackgres_arcan_combi'!$G:$G, 'ongresinc-stackgres_arcan_combi'!$A:$A, $A5, 'ongresinc-stackgres_arcan_combi'!$B:$B, $B5, 'ongresinc-stackgres_arcan_combi'!$C:$C, $C5) -> 0.59252935 | E5: =SUMIFS('ongresinc-stackgres_arcan_combi'!$I:$I, 'ongresinc-stackgres_arcan_combi'!$A:$A, $A5, 'ongresinc-stackgres_arcan_combi'!$B:$B, $B5, 'ongresinc-stackgres_arcan_combi'!$C:$C, $C5) -> 0.77514124 | F5: =SUMIFS('ongresinc-stackgres_arcan_combi'!$K:$K, 'ongresinc-stackgres_arcan_combi'!$A:$A, $A5, 'ongresinc-stackgres_arcan_combi'!$B:$B, $B5, 'ongresinc-stackgres_arcan_combi'!$C:$C, $C5) -> 0.67124167 | G5: =SUMIFS('dlr-shepard-shepard_arcan_combi'!$G:$G, 'dlr-shepard-shepard_arcan_combi'!$A:$A, $A5, 'dlr-shepard-shepard_arcan_combi'!$B:$B, $B5, 'dlr-shepard-shepard_arcan_combi'!$C:$C, $C5) -> 0.67623686 | H5: =SUMIFS('dlr-shepard-shepard_arcan_combi'!$I:$I, 'dlr-shepard-shepard_arcan_combi'!$A:$A, $A5, 'dlr-shepard-shepard_arcan_combi'!$B:$B, $B5, 'dlr-shepard-shepard_arcan_combi'!$C:$C, $C5) -> 0.64761905 | I5: =SUMIFS('dlr-shepard-shepard_arcan_combi'!$K:$K, 'dlr-shepard-shepard_arcan_combi'!$A:$A, $A5, 'dlr-shepard-shepard_arcan_combi'!$B:$B, $B5, 'dlr-shepard-shepard_arcan_combi'!$C:$C, $C5) -> 0.65612425 | J5: =SUMIFS(Average!$G:$G, Average!$A:$A, $A5, Average!$B:$B, $B5, Average!$C:$C, $C5) -> 0.6343831 | K5: =SUMIFS(Average!$I:$I, Average!$A:$A, $A5, Average!$B:$B, $B5, Average!$C:$C, $C5) -> 0.71138015 | L5: =SUMIFS(Average!$K:$K, Average!$A:$A, $A5, Average!$B:$B, $B5, Average!$C:$C, $C5) -> 0.66368296 | M5: \\
A6: logistic_regression | B6: random_undersample | C6: openai | D6: =SUMIFS('ongresinc-stackgres_arcan_combi'!$G:$G, 'ongresinc-stackgres_arcan_combi'!$A:$A, $A6, 'ongresinc-stackgres_arcan_combi'!$B:$B, $B6, 'ongresinc-stackgres_arcan_combi'!$C:$C, $C6) -> 0.59025859 | E6: =SUMIFS('ongresinc-stackgres_arcan_combi'!$I:$I, 'ongresinc-stackgres_arcan_combi'!$A:$A, $A6, 'ongresinc-stackgres_arcan_combi'!$B:$B, $B6, 'ongresinc-stackgres_arcan_combi'!$C:$C, $C6) -> 0.7389427 | F6: =SUMIFS('ongresinc-stackgres_arcan_combi'!$K:$K, 'ongresinc-stackgres_arcan_combi'!$A:$A, $A6, 'ongresinc-stackgres_arcan_combi'!$B:$B, $B6, 'ongresinc-stackgres_arcan_combi'!$C:$C, $C6) -> 0.65516968 | G6: =SUMIFS('dlr-shepard-shepard_arcan_combi'!$G:$G, 'dlr-shepard-shepard_arcan_combi'!$A:$A, $A6, 'dlr-shepard-shepard_arcan_combi'!$B:$B, $B6, 'dlr-shepard-shepard_arcan_combi'!$C:$C, $C6) -> 0.64630468 | H6: =SUMIFS('dlr-shepard-shepard_arcan_combi'!$I:$I, 'dlr-shepard-shepard_arcan_combi'!$A:$A, $A6, 'dlr-shepard-shepard_arcan_combi'!$B:$B, $B6, 'dlr-shepard-shepard_arcan_combi'!$C:$C, $C6) -> 0.7047619 | I6: =SUMIFS('dlr-shepard-shepard_arcan_combi'!$K:$K, 'dlr-shepard-shepard_arcan_combi'!$A:$A, $A6, 'dlr-shepard-shepard_arcan_combi'!$B:$B, $B6, 'dlr-shepard-shepard_arcan_combi'!$C:$C, $C6) -> 0.6711039 | J6: =SUMIFS(Average!$G:$G, Average!$A:$A, $A6, Average!$B:$B, $B6, Average!$C:$C, $C6) -> 0.61828163 | K6: =SUMIFS(Average!$I:$I, Average!$A:$A, $A6, Average!$B:$B, $B6, Average!$C:$C, $C6) -> 0.7218523 | L6: =SUMIFS(Average!$K:$K, Average!$A:$A, $A6, Average!$B:$B, $B6, Average!$C:$C, $C6) -> 0.66313679 | M6: \\
A7: random_forest | B7: random_undersample | C7: openai | D7: =SUMIFS('ongresinc-stackgres_arcan_combi'!$G:$G, 'ongresinc-stackgres_arcan_combi'!$A:$A, $A7, 'ongresinc-stackgres_arcan_combi'!$B:$B, $B7, 'ongresinc-stackgres_arcan_combi'!$C:$C, $C7) -> 0.63550174 | E7: =SUMIFS('ongresinc-stackgres_arcan_combi'!$I:$I, 'ongresinc-stackgres_arcan_combi'!$A:$A, $A7, 'ongresinc-stackgres_arcan_combi'!$B:$B, $B7, 'ongresinc-stackgres_arcan_combi'!$C:$C, $C7) -> 0.81331719 | F7: =SUMIFS('ongresinc-stackgres_arcan_combi'!$K:$K, 'ongresinc-stackgres_arcan_combi'!$A:$A, $A7, 'ongresinc-stackgres_arcan_combi'!$B:$B, $B7, 'ongresinc-stackgres_arcan_combi'!$C:$C, $C7) -> 0.71266267 | G7: =SUMIFS('dlr-shepard-shepard_arcan_combi'!$G:$G, 'dlr-shepard-shepard_arcan_combi'!$A:$A, $A7, 'dlr-shepard-shepard_arcan_combi'!$B:$B, $B7, 'dlr-shepard-shepard_arcan_combi'!$C:$C, $C7) -> 0.66163658 | H7: =SUMIFS('dlr-shepard-shepard_arcan_combi'!$I:$I, 'dlr-shepard-shepard_arcan_combi'!$A:$A, $A7, 'dlr-shepard-shepard_arcan_combi'!$B:$B, $B7, 'dlr-shepard-shepard_arcan_combi'!$C:$C, $C7) -> 0.67619048 | I7: =SUMIFS('dlr-shepard-shepard_arcan_combi'!$K:$K, 'dlr-shepard-shepard_arcan_combi'!$A:$A, $A7, 'dlr-shepard-shepard_arcan_combi'!$B:$B, $B7, 'dlr-shepard-shepard_arcan_combi'!$C:$C, $C7) -> 0.66574652 | J7: =SUMIFS(Average!$G:$G, Average!$A:$A, $A7, Average!$B:$B, $B7, Average!$C:$C, $C7) -> 0.64856916 | K7: =SUMIFS(Average!$I:$I, Average!$A:$A, $A7, Average!$B:$B, $B7, Average!$C:$C, $C7) -> 0.74475383 | L7: =SUMIFS(Average!$K:$K, Average!$A:$A, $A7, Average!$B:$B, $B7, Average!$C:$C, $C7) -> 0.68920459 | M7: \\
A8: random_forest | B8: random_undersample | C8: sbert_max | D8: =SUMIFS('ongresinc-stackgres_arcan_combi'!$G:$G, 'ongresinc-stackgres_arcan_combi'!$A:$A, $A8, 'ongresinc-stackgres_arcan_combi'!$B:$B, $B8, 'ongresinc-stackgres_arcan_combi'!$C:$C, $C8) -> 0.59917661 | E8: =SUMIFS('ongresinc-stackgres_arcan_combi'!$I:$I, 'ongresinc-stackgres_arcan_combi'!$A:$A, $A8, 'ongresinc-stackgres_arcan_combi'!$B:$B, $B8, 'ongresinc-stackgres_arcan_combi'!$C:$C, $C8) -> 0.76315577 | F8: =SUMIFS('ongresinc-stackgres_arcan_combi'!$K:$K, 'ongresinc-stackgres_arcan_combi'!$A:$A, $A8, 'ongresinc-stackgres_arcan_combi'!$B:$B, $B8, 'ongresinc-stackgres_arcan_combi'!$C:$C, $C8) -> 0.67060893 | G8: =SUMIFS('dlr-shepard-shepard_arcan_combi'!$G:$G, 'dlr-shepard-shepard_arcan_combi'!$A:$A, $A8, 'dlr-shepard-shepard_arcan_combi'!$B:$B, $B8, 'dlr-shepard-shepard_arcan_combi'!$C:$C, $C8) -> 0.61409897 | H8: =SUMIFS('dlr-shepard-shepard_arcan_combi'!$I:$I, 'dlr-shepard-shepard_arcan_combi'!$A:$A, $A8, 'dlr-shepard-shepard_arcan_combi'!$B:$B, $B8, 'dlr-shepard-shepard_arcan_combi'!$C:$C, $C8) -> 0.67619048 | I8: =SUMIFS('dlr-shepard-shepard_arcan_combi'!$K:$K, 'dlr-shepard-shepard_arcan_combi'!$A:$A, $A8, 'dlr-shepard-shepard_arcan_combi'!$B:$B, $B8, 'dlr-shepard-shepard_arcan_combi'!$C:$C, $C8) -> 0.64264069 | J8: =SUMIFS(Average!$G:$G, Average!$A:$A, $A8, Average!$B:$B, $B8, Average!$C:$C, $C8) -> 0.60663779 | K8: =SUMIFS(Average!$I:$I, Average!$A:$A, $A8, Average!$B:$B, $B8, Average!$C:$C, $C8) -> 0.71967312 | L8: =SUMIFS(Average!$K:$K, Average!$A:$A, $A8, Average!$B:$B, $B8, Average!$C:$C, $C8) -> 0.65662481 | M8: \\
A9: naive_bayes | B9: random_undersample | C9: tfidf | D9: =SUMIFS('ongresinc-stackgres_arcan_combi'!$G:$G, 'ongresinc-stackgres_arcan_combi'!$A:$A, $A9, 'ongresinc-stackgres_arcan_combi'!$B:$B, $B9, 'ongresinc-stackgres_arcan_combi'!$C:$C, $C9) -> 0.59665296 | E9: =SUMIFS('ongresinc-stackgres_arcan_combi'!$I:$I, 'ongresinc-stackgres_arcan_combi'!$A:$A, $A9, 'ongresinc-stackgres_arcan_combi'!$B:$B, $B9, 'ongresinc-stackgres_arcan_combi'!$C:$C, $C9) -> 0.8491929 | F9: =SUMIFS('ongresinc-stackgres_arcan_combi'!$K:$K, 'ongresinc-stackgres_arcan_combi'!$A:$A, $A9, 'ongresinc-stackgres_arcan_combi'!$B:$B, $B9, 'ongresinc-stackgres_arcan_combi'!$C:$C, $C9) -> 0.70030631 | G9: =SUMIFS('dlr-shepard-shepard_arcan_combi'!$G:$G, 'dlr-shepard-shepard_arcan_combi'!$A:$A, $A9, 'dlr-shepard-shepard_arcan_combi'!$B:$B, $B9, 'dlr-shepard-shepard_arcan_combi'!$C:$C, $C9) -> 0.6642575 | H9: =SUMIFS('dlr-shepard-shepard_arcan_combi'!$I:$I, 'dlr-shepard-shepard_arcan_combi'!$A:$A, $A9, 'dlr-shepard-shepard_arcan_combi'!$B:$B, $B9, 'dlr-shepard-shepard_arcan_combi'!$C:$C, $C9) -> 0.63809524 | I9: =SUMIFS('dlr-shepard-shepard_arcan_combi'!$K:$K, 'dlr-shepard-shepard_arcan_combi'!$A:$A, $A9, 'dlr-shepard-shepard_arcan_combi'!$B:$B, $B9, 'dlr-shepard-shepard_arcan_combi'!$C:$C, $C9) -> 0.64805121 | J9: =SUMIFS(Average!$G:$G, Average!$A:$A, $A9, Average!$B:$B, $B9, Average!$C:$C, $C9) -> 0.63045523 | K9: =SUMIFS(Average!$I:$I, Average!$A:$A, $A9, Average!$B:$B, $B9, Average!$C:$C, $C9) -> 0.74364407 | L9: =SUMIFS(Average!$K:$K, Average!$A:$A, $A9, Average!$B:$B, $B9, Average!$C:$C, $C9) -> 0.67417876 | M9: \\
A10: naive_bayes | B10: random_undersample | C10: openai | D10: =SUMIFS('ongresinc-stackgres_arcan_combi'!$G:$G, 'ongresinc-stackgres_arcan_combi'!$A:$A, $A10, 'ongresinc-stackgres_arcan_combi'!$B:$B, $B10, 'ongresinc-stackgres_arcan_combi'!$C:$C, $C10) -> 0.60473914 | E10: =SUMIFS('ongresinc-stackgres_arcan_combi'!$I:$I, 'ongresinc-stackgres_arcan_combi'!$A:$A, $A10, 'ongresinc-stackgres_arcan_combi'!$B:$B, $B10, 'ongresinc-stackgres_arcan_combi'!$C:$C, $C10) -> 0.80855529 | F10: =SUMIFS('ongresinc-stackgres_arcan_combi'!$K:$K, 'ongresinc-stackgres_arcan_combi'!$A:$A, $A10, 'ongresinc-stackgres_arcan_combi'!$B:$B, $B10, 'ongresinc-stackgres_arcan_combi'!$C:$C, $C10) -> 0.69165675 | G10: =SUMIFS('dlr-shepard-shepard_arcan_combi'!$G:$G, 'dlr-shepard-shepard_arcan_combi'!$A:$A, $A10, 'dlr-shepard-shepard_arcan_combi'!$B:$B, $B10, 'dlr-shepard-shepard_arcan_combi'!$C:$C, $C10) -> 0.65187716 | H10: =SUMIFS('dlr-shepard-shepard_arcan_combi'!$I:$I, 'dlr-shepard-shepard_arcan_combi'!$A:$A, $A10, 'dlr-shepard-shepard_arcan_combi'!$B:$B, $B10, 'dlr-shepard-shepard_arcan_combi'!$C:$C, $C10) -> 0.64761905 | I10: =SUMIFS('dlr-shepard-shepard_arcan_combi'!$K:$K, 'dlr-shepard-shepard_arcan_combi'!$A:$A, $A10, 'dlr-shepard-shepard_arcan_combi'!$B:$B, $B10, 'dlr-shepard-shepard_arcan_combi'!$C:$C, $C10) -> 0.64745911 | J10: =SUMIFS(Average!$G:$G, Average!$A:$A, $A10, Average!$B:$B, $B10, Average!$C:$C, $C10) -> 0.62830815 | K10: =SUMIFS(Average!$I:$I, Average!$A:$A, $A10, Average!$B:$B, $B10, Average!$C:$C, $C10) -> 0.72808717 | L10: =SUMIFS(Average!$K:$K, Average!$A:$A, $A10, Average!$B:$B, $B10, Average!$C:$C, $C10) -> 0.66955793 | M10: \\
