Workbook

Sheet traditional_ml_results_all
A1: project | B1: detector | C1: text_source | D1: encoding_method | E1: imbalance_strategy | F1: ml_model | G1: run_name | H1: accuracy | I1: precision | J1: recall | K1: f1 | L1: cv_accuracy_mean | M1: cv_accuracy_std | N1: cv_f1_mean | O1: cv_f1_std | P1: random_baseline_f1 | Q1: random_baseline_accuracy | R1: random_baseline_cv_f1 | S1: f1_improvement_over_random | T1: wilcoxon_p_value | U1: significant_improvement | V1: num_samples | W1: runtime_seconds | X1: error
A2: inkscape | B2: acdc | C2: combined_unfiltered | D2: openai | E2: random_undersample | F2: feedforward_nn | G2: inkscape_acdc_combined_unfiltered_openai_random_undersample_feedforward_nn | H2: 0.50131234 | I2: 0.15207373 | J2: 0.84615385 | K2: 0.2578125 | L2: 0.72785961 | M2: 0.102952 | N2: 0.2867259 | O2: 0.063818099 | P2: 0.052631579 | Q2: 0.81102362 | R2: 0.091644205 | S2: 0.20518092 | T2: 0.0078125 | U2: True | V2: 2536 | W2: 4.1166813
A3: inkscape | B3: acdc | C3: description | D3: openai | E3: random_undersample | F3: feedforward_nn | G3: inkscape_acdc_description_openai_random_undersample_feedforward_nn | H3: 0.47244094 | I3: 0.13839286 | J3: 0.79487179 | K3: 0.23574144 | L3: 0.60778865 | M3: 0.17865503 | N3: 0.25601524 | O3: 0.040949367 | P3: 0.052631579 | Q3: 0.81102362 | R3: 0.091644205 | S3: 0.18310987 | T3: 0.0078125 | U3: True | V3: 2536 | W3: 3.3519228
A4: inkscape | B4: acdc | C4: combined | D4: openai | E4: random_undersample | F4: feedforward_nn | G4: inkscape_acdc_combined_openai_random_undersample_feedforward_nn | H4: 0.28346457 | I4: 0.11764706 | J4: 0.92307692 | K4: 0.20869565 | L4: 0.57367384 | M4: 0.11748813 | N4: 0.23581898 | O4: 0.041463153 | P4: 0.052631579 | Q4: 0.81102362 | R4: 0.091644205 | S4: 0.15606407 | T4: 0.015625 | U4: True | V4: 2536 | W4: 2.7281318
A5: inkscape | B5: acdc | C5: description | D5: sbert_tfidf_weighted | E5: random_undersample | F5: feedforward_nn | G5: inkscape_acdc_description_sbert_tfidf_weighted_random_undersample_feedforward_nn | H5: 0.76902887 | I5: 0.18987342 | J5: 0.38461538 | K5: 0.25423729 | L5: 0.58922847 | M5: 0.084190325 | N5: 0.22488931 | O5: 0.0397486 | P5: 0.052631579 | Q5: 0.81102362 | R5: 0.091644205 | S5: 0.20160571 | T5: 0.0078125 | U5: True | V5: 2536 | W5: 1.6422977
A6: inkscape | B6: acdc | C6: description | D6: sbert_max | E6: random_undersample | F6: feedforward_nn | G6: inkscape_acdc_description_sbert_max_random_undersample_feedforward_nn | H6: 0.66666667 | I6: 0.16153846 | J6: 0.53846154 | K6: 0.24852071 | L6: 0.57573683 | M6: 0.088357648 | N6: 0.22057277 | O6: 0.041649591 | P6: 0.052631579 | Q6: 0.81102362 | R6: 0.091644205 | S6: 0.19588913 | T6: 0.0078125 | U6: True | V6: 2536 | W6: 1.3406072
A7: inkscape | B7: acdc | C7: combined_unfiltered | D7: sbert_avg | E7: random_undersample | F7: feedforward_nn | G7: inkscape_acdc_combined_unfiltered_sbert_avg_random_undersample_feedforward_nn | H7: 0.68503937 | I7: 0.18110236 | J7: 0.58974359 | K7: 0.27710843 | L7: 0.51256686 | M7: 0.092669106 | N7: 0.21920973 | O7: 0.03026171 | P7: 0.052631579 | Q7: 0.81102362 | R7: 0.091644205 | S7: 0.22447685 | T7: 0.015625 | U7: True | V7: 2536 | W7: 1.0090365
A8: inkscape | B8: acdc | C8: combined_unfiltered | D8: sbert_max | E8: random_undersample | F8: feedforward_nn | G8: inkscape_acdc_combined_unfiltered_sbert_max_random_undersample_feedforward_nn | H8: 0.52493438 | I8: 0.12631579 | J8: 0.61538462 | K8: 0.20960699 | L8: 0.50031123 | M8: 0.089410362 | N8: 0.21786863 | O8: 0.037789358 | P8: 0.052631579 | Q8: 0.81102362 | R8: 0.091644205 | S8: 0.15697541 | T8: 0.015625 | U8: True | V8: 2536 | W8: 1.0545197
A9: inkscape | B9: acdc | C9: description | D9: sbert_avg | E9: random_undersample | F9: feedforward_nn | G9: inkscape_acdc_description_sbert_avg_random_undersample_feedforward_nn | H9: 0.65616798 | I9: 0.16176471 | J9: 0.56410256 | K9: 0.25142857 | L9: 0.61289276 | M9: 0.071897941 | N9: 0.21088078 | O9: 0.038998301 | P9: 0.052631579 | Q9: 0.81102362 | R9: 0.091644205 | S9: 0.19879699 | T9: 0.0078125 | U9: True | V9: 2536 | W9: 1.3859317
A10: inkscape | B10: acdc | C10: combined_unfiltered | D10: sbert_tfidf_weighted | E10: random_undersample | F10: feedforward_nn | G10: inkscape_acdc_combined_unfiltered_sbert_tfidf_weighted_random_undersample_feedforward_nn | H10: 0.71391076 | I10: 0.19298246 | J10: 0.56410256 | K10: 0.2875817 | L10: 0.57743523 | M10: 0.087231923 | N10: 0.20759809 | O10: 0.026298738 | P10: 0.052631579 | Q10: 0.81102362 | R10: 0.091644205 | S10: 0.23495012 | T10: 0.015625 | U10: True | V10: 2536 | W10: 1.9955909
A11: inkscape | B11: acdc | C11: combined | D11: sbert_avg | E11: random_undersample | F11: feedforward_nn | G11: inkscape_acdc_combined_sbert_avg_random_undersample_feedforward_nn | H11: 0.69291339 | I11: 0.1637931 | J11: 0.48717949 | K11: 0.24516129 | L11: 0.59438148 | M11: 0.12690415 | N11: 0.20433718 | O11: 0.04425518 | P11: 0.052631579 | Q11: 0.81102362 | R11: 0.091644205 | S11: 0.19252971 | T11: 0.015625 | U11: True | V11: 2536 | W11: 0.80032134
A12: inkscape | B12: acdc | C12: combined | D12: sbert_tfidf_weighted | E12: random_undersample | F12: feedforward_nn | G12: inkscape_acdc_combined_sbert_tfidf_weighted_random_undersample_feedforward_nn | H12: 0.72703412 | I12: 0.17821782 | J12: 0.46153846 | K12: 0.25714286 | L12: 0.49510041 | M12: 0.14563676 | N12: 0.20242041 | O12: 0.030294026 | P12: 0.052631579 | Q12: 0.81102362 | R12: 0.091644205 | S12: 0.20451128 | T12: 0.015625 | U12: True | V12: 2536 | W12: 1.6625938
A13: inkscape | B13: acdc | C13: combined | D13: sbert_max | E13: random_undersample | F13: feedforward_nn | G13: inkscape_acdc_combined_sbert_max_random_undersample_feedforward_nn | H13: 0.36220472 | I13: 0.12222222 | J13: 0.84615385 | K13: 0.21359223 | L13: 0.60050819 | M13: 0.076257667 | N13: 0.19252135 | O13: 0.054026192 | P13: 0.052631579 | Q13: 0.81102362 | R13: 0.091644205 | S13: 0.16096065 | T13: 0.0234375 | U13: True | V13: 2536 | W13: 1.029604
... A1531: stackgres | B1531: arcan | C1531: combined_unfiltered | D1531: sbert_avg | E1531: none | F1531: xgboost | G1531: stackgres_arcan_combined_unfiltered_sbert_avg_none_xgboost | H1531: 0.71848739 | I1531: 0.67164179 | J1531: 0.5 | K1531: 0.57324841 | L1531: 0.71699819 | M1531: 0.014238712 | N1531: 0.57581277 | O1531: 0.027763165 | P1531: 0.39106145 | Q1531: 0.54201681 | R1531: 0.36839926 | S1531: 0.18218696 | T1531: 0.0078125 | U1531: True | V1531: 1581 | W1531: 69.120102

Sheet average_arcade
A1: detector | B1: text_source | C1: encoding_method | D1: imbalance_strategy | E1: ml_model | F1: accuracy | G1: precision | H1: recall | I1: f1 | J1: cv_accuracy_mean | K1: cv_accuracy_std | L1: cv_f1_mean | M1: cv_f1_std | N1: random_baseline_f1 | O1: random_baseline_accuracy | P1: random_baseline_cv_f1 | Q1: f1_improvement_over_random | R1: wilcoxon_p_value | S1: significant_improvement | T1: num_samples | U1: runtime_seconds
A2: acdc | B2: description | C2: sbert_avg | D2: random_undersample | E2: feedforward_nn | F2: =AVERAGEIFS( traditional_ml_results_all!H:H, traditional_ml_results_all!$B:$B, $A2, traditional_ml_results_all!$C:$C, $B2, traditional_ml_results_all!$D:$D, $C2, traditional_ml_results_all!$E:$E, $D2, traditional_ml_results_all!$F:$F, $E2 ) -> 0.61788232 | G2: =AVERAGEIFS( traditional_ml_results_all!I:I, traditional_ml_results_all!$B:$B, $A2, traditional_ml_results_all!$C:$C, $B2, traditional_ml_results_all!$D:$D, $C2, traditional_ml_results_all!$E:$E, $D2, traditional_ml_results_all!$F:$F, $E2 ) -> 0.23642728 | H2: =AVERAGEIFS( traditional_ml_results_all!J:J, traditional_ml_results_all!$B:$B, $A2, traditional_ml_results_all!$C:$C, $B2, traditional_ml_results_all!$D:$D, $C2, traditional_ml_results_all!$E:$E, $D2, traditional_ml_results_all!$F:$F, $E2 ) -> 0.64991362 | I2: =AVERAGEIFS( traditional_ml_results_all!K:K, traditional_ml_results_all!$B:$B, $A2, traditional_ml_results_all!$C:$C, $B2, traditional_ml_results_all!$D:$D, $C2, traditional_ml_results_all!$E:$E, $D2, traditional_ml_results_all!$F:$F, $E2 ) -> 0.33380952 | J2: =AVERAGEIFS( traditional_ml_results_all!L:L, traditional_ml_results_all!$B:$B, $A2, traditional_ml_results_all!$C:$C, $B2, traditional_ml_results_all!$D:$D, $C2, traditional_ml_results_all!$E:$E, $D2, traditional_ml_results_all!$F:$F, $E2 ) -> 0.53416827 | K2: =AVERAGEIFS( traditional_ml_results_all!M:M, traditional_ml_results_all!$B:$B, $A2, traditional_ml_results_all!$C:$C, $B2, traditional_ml_results_all!$D:$D, $C2, traditional_ml_results_all!$E:$E, $D2, traditional_ml_results_all!$F:$F, $E2 ) -> 0.076899234 | L2: =AVERAGEIFS( traditional_ml_results_all!N:N, traditional_ml_results_all!$B:$B, $A2, traditional_ml_results_all!$C:$C, $B2, traditional_ml_results_all!$D:$D, $C2, traditional_ml_results_all!$E:$E, $D2, traditional_ml_results_all!$F:$F, $E2 ) -> 0.31189695 | M2: =AVERAGEIFS( traditional_ml_results_all!O:O, traditional_ml_results_all!$B:$B, $A2, traditional_ml_results_all!$C:$C, $B2, traditional_ml_results_all!$D:$D, $C2, traditional_ml_results_all!$E:$E, $D2, traditional_ml_results_all!$F:$F, $E2 ) -> 0.052261321 | N2: =AVERAGEIFS( traditional_ml_results_all!P:P, traditional_ml_results_all!$B:$B, $A2, traditional_ml_results_all!$C:$C, $B2, traditional_ml_results_all!$D:$D, $C2, traditional_ml_results_all!$E:$E, $D2, traditional_ml_results_all!$F:$F, $E2 ) -> 0.14169845 | O2: =AVERAGEIFS( traditional_ml_results_all!Q:Q, traditional_ml_results_all!$B:$B, $A2, traditional_ml_results_all!$C:$C, $B2, traditional_ml_results_all!$D:$D, $C2, traditional_ml_results_all!$E:$E, $D2, traditional_ml_results_all!$F:$F, $E2 ) -> 0.75563532 | P2: =AVERAGEIFS( traditional_ml_results_all!R:R, traditional_ml_results_all!$B:$B, $A2, traditional_ml_results_all!$C:$C, $B2, traditional_ml_results_all!$D:$D, $C2, traditional_ml_results_all!$E:$E, $D2, traditional_ml_results_all!$F:$F, $E2 ) -> 0.16584663 | Q2: =AVERAGEIFS( traditional_ml_results_all!S:S, traditional_ml_results_all!$B:$B, $A2, traditional_ml_results_all!$C:$C, $B2, traditional_ml_results_all!$D:$D, $C2, traditional_ml_results_all!$E:$E, $D2, traditional_ml_results_all!$F:$F, $E2 ) -> 0.19211107 | R2: =AVERAGEIFS( traditional_ml_results_all!T:T, traditional_ml_results_all!$B:$B, $A2, traditional_ml_results_all!$C:$C, $B2, traditional_ml_results_all!$D:$D, $C2, traditional_ml_results_all!$E:$E, $D2, traditional_ml_results_all!$F:$F, $E2 ) -> 0.1015625 | S2: =AVERAGEIFS( traditional_ml_results_all!U:U, traditional_ml_results_all!$B:$B, $A2, traditional_ml_results_all!$C:$C, $B2, traditional_ml_results_all!$D:$D, $C2, traditional_ml_results_all!$E:$E, $D2, traditional_ml_results_all!$F:$F, $E2 ) -> #DIV/0! | T2: =AVERAGEIFS( traditional_ml_results_all!V:V, traditional_ml_results_all!$B:$B, $A2, traditional_ml_results_all!$C:$C, $B2, traditional_ml_results_all!$D:$D, $C2, traditional_ml_results_all!$E:$E, $D2, traditional_ml_results_all!$F:$F, $E2 ) -> 1487.6667 | U2: =AVERAGEIFS( traditional_ml_results_all!W:W, traditional_ml_results_all!$B:$B, $A2, traditional_ml_results_all!$C:$C, $B2, traditional_ml_results_all!$D:$D, $C2, traditional_ml_results_all!$E:$E, $D2, traditional_ml_results_all!$F:$F, $E2 ) -> 0.8995084
A3: acdc | B3: description | C3: sbert_tfidf_weighted | D3: random_undersample | E3: feedforward_nn | F3: =AVERAGEIFS( traditional_ml_results_all!H:H, traditional_ml_results_all!$B:$B, $A3, traditional_ml_results_all!$C:$C, $B3, traditional_ml_results_all!$D:$D, $C3, traditional_ml_results_all!$E:$E, $D3, traditional_ml_results_all!$F:$F, $E3 ) -> 0.6527015 | G3: =AVERAGEIFS( traditional_ml_results_all!I:I, traditional_ml_results_all!$B:$B, $A3, traditional_ml_results_all!$C:$C, $B3, traditional_ml_results_all!$D:$D, $C3, traditional_ml_results_all!$E:$E, $D3, traditional_ml_results_all!$F:$F, $E3 ) -> 0.24287447 | H3: =AVERAGEIFS( traditional_ml_results_all!J:J, traditional_ml_results_all!$B:$B, $A3, traditional_ml_results_all!$C:$C, $B3, traditional_ml_results_all!$D:$D, $C3, traditional_ml_results_all!$E:$E, $D3, traditional_ml_results_all!$F:$F, $E3 ) -> 0.59008456 | I3: =AVERAGEIFS( traditional_ml_results_all!K:K, traditional_ml_results_all!$B:$B, $A3, traditional_ml_results_all!$C:$C, $B3, traditional_ml_results_all!$D:$D, $C3, traditional_ml_results_all!$E:$E, $D3, traditional_ml_results_all!$F:$F, $E3 ) -> 0.33255997 | J3: =AVERAGEIFS( traditional_ml_results_all!L:L, traditional_ml_results_all!$B:$B, $A3, traditional_ml_results_all!$C:$C, $B3, traditional_ml_results_all!$D:$D, $C3, traditional_ml_results_all!$E:$E, $D3, traditional_ml_results_all!$F:$F, $E3 ) -> 0.51995106 | K3: =AVERAGEIFS( traditional_ml_results_all!M:M, traditional_ml_results_all!$B:$B, $A3, traditional_ml_results_all!$C:$C, $B3, traditional_ml_results_all!$D:$D, $C3, traditional_ml_results_all!$E:$E, $D3, traditional_ml_results_all!$F:$F, $E3 ) -> 0.0837845 | L3: =AVERAGEIFS( traditional_ml_results_all!N:N, traditional_ml_results_all!$B:$B, $A3, traditional_ml_results_all!$C:$C, $B3, traditional_ml_results_all!$D:$D, $C3, traditional_ml_results_all!$E:$E, $D3, traditional_ml_results_all!$F:$F, $E3 ) -> 0.31336258 | M3: =AVERAGEIFS( traditional_ml_results_all!O:O, traditional_ml_results_all!$B:$B, $A3, traditional_ml_results_all!$C:$C, $B3, traditional_ml_results_all!$D:$D, $C3, traditional_ml_results_all!$E:$E, $D3, traditional_ml_results_all!$F:$F, $E3 ) -> 0.051301705 | N3: =AVERAGEIFS( traditional_ml_results_all!P:P, traditional_ml_results_all!$B:$B, $A3, traditional_ml_results_all!$C:$C, $B3, traditional_ml_results_all!$D:$D, $C3, traditional_ml_results_all!$E:$E, $D3, traditional_ml_results_all!$F:$F, $E3 ) -> 0.14169845 | O3: =AVERAGEIFS( traditional_ml_results_all!Q:Q, traditional_ml_results_all!$B:$B, $A3, traditional_ml_results_all!$C:$C, $B3, traditional_ml_results_all!$D:$D, $C3, traditional_ml_results_all!$E:$E, $D3, traditional_ml_results_all!$F:$F, $E3 ) -> 0.75563532 | P3: =AVERAGEIFS( traditional_ml_results_all!R:R, traditional_ml_results_all!$B:$B, $A3, traditional_ml_results_all!$C:$C, $B3, traditional_ml_results_all!$D:$D, $C3, traditional_ml_results_all!$E:$E, $D3, traditional_ml_results_all!$F:$F, $E3 ) -> 0.16584663 | Q3: =AVERAGEIFS( traditional_ml_results_all!S:S, traditional_ml_results_all!$B:$B, $A3, traditional_ml_results_all!$C:$C, $B3, traditional_ml_results_all!$D:$D, $C3, traditional_ml_results_all!$E:$E, $D3, traditional_ml_results_all!$F:$F, $E3 ) -> 0.19086152 | R3: =AVERAGEIFS( traditional_ml_results_all!T:T, traditional_ml_results_all!$B:$B, $A3, traditional_ml_results_all!$C:$C, $B3, traditional_ml_results_all!$D:$D, $C3, traditional_ml_results_all!$E:$E, $D3, traditional_ml_results_all!$F:$F, $E3 ) -> 0.1015625 | S3: =AVERAGEIFS( traditional_ml_results_all!U:U, traditional_ml_results_all!$B:$B, $A3, traditional_ml_results_all!$C:$C, $B3, traditional_ml_results_all!$D:$D, $C3, traditional_ml_results_all!$E:$E, $D3, traditional_ml_results_all!$F:$F, $E3 ) -> #DIV/0! | T3: =AVERAGEIFS( traditional_ml_results_all!V:V, traditional_ml_results_all!$B:$B, $A3, traditional_ml_results_all!$C:$C, $B3, traditional_ml_results_all!$D:$D, $C3, traditional_ml_results_all!$E:$E, $D3, traditional_ml_results_all!$F:$F, $E3 ) -> 1487.6667 | U3: =AVERAGEIFS( traditional_ml_results_all!W:W, traditional_ml_results_all!$B:$B, $A3, traditional_ml_results_all!$C:$C, $B3, traditional_ml_results_all!$D:$D, $C3, traditional_ml_results_all!$E:$E, $D3, traditional_ml_results_all!$F:$F, $E3 ) -> 1.1516352
A4: acdc | B4: description | C4: sbert_max | D4: random_undersample | E4: feedforward_nn | F4: =AVERAGEIFS( traditional_ml_results_all!H:H, traditional_ml_results_all!$B:$B, $A4, traditional_ml_results_all!$C:$C, $B4, traditional_ml_results_all!$D:$D, $C4, traditional_ml_results_all!$E:$E, $D4, traditional_ml_results_all!$F:$F, $E4 ) -> 0.61718021 | G4: =AVERAGEIFS( traditional_ml_results_all!I:I, traditional_ml_results_all!$B:$B, $A4, traditional_ml_results_all!$C:$C, $B4, traditional_ml_results_all!$D:$D, $C4, traditional_ml_results_all!$E:$E, $D4, traditional_ml_results_all!$F:$F, $E4 ) -> 0.23036642 | H4: =AVERAGEIFS( traditional_ml_results_all!J:J, traditional_ml_results_all!$B:$B, $A4, traditional_ml_results_all!$C:$C, $B4, traditional_ml_results_all!$D:$D, $C4, traditional_ml_results_all!$E:$E, $D4, traditional_ml_results_all!$F:$F, $E4 ) -> 0.63427441 | I4: =AVERAGEIFS( traditional_ml_results_all!K:K, traditional_ml_results_all!$B:$B, $A4, traditional_ml_results_all!$C:$C, $B4, traditional_ml_results_all!$D:$D, $C4, traditional_ml_results_all!$E:$E, $D4, traditional_ml_results_all!$F:$F, $E4 ) -> 0.32622867 | J4: =AVERAGEIFS( traditional_ml_results_all!L:L, traditional_ml_results_all!$B:$B, $A4, traditional_ml_results_all!$C:$C, $B4, traditional_ml_results_all!$D:$D, $C4, traditional_ml_results_all!$E:$E, $D4, traditional_ml_results_all!$F:$F, $E4 ) -> 0.52660514 | K4: =AVERAGEIFS( traditional_ml_results_all!M:M, traditional_ml_results_all!$B:$B, $A4, traditional_ml_results_all!$C:$C, $B4, traditional_ml_results_all!$D:$D, $C4, traditional_ml_results_all!$E:$E, $D4, traditional_ml_results_all!$F:$F, $E4 ) -> 0.086414264 | L4: =AVERAGEIFS( traditional_ml_results_all!N:N, traditional_ml_results_all!$B:$B, $A4, traditional_ml_results_all!$C:$C, $B4, traditional_ml_results_all!$D:$D, $C4, traditional_ml_results_all!$E:$E, $D4, traditional_ml_results_all!$F:$F, $E4 ) -> 0.31151821 | M4: =AVERAGEIFS( traditional_ml_results_all!O:O, traditional_ml_results_all!$B:$B, $A4, traditional_ml_results_all!$C:$C, $B4, traditional_ml_results_all!$D:$D, $C4, traditional_ml_results_all!$E:$E, $D4, traditional_ml_results_all!$F:$F, $E4 ) -> 0.05548754 | N4: =AVERAGEIFS( traditional_ml_results_all!P:P, traditional_ml_results_all!$B:$B, $A4, traditional_ml_results_all!$C:$C, $B4, traditional_ml_results_all!$D:$D, $C4, traditional_ml_results_all!$E:$E, $D4, traditional_ml_results_all!$F:$F, $E4 ) -> 0.14169845 | O4: =AVERAGEIFS( traditional_ml_results_all!Q:Q, traditional_ml_results_all!$B:$B, $A4, traditional_ml_results_all!$C:$C, $B4, traditional_ml_results_all!$D:$D, $C4, traditional_ml_results_all!$E:$E, $D4, traditional_ml_results_all!$F:$F, $E4 ) -> 0.75563532 | P4: =AVERAGEIFS( traditional_ml_results_all!R:R, traditional_ml_results_all!$B:$B, $A4, traditional_ml_results_all!$C:$C, $B4, traditional_ml_results_all!$D:$D, $C4, traditional_ml_results_all!$E:$E, $D4, traditional_ml_results_all!$F:$F, $E4 ) -> 0.16584663 | Q4: =AVERAGEIFS( traditional_ml_results_all!S:S, traditional_ml_results_all!$B:$B, $A4, traditional_ml_results_all!$C:$C, $B4, traditional_ml_results_all!$D:$D, $C4, traditional_ml_results_all!$E:$E, $D4, traditional_ml_results_all!$F:$F, $E4 ) -> 0.18453022 | R4: =AVERAGEIFS( traditional_ml_results_all!T:T, traditional_ml_results_all!$B:$B, $A4, traditional_ml_results_all!$C:$C, $B4, traditional_ml_results_all!$D:$D, $C4, traditional_ml_results_all!$E:$E, $D4, traditional_ml_results_all!$F:$F, $E4 ) -> 0.1015625 | S4: =AVERAGEIFS( traditional_ml_results_all!U:U, traditional_ml_results_all!$B:$B, $A4, traditional_ml_results_all!$C:$C, $B4, traditional_ml_results_all!$D:$D, $C4, traditional_ml_results_all!$E:$E, $D4, traditional_ml_results_all!$F:$F, $E4 ) -> #DIV/0! | T4: =AVERAGEIFS( traditional_ml_results_all!V:V, traditional_ml_results_all!$B:$B, $A4, traditional_ml_results_all!$C:$C, $B4, traditional_ml_results_all!$D:$D, $C4, traditional_ml_results_all!$E:$E, $D4, traditional_ml_results_all!$F:$F, $E4 ) -> 1487.6667 | U4: =AVERAGEIFS( traditional_ml_results_all!W:W, traditional_ml_results_all!$B:$B, $A4, traditional_ml_results_all!$C:$C, $B4, traditional_ml_results_all!$D:$D, $C4, traditional_ml_results_all!$E:$E, $D4, traditional_ml_results_all!$F:$F, $E4 ) -> 0.8571163
A5: acdc | B5: combined_unfiltered | C5: sbert_tfidf_weighted | D5: random_undersample | E5: feedforward_nn | F5: =AVERAGEIFS( traditional_ml_results_all!H:H, traditional_ml_results_all!$B:$B, $A5, traditional_ml_results_all!$C:$C, $B5, traditional_ml_results_all!$D:$D, $C5, traditional_ml_results_all!$E:$E, $D5, traditional_ml_results_all!$F:$F, $E5 ) -> 0.61752207 | G5: =AVERAGEIFS( traditional_ml_results_all!I:I, traditional_ml_results_all!$B:$B, $A5, traditional_ml_results_all!$C:$C, $B5, traditional_ml_results_all!$D:$D, $C5, traditional_ml_results_all!$E:$E, $D5, traditional_ml_results_all!$F:$F, $E5 ) -> 0.22462711 | H5: =AVERAGEIFS( traditional_ml_results_all!J:J, traditional_ml_results_all!$B:$B, $A5, traditional_ml_results_all!$C:$C, $B5, traditional_ml_results_all!$D:$D, $C5, traditional_ml_results_all!$E:$E, $D5, traditional_ml_results_all!$F:$F, $E5 ) -> 0.61533915 | I5: =AVERAGEIFS( traditional_ml_results_all!K:K, traditional_ml_results_all!$B:$B, $A5, traditional_ml_results_all!$C:$C, $B5, traditional_ml_results_all!$D:$D, $C5, traditional_ml_results_all!$E:$E, $D5, traditional_ml_results_all!$F:$F, $E5 ) -> 0.32367274 | J5: =AVERAGEIFS( traditional_ml_results_all!L:L, traditional_ml_results_all!$B:$B, $A5, traditional_ml_results_all!$C:$C, $B5, traditional_ml_results_all!$D:$D, $C5, traditional_ml_results_all!$E:$E, $D5, traditional_ml_results_all!$F:$F, $E5 ) -> 0.53255064 | K5: =AVERAGEIFS( traditional_ml_results_all!M:M, traditional_ml_results_all!$B:$B, $A5, traditional_ml_results_all!$C:$C, $B5, traditional_ml_results_all!$D:$D, $C5, traditional_ml_results_all!$E:$E, $D5, traditional_ml_results_all!$F:$F, $E5 ) -> 0.082628738 | L5: =AVERAGEIFS( traditional_ml_results_all!N:N, traditional_ml_results_all!$B:$B, $A5, traditional_ml_results_all!$C:$C, $B5, traditional_ml_results_all!$D:$D, $C5, traditional_ml_results_all!$E:$E, $D5, traditional_ml_results_all!$F:$F, $E5 ) -> 0.30657737 | M5: =AVERAGEIFS( traditional_ml_results_all!O:O, traditional_ml_results_all!$B:$B, $A5, traditional_ml_results_all!$C:$C, $B5, traditional_ml_results_all!$D:$D, $C5, traditional_ml_results_all!$E:$E, $D5, traditional_ml_results_all!$F:$F, $E5 ) -> 0.05026001 | N5: =AVERAGEIFS( traditional_ml_results_all!P:P, traditional_ml_results_all!$B:$B, $A5, traditional_ml_results_all!$C:$C, $B5, traditional_ml_results_all!$D:$D, $C5, traditional_ml_results_all!$E:$E, $D5, traditional_ml_results_all!$F:$F, $E5 ) -> 0.14169845 | O5: =AVERAGEIFS( traditional_ml_results_all!Q:Q, traditional_ml_results_all!$B:$B, $A5, traditional_ml_results_all!$C:$C, $B5, traditional_ml_results_all!$D:$D, $C5, traditional_ml_results_all!$E:$E, $D5, traditional_ml_results_all!$F:$F, $E5 ) -> 0.75563532 | P5: =AVERAGEIFS( traditional_ml_results_all!R:R, traditional_ml_results_all!$B:$B, $A5, traditional_ml_results_all!$C:$C, $B5, traditional_ml_results_all!$D:$D, $C5, traditional_ml_results_all!$E:$E, $D5, traditional_ml_results_all!$F:$F, $E5 ) -> 0.16584663 | Q5: =AVERAGEIFS( traditional_ml_results_all!S:S, traditional_ml_results_all!$B:$B, $A5, traditional_ml_results_all!$C:$C, $B5, traditional_ml_results_all!$D:$D, $C5, traditional_ml_results_all!$E:$E, $D5, traditional_ml_results_all!$F:$F, $E5 ) -> 0.18197429 | R5: =AVERAGEIFS( traditional_ml_results_all!T:T, traditional_ml_results_all!$B:$B, $A5, traditional_ml_results_all!$C:$C, $B5, traditional_ml_results_all!$D:$D, $C5, traditional_ml_results_all!$E:$E, $D5, traditional_ml_results_all!$F:$F, $E5 ) -> 0.12239583 | S5: =AVERAGEIFS( traditional_ml_results_all!U:U, traditional_ml_results_all!$B:$B, $A5, traditional_ml_results_all!$C:$C, $B5, traditional_ml_results_all!$D:$D, $C5, traditional_ml_results_all!$E:$E, $D5, traditional_ml_results_all!$F:$F, $E5 ) -> #DIV/0! | T5: =AVERAGEIFS( traditional_ml_results_all!V:V, traditional_ml_results_all!$B:$B, $A5, traditional_ml_results_all!$C:$C, $B5, traditional_ml_results_all!$D:$D, $C5, traditional_ml_results_all!$E:$E, $D5, traditional_ml_results_all!$F:$F, $E5 ) -> 1487.6667 | U5: =AVERAGEIFS( traditional_ml_results_all!W:W, traditional_ml_results_all!$B:$B, $A5, traditional_ml_results_all!$C:$C, $B5, traditional_ml_results_all!$D:$D, $C5, traditional_ml_results_all!$E:$E, $D5, traditional_ml_results_all!$F:$F, $E5 ) -> 1.2626662
A6: acdc | B6: combined | C6: sbert_tfidf_weighted | D6: random_undersample | E6: feedforward_nn | F6: =AVERAGEIFS( traditional_ml_results_all!H:H, traditional_ml_results_all!$B:$B, $A6, traditional_ml_results_all!$C:$C, $B6, traditional_ml_results_all!$D:$D, $C6, traditional_ml_results_all!$E:$E, $D6, traditional_ml_results_all!$F:$F, $E6 ) -> 0.62609821 | G6: =AVERAGEIFS( traditional_ml_results_all!I:I, traditional_ml_results_all!$B:$B, $A6, traditional_ml_results_all!$C:$C, $B6, traditional_ml_results_all!$D:$D, $C6, traditional_ml_results_all!$E:$E, $D6, traditional_ml_results_all!$F:$F, $E6 ) -> 0.22607261 | H6: =AVERAGEIFS( traditional_ml_results_all!J:J, traditional_ml_results_all!$B:$B, $A6, traditional_ml_results_all!$C:$C, $B6, traditional_ml_results_all!$D:$D, $C6, traditional_ml_results_all!$E:$E, $D6, traditional_ml_results_all!$F:$F, $E6 ) -> 0.59533552 | I6: =AVERAGEIFS( traditional_ml_results_all!K:K, traditional_ml_results_all!$B:$B, $A6, traditional_ml_results_all!$C:$C, $B6, traditional_ml_results_all!$D:$D, $C6, traditional_ml_results_all!$E:$E, $D6, traditional_ml_results_all!$F:$F, $E6 ) -> 0.3223643 | J6: =AVERAGEIFS( traditional_ml_results_all!L:L, traditional_ml_results_all!$B:$B, $A6, traditional_ml_results_all!$C:$C, $B6, traditional_ml_results_all!$D:$D, $C6, traditional_ml_results_all!$E:$E, $D6, traditional_ml_results_all!$F:$F, $E6 ) -> 0.50329738 | K6: =AVERAGEIFS( traditional_ml_results_all!M:M, traditional_ml_results_all!$B:$B, $A6, traditional_ml_results_all!$C:$C, $B6, traditional_ml_results_all!$D:$D, $C6, traditional_ml_results_all!$E:$E, $D6, traditional_ml_results_all!$F:$F, $E6 ) -> 0.10354303 | L6: =AVERAGEIFS( traditional_ml_results_all!N:N, traditional_ml_results_all!$B:$B, $A6, traditional_ml_results_all!$C:$C, $B6, traditional_ml_results_all!$D:$D, $C6, traditional_ml_results_all!$E:$E, $D6, traditional_ml_results_all!$F:$F, $E6 ) -> 0.30188288 | M6: =AVERAGEIFS( traditional_ml_results_all!O:O, traditional_ml_results_all!$B:$B, $A6, traditional_ml_results_all!$C:$C, $B6, traditional_ml_results_all!$D:$D, $C6, traditional_ml_results_all!$E:$E, $D6, traditional_ml_results_all!$F:$F, $E6 ) -> 0.052640513 | N6: =AVERAGEIFS( traditional_ml_results_all!P:P, traditional_ml_results_all!$B:$B, $A6, traditional_ml_results_all!$C:$C, $B6, traditional_ml_results_all!$D:$D, $C6, traditional_ml_results_all!$E:$E, $D6, traditional_ml_results_all!$F:$F, $E6 ) -> 0.14169845 | O6: =AVERAGEIFS( traditional_ml_results_all!Q:Q, traditional_ml_results_all!$B:$B, $A6, traditional_ml_results_all!$C:$C, $B6, traditional_ml_results_all!$D:$D, $C6, traditional_ml_results_all!$E:$E, $D6, traditional_ml_results_all!$F:$F, $E6 ) -> 0.75563532 | P6: =AVERAGEIFS( traditional_ml_results_all!R:R, traditional_ml_results_all!$B:$B, $A6, traditional_ml_results_all!$C:$C, $B6, traditional_ml_results_all!$D:$D, $C6, traditional_ml_results_all!$E:$E, $D6, traditional_ml_results_all!$F:$F, $E6 ) -> 0.16584663 | Q6: =AVERAGEIFS( traditional_ml_results_all!S:S, traditional_ml_results_all!$B:$B, $A6, traditional_ml_results_all!$C:$C, $B6, traditional_ml_results_all!$D:$D, $C6, traditional_ml_results_all!$E:$E, $D6, traditional_ml_results_all!$F:$F, $E6 ) -> 0.18066586 | R6: =AVERAGEIFS( traditional_ml_results_all!T:T, traditional_ml_results_all!$B:$B, $A6, traditional_ml_results_all!$C:$C, $B6, traditional_ml_results_all!$D:$D, $C6, traditional_ml_results_all!$E:$E, $D6, traditional_ml_results_all!$F:$F, $E6 ) -> 0.12239583 | S6: =AVERAGEIFS( traditional_ml_results_all!U:U, traditional_ml_results_all!$B:$B, $A6, traditional_ml_results_all!$C:$C, $B6, traditional_ml_results_all!$D:$D, $C6, traditional_ml_results_all!$E:$E, $D6, traditional_ml_results_all!$F:$F, $E6 ) -> #DIV/0! | T6: =AVERAGEIFS( traditional_ml_results_all!V:V, traditional_ml_results_all!$B:$B, $A6, traditional_ml_results_all!$C:$C, $B6, traditional_ml_results_all!$D:$D, $C6, traditional_ml_results_all!$E:$E, $D6, traditional_ml_results_all!$F:$F, $E6 ) -> 1487.6667 | U6: =AVERAGEIFS( traditional_ml_results_all!W:W, traditional_ml_results_all!$B:$B, $A6, traditional_ml_results_all!$C:$C, $B6, traditional_ml_results_all!$D:$D, $C6, traditional_ml_results_all!$E:$E, $D6, traditional_ml_results_all!$F:$F, $E6 ) -> 1.0786261
A7: acdc | B7: combined_unfiltered | C7: sbert_avg | D7: random_undersample | E7: feedforward_nn | F7: =AVERAGEIFS( traditional_ml_results_all!H:H, traditional_ml_results_all!$B:$B, $A7, traditional_ml_results_all!$C:$C, $B7, traditional_ml_results_all!$D:$D, $C7, traditional_ml_results_all!$E:$E, $D7, traditional_ml_results_all!$F:$F, $E7 ) -> 0.6367175 | G7: =AVERAGEIFS( traditional_ml_results_all!I:I, traditional_ml_results_all!$B:$B, $A7, traditional_ml_results_all!$C:$C, $B7, traditional_ml_results_all!$D:$D, $C7, traditional_ml_results_all!$E:$E, $D7, traditional_ml_results_all!$F:$F, $E7 ) -> 0.23515308 | H7: =AVERAGEIFS( traditional_ml_results_all!J:J, traditional_ml_results_all!$B:$B, $A7, traditional_ml_results_all!$C:$C, $B7, traditional_ml_results_all!$D:$D, $C7, traditional_ml_results_all!$E:$E, $D7, traditional_ml_results_all!$F:$F, $E7 ) -> 0.58842517 | I7: =AVERAGEIFS( traditional_ml_results_all!K:K, traditional_ml_results_all!$B:$B, $A7, traditional_ml_results_all!$C:$C, $B7, traditional_ml_results_all!$D:$D, $C7, traditional_ml_results_all!$E:$E, $D7, traditional_ml_results_all!$F:$F, $E7 ) -> 0.32168971 | J7: =AVERAGEIFS( traditional_ml_results_all!L:L, traditional_ml_results_all!$B:$B, $A7, traditional_ml_results_all!$C:$C, $B7, traditional_ml_results_all!$D:$D, $C7, traditional_ml_results_all!$E:$E, $D7, traditional_ml_results_all!$F:$F, $E7 ) -> 0.51836475 | K7: =AVERAGEIFS( traditional_ml_results_all!M:M, traditional_ml_results_all!$B:$B, $A7, traditional_ml_results_all!$C:$C, $B7, traditional_ml_results_all!$D:$D, $C7, traditional_ml_results_all!$E:$E, $D7, traditional_ml_results_all!$F:$F, $E7 ) -> 0.090780253 | L7: =AVERAGEIFS( traditional_ml_results_all!N:N, traditional_ml_results_all!$B:$B, $A7, traditional_ml_results_all!$C:$C, $B7, traditional_ml_results_all!$D:$D, $C7, traditional_ml_results_all!$E:$E, $D7, traditional_ml_results_all!$F:$F, $E7 ) -> 0.31607294 | M7: =AVERAGEIFS( traditional_ml_results_all!O:O, traditional_ml_results_all!$B:$B, $A7, traditional_ml_results_all!$C:$C, $B7, traditional_ml_results_all!$D:$D, $C7, traditional_ml_results_all!$E:$E, $D7, traditional_ml_results_all!$F:$F, $E7 ) -> 0.049557039 | N7: =AVERAGEIFS( traditional_ml_results_all!P:P, traditional_ml_results_all!$B:$B, $A7, traditional_ml_results_all!$C:$C, $B7, traditional_ml_results_all!$D:$D, $C7, traditional_ml_results_all!$E:$E, $D7, traditional_ml_results_all!$F:$F, $E7 ) -> 0.14169845 | O7: =AVERAGEIFS( traditional_ml_results_all!Q:Q, traditional_ml_results_all!$B:$B, $A7, traditional_ml_results_all!$C:$C, $B7, traditional_ml_results_all!$D:$D, $C7, traditional_ml_results_all!$E:$E, $D7, traditional_ml_results_all!$F:$F, $E7 ) -> 0.75563532 | P7: =AVERAGEIFS( traditional_ml_results_all!R:R, traditional_ml_results_all!$B:$B, $A7, traditional_ml_results_all!$C:$C, $B7, traditional_ml_results_all!$D:$D, $C7, traditional_ml_results_all!$E:$E, $D7, traditional_ml_results_all!$F:$F, $E7 ) -> 0.16584663 | Q7: =AVERAGEIFS( traditional_ml_results_all!S:S, traditional_ml_results_all!$B:$B, $A7, traditional_ml_results_all!$C:$C, $B7, traditional_ml_results_all!$D:$D, $C7, traditional_ml_results_all!$E:$E, $D7, traditional_ml_results_all!$F:$F, $E7 ) -> 0.17999126 | R7: =AVERAGEIFS( traditional_ml_results_all!T:T, traditional_ml_results_all!$B:$B, $A7, traditional_ml_results_all!$C:$C, $B7, traditional_ml_results_all!$D:$D, $C7, traditional_ml_results_all!$E:$E, $D7, traditional_ml_results_all!$F:$F, $E7 ) -> 0.10416667 | S7: =AVERAGEIFS( traditional_ml_results_all!U:U, traditional_ml_results_all!$B:$B, $A7, traditional_ml_results_all!$C:$C, $B7, traditional_ml_results_all!$D:$D, $C7, traditional_ml_results_all!$E:$E, $D7, traditional_ml_results_all!$F:$F, $E7 ) -> #DIV/0! | T7: =AVERAGEIFS( traditional_ml_results_all!V:V, traditional_ml_results_all!$B:$B, $A7, traditional_ml_results_all!$C:$C, $B7, traditional_ml_results_all!$D:$D, $C7, traditional_ml_results_all!$E:$E, $D7, traditional_ml_results_all!$F:$F, $E7 ) -> 1487.6667 | U7: =AVERAGEIFS( traditional_ml_results_all!W:W, traditional_ml_results_all!$B:$B, $A7, traditional_ml_results_all!$C:$C, $B7, traditional_ml_results_all!$D:$D, $C7, traditional_ml_results_all!$E:$E, $D7, traditional_ml_results_all!$F:$F, $E7 ) -> 0.75477028
A8: acdc | B8: combined | C8: sbert_avg | D8: random_undersample | E8: feedforward_nn | F8: =AVERAGEIFS( traditional_ml_results_all!H:H, traditional_ml_results_all!$B:$B, $A8, traditional_ml_results_all!$C:$C, $B8, traditional_ml_results_all!$D:$D, $C8, traditional_ml_results_all!$E:$E, $D8, traditional_ml_results_all!$F:$F, $E8 ) -> 0.62113489 | G8: =AVERAGEIFS( traditional_ml_results_all!I:I, traditional_ml_results_all!$B:$B, $A8, traditional_ml_results_all!$C:$C, $B8, traditional_ml_results_all!$D:$D, $C8, traditional_ml_results_all!$E:$E, $D8, traditional_ml_results_all!$F:$F, $E8 ) -> 0.22204807 | H8: =AVERAGEIFS( traditional_ml_results_all!J:J, traditional_ml_results_all!$B:$B, $A8, traditional_ml_results_all!$C:$C, $B8, traditional_ml_results_all!$D:$D, $C8, traditional_ml_results_all!$E:$E, $D8, traditional_ml_results_all!$F:$F, $E8 ) -> 0.59679033 | I8: =AVERAGEIFS( traditional_ml_results_all!K:K, traditional_ml_results_all!$B:$B, $A8, traditional_ml_results_all!$C:$C, $B8, traditional_ml_results_all!$D:$D, $C8, traditional_ml_results_all!$E:$E, $D8, traditional_ml_results_all!$F:$F, $E8 ) -> 0.3182236 | J8: =AVERAGEIFS( traditional_ml_results_all!L:L, traditional_ml_results_all!$B:$B, $A8, traditional_ml_results_all!$C:$C, $B8, traditional_ml_results_all!$D:$D, $C8, traditional_ml_results_all!$E:$E, $D8, traditional_ml_results_all!$F:$F, $E8 ) -> 0.54865015 | K8: =AVERAGEIFS( traditional_ml_results_all!M:M, traditional_ml_results_all!$B:$B, $A8, traditional_ml_results_all!$C:$C, $B8, traditional_ml_results_all!$D:$D, $C8, traditional_ml_results_all!$E:$E, $D8, traditional_ml_results_all!$F:$F, $E8 ) -> 0.098849012 | L8: =AVERAGEIFS( traditional_ml_results_all!N:N, traditional_ml_results_all!$B:$B, $A8, traditional_ml_results_all!$C:$C, $B8, traditional_ml_results_all!$D:$D, $C8, traditional_ml_results_all!$E:$E, $D8, traditional_ml_results_all!$F:$F, $E8 ) -> 0.31486376 | M8: =AVERAGEIFS( traditional_ml_results_all!O:O, traditional_ml_results_all!$B:$B, $A8, traditional_ml_results_all!$C:$C, $B8, traditional_ml_results_all!$D:$D, $C8, traditional_ml_results_all!$E:$E, $D8, traditional_ml_results_all!$F:$F, $E8 ) -> 0.058592048 | N8: =AVERAGEIFS( traditional_ml_results_all!P:P, traditional_ml_results_all!$B:$B, $A8, traditional_ml_results_all!$C:$C, $B8, traditional_ml_results_all!$D:$D, $C8, traditional_ml_results_all!$E:$E, $D8, traditional_ml_results_all!$F:$F, $E8 ) -> 0.14169845 | O8: =AVERAGEIFS( traditional_ml_results_all!Q:Q, traditional_ml_results_all!$B:$B, $A8, traditional_ml_results_all!$C:$C, $B8, traditional_ml_results_all!$D:$D, $C8, traditional_ml_results_all!$E:$E, $D8, traditional_ml_results_all!$F:$F, $E8 ) -> 0.75563532 | P8: =AVERAGEIFS( traditional_ml_results_all!R:R, traditional_ml_results_all!$B:$B, $A8, traditional_ml_results_all!$C:$C, $B8, traditional_ml_results_all!$D:$D, $C8, traditional_ml_results_all!$E:$E, $D8, traditional_ml_results_all!$F:$F, $E8 ) -> 0.16584663 | Q8: =AVERAGEIFS( traditional_ml_results_all!S:S, traditional_ml_results_all!$B:$B, $A8, traditional_ml_results_all!$C:$C, $B8, traditional_ml_results_all!$D:$D, $C8, traditional_ml_results_all!$E:$E, $D8, traditional_ml_results_all!$F:$F, $E8 ) -> 0.17652515 | R8: =AVERAGEIFS( traditional_ml_results_all!T:T, traditional_ml_results_all!$B:$B, $A8, traditional_ml_results_all!$C:$C, $B8, traditional_ml_results_all!$D:$D, $C8, traditional_ml_results_all!$E:$E, $D8, traditional_ml_results_all!$F:$F, $E8 ) -> 0.10416667 | S8: =AVERAGEIFS( traditional_ml_results_all!U:U, traditional_ml_results_all!$B:$B, $A8, traditional_ml_results_all!$C:$C, $B8, traditional_ml_results_all!$D:$D, $C8, traditional_ml_results_all!$E:$E, $D8, traditional_ml_results_all!$F:$F, $E8 ) -> #DIV/0! | T8: =AVERAGEIFS( traditional_ml_results_all!V:V, traditional_ml_results_all!$B:$B, $A8, traditional_ml_results_all!$C:$C, $B8, traditional_ml_results_all!$D:$D, $C8, traditional_ml_results_all!$E:$E, $D8, traditional_ml_results_all!$F:$F, $E8 ) -> 1487.6667 | U8: =AVERAGEIFS( traditional_ml_results_all!W:W, traditional_ml_results_all!$B:$B, $A8, traditional_ml_results_all!$C:$C, $B8, traditional_ml_results_all!$D:$D, $C8, traditional_ml_results_all!$E:$E, $D8, traditional_ml_results_all!$F:$F, $E8 ) -> 0.66045745
A9: acdc | B9: combined | C9: sbert_max | D9: random_undersample | E9: feedforward_nn | F9: =AVERAGEIFS( traditional_ml_results_all!H:H, traditional_ml_results_all!$B:$B, $A9, traditional_ml_results_all!$C:$C, $B9, traditional_ml_results_all!$D:$D, $C9, traditional_ml_results_all!$E:$E, $D9, traditional_ml_results_all!$F:$F, $E9 ) -> 0.52431172 | G9: =AVERAGEIFS( traditional_ml_results_all!I:I, traditional_ml_results_all!$B:$B, $A9, traditional_ml_results_all!$C:$C, $B9, traditional_ml_results_all!$D:$D, $C9, traditional_ml_results_all!$E:$E, $D9, traditional_ml_results_all!$F:$F, $E9 ) -> 0.21658698 | H9: =AVERAGEIFS( traditional_ml_results_all!J:J, traditional_ml_results_all!$B:$B, $A9, traditional_ml_results_all!$C:$C, $B9, traditional_ml_results_all!$D:$D, $C9, traditional_ml_results_all!$E:$E, $D9, traditional_ml_results_all!$F:$F, $E9 ) -> 0.71644845 | I9: =AVERAGEIFS( traditional_ml_results_all!K:K, traditional_ml_results_all!$B:$B, $A9, traditional_ml_results_all!$C:$C, $B9, traditional_ml_results_all!$D:$D, $C9, traditional_ml_results_all!$E:$E, $D9, traditional_ml_results_all!$F:$F, $E9 ) -> 0.31564186 | J9: =AVERAGEIFS( traditional_ml_results_all!L:L, traditional_ml_results_all!$B:$B, $A9, traditional_ml_results_all!$C:$C, $B9, traditional_ml_results_all!$D:$D, $C9, traditional_ml_results_all!$E:$E, $D9, traditional_ml_results_all!$F:$F, $E9 ) -> 0.54564024 | K9: =AVERAGEIFS( traditional_ml_results_all!M:M, traditional_ml_results_all!$B:$B, $A9, traditional_ml_results_all!$C:$C, $B9, traditional_ml_results_all!$D:$D, $C9, traditional_ml_results_all!$E:$E, $D9, traditional_ml_results_all!$F:$F, $E9 ) -> 0.072976079 | L9: =AVERAGEIFS( traditional_ml_results_all!N:N, traditional_ml_results_all!$B:$B, $A9, traditional_ml_results_all!$C:$C, $B9, traditional_ml_results_all!$D:$D, $C9, traditional_ml_results_all!$E:$E, $D9, traditional_ml_results_all!$F:$F, $E9 ) -> 0.30055314 | M9: =AVERAGEIFS( traditional_ml_results_all!O:O, traditional_ml_results_all!$B:$B, $A9, traditional_ml_results_all!$C:$C, $B9, traditional_ml_results_all!$D:$D, $C9, traditional_ml_results_all!$E:$E, $D9, traditional_ml_results_all!$F:$F, $E9 ) -> 0.055121052 | N9: =AVERAGEIFS( traditional_ml_results_all!P:P, traditional_ml_results_all!$B:$B, $A9, traditional_ml_results_all!$C:$C, $B9, traditional_ml_results_all!$D:$D, $C9, traditional_ml_results_all!$E:$E, $D9, traditional_ml_results_all!$F:$F, $E9 ) -> 0.14169845 | O9: =AVERAGEIFS( traditional_ml_results_all!Q:Q, traditional_ml_results_all!$B:$B, $A9, traditional_ml_results_all!$C:$C, $B9, traditional_ml_results_all!$D:$D, $C9, traditional_ml_results_all!$E:$E, $D9, traditional_ml_results_all!$F:$F, $E9 ) -> 0.75563532 | P9: =AVERAGEIFS( traditional_ml_results_all!R:R, traditional_ml_results_all!$B:$B, $A9, traditional_ml_results_all!$C:$C, $B9, traditional_ml_results_all!$D:$D, $C9, traditional_ml_results_all!$E:$E, $D9, traditional_ml_results_all!$F:$F, $E9 ) -> 0.16584663 | Q9: =AVERAGEIFS( traditional_ml_results_all!S:S, traditional_ml_results_all!$B:$B, $A9, traditional_ml_results_all!$C:$C, $B9, traditional_ml_results_all!$D:$D, $C9, traditional_ml_results_all!$E:$E, $D9, traditional_ml_results_all!$F:$F, $E9 ) -> 0.17394341 | R9: =AVERAGEIFS( traditional_ml_results_all!T:T, traditional_ml_results_all!$B:$B, $A9, traditional_ml_results_all!$C:$C, $B9, traditional_ml_results_all!$D:$D, $C9, traditional_ml_results_all!$E:$E, $D9, traditional_ml_results_all!$F:$F, $E9 ) -> 0.10677083 | S9: =AVERAGEIFS( traditional_ml_results_all!U:U, traditional_ml_results_all!$B:$B, $A9, traditional_ml_results_all!$C:$C, $B9, traditional_ml_results_all!$D:$D, $C9, traditional_ml_results_all!$E:$E, $D9, traditional_ml_results_all!$F:$F, $E9 ) -> #DIV/0! | T9: =AVERAGEIFS( traditional_ml_results_all!V:V, traditional_ml_results_all!$B:$B, $A9, traditional_ml_results_all!$C:$C, $B9, traditional_ml_results_all!$D:$D, $C9, traditional_ml_results_all!$E:$E, $D9, traditional_ml_results_all!$F:$F, $E9 ) -> 1487.6667 | U9: =AVERAGEIFS( traditional_ml_results_all!W:W, traditional_ml_results_all!$B:$B, $A9, traditional_ml_results_all!$C:$C, $B9, traditional_ml_results_all!$D:$D, $C9, traditional_ml_results_all!$E:$E, $D9, traditional_ml_results_all!$F:$F, $E9 ) -> 0.75113225
A10: acdc | B10: description | C10: openai | D10: random_undersample | E10: feedforward_nn | F10: =AVERAGEIFS( traditional_ml_results_all!H:H, traditional_ml_results_all!$B:$B, $A10, traditional_ml_results_all!$C:$C, $B10, traditional_ml_results_all!$D:$D, $C10, traditional_ml_results_all!$E:$E, $D10, traditional_ml_results_all!$F:$F, $E10 ) -> 0.44545704 | G10: =AVERAGEIFS( traditional_ml_results_all!I:I, traditional_ml_results_all!$B:$B, $A10, traditional_ml_results_all!$C:$C, $B10, traditional_ml_results_all!$D:$D, $C10, traditional_ml_results_all!$E:$E, $D10, traditional_ml_results_all!$F:$F, $E10 ) -> 0.21453012 | H10: =AVERAGEIFS( traditional_ml_results_all!J:J, traditional_ml_results_all!$B:$B, $A10, traditional_ml_results_all!$C:$C, $B10, traditional_ml_results_all!$D:$D, $C10, traditional_ml_results_all!$E:$E, $D10, traditional_ml_results_all!$F:$F, $E10 ) -> 0.78268776 | I10: =AVERAGEIFS( traditional_ml_results_all!K:K, traditional_ml_results_all!$B:$B, $A10, traditional_ml_results_all!$C:$C, $B10, traditional_ml_results_all!$D:$D, $C10, traditional_ml_results_all!$E:$E, $D10, traditional_ml_results_all!$F:$F, $E10 ) -> 0.31072006 | J10: =AVERAGEIFS( traditional_ml_results_all!L:L, traditional_ml_results_all!$B:$B, $A10, traditional_ml_results_all!$C:$C, $B10, traditional_ml_results_all!$D:$D, $C10, traditional_ml_results_all!$E:$E, $D10, traditional_ml_results_all!$F:$F, $E10 ) -> 0.51548137 | K10: =AVERAGEIFS( traditional_ml_results_all!M:M, traditional_ml_results_all!$B:$B, $A10, traditional_ml_results_all!$C:$C, $B10, traditional_ml_results_all!$D:$D, $C10, traditional_ml_results_all!$E:$E, $D10, traditional_ml_results_all!$F:$F, $E10 ) -> 0.1314259 | L10: =AVERAGEIFS( traditional_ml_results_all!N:N, traditional_ml_results_all!$B:$B, $A10, traditional_ml_results_all!$C:$C, $B10, traditional_ml_results_all!$D:$D, $C10, traditional_ml_results_all!$E:$E, $D10, traditional_ml_results_all!$F:$F, $E10 ) -> 0.3225496 | M10: =AVERAGEIFS( traditional_ml_results_all!O:O, traditional_ml_results_all!$B:$B, $A10, traditional_ml_results_all!$C:$C, $B10, traditional_ml_results_all!$D:$D, $C10, traditional_ml_results_all!$E:$E, $D10, traditional_ml_results_all!$F:$F, $E10 ) -> 0.048386248 | N10: =AVERAGEIFS( traditional_ml_results_all!P:P, traditional_ml_results_all!$B:$B, $A10, traditional_ml_results_all!$C:$C, $B10, traditional_ml_results_all!$D:$D, $C10, traditional_ml_results_all!$E:$E, $D10, traditional_ml_results_all!$F:$F, $E10 ) -> 0.14169845 | O10: =AVERAGEIFS( traditional_ml_results_all!Q:Q, traditional_ml_results_all!$B:$B, $A10, traditional_ml_results_all!$C:$C, $B10, traditional_ml_results_all!$D:$D, $C10, traditional_ml_results_all!$E:$E, $D10, traditional_ml_results_all!$F:$F, $E10 ) -> 0.75563532 | P10: =AVERAGEIFS( traditional_ml_results_all!R:R, traditional_ml_results_all!$B:$B, $A10, traditional_ml_results_all!$C:$C, $B10, traditional_ml_results_all!$D:$D, $C10, traditional_ml_results_all!$E:$E, $D10, traditional_ml_results_all!$F:$F, $E10 ) -> 0.16584663 | Q10: =AVERAGEIFS( traditional_ml_results_all!S:S, traditional_ml_results_all!$B:$B, $A10, traditional_ml_results_all!$C:$C, $B10, traditional_ml_results_all!$D:$D, $C10, traditional_ml_results_all!$E:$E, $D10, traditional_ml_results_all!$F:$F, $E10 ) -> 0.16902161 | R10: =AVERAGEIFS( traditional_ml_results_all!T:T, traditional_ml_results_all!$B:$B, $A10, traditional_ml_results_all!$C:$C, $B10, traditional_ml_results_all!$D:$D, $C10, traditional_ml_results_all!$E:$E, $D10, traditional_ml_results_all!$F:$F, $E10 ) -> 0.11979167 | S10: =AVERAGEIFS( traditional_ml_results_all!U:U, traditional_ml_results_all!$B:$B, $A10, traditional_ml_results_all!$C:$C, $B10, traditional_ml_results_all!$D:$D, $C10, traditional_ml_results_all!$E:$E, $D10, traditional_ml_results_all!$F:$F, $E10 ) -> #DIV/0! | T10: =AVERAGEIFS( traditional_ml_results_all!V:V, traditional_ml_results_all!$B:$B, $A10, traditional_ml_results_all!$C:$C, $B10, traditional_ml_results_all!$D:$D, $C10, traditional_ml_results_all!$E:$E, $D10, traditional_ml_results_all!$F:$F, $E10 ) -> 1487.6667 | U10: =AVERAGEIFS( traditional_ml_results_all!W:W, traditional_ml_results_all!$B:$B, $A10, traditional_ml_results_all!$C:$C, $B10, traditional_ml_results_all!$D:$D, $C10, traditional_ml_results_all!$E:$E, $D10, traditional_ml_results_all!$F:$F, $E10 ) -> 2.3502533
A11: acdc | B11: combined | C11: openai | D11: random_undersample | E11: feedforward_nn | F11: =AVERAGEIFS( traditional_ml_results_all!H:H, traditional_ml_results_all!$B:$B, $A11, traditional_ml_results_all!$C:$C, $B11, traditional_ml_results_all!$D:$D, $C11, traditional_ml_results_all!$E:$E, $D11, traditional_ml_results_all!$F:$F, $E11 ) -> 0.35725483 | G11: =AVERAGEIFS( traditional_ml_results_all!I:I, traditional_ml_results_all!$B:$B, $A11, traditional_ml_results_all!$C:$C, $B11, traditional_ml_results_all!$D:$D, $C11, traditional_ml_results_all!$E:$E, $D11, traditional_ml_results_all!$F:$F, $E11 ) -> 0.19655834 | H11: =AVERAGEIFS( traditional_ml_results_all!J:J, traditional_ml_results_all!$B:$B, $A11, traditional_ml_results_all!$C:$C, $B11, traditional_ml_results_all!$D:$D, $C11, traditional_ml_results_all!$E:$E, $D11, traditional_ml_results_all!$F:$F, $E11 ) -> 0.88925259 | I11: =AVERAGEIFS( traditional_ml_results_all!K:K, traditional_ml_results_all!$B:$B, $A11, traditional_ml_results_all!$C:$C, $B11, traditional_ml_results_all!$D:$D, $C11, traditional_ml_results_all!$E:$E, $D11, traditional_ml_results_all!$F:$F, $E11 ) -> 0.30707406 | J11: =AVERAGEIFS( traditional_ml_results_all!L:L, traditional_ml_results_all!$B:$B, $A11, traditional_ml_results_all!$C:$C, $B11, traditional_ml_results_all!$D:$D, $C11, traditional_ml_results_all!$E:$E, $D11, traditional_ml_results_all!$F:$F, $E11 ) -> 0.50529252 | K11: =AVERAGEIFS( traditional_ml_results_all!M:M, traditional_ml_results_all!$B:$B, $A11, traditional_ml_results_all!$C:$C, $B11, traditional_ml_results_all!$D:$D, $C11, traditional_ml_results_all!$E:$E, $D11, traditional_ml_results_all!$F:$F, $E11 ) -> 0.11427054 | L11: =AVERAGEIFS( traditional_ml_results_all!N:N, traditional_ml_results_all!$B:$B, $A11, traditional_ml_results_all!$C:$C, $B11, traditional_ml_results_all!$D:$D, $C11, traditional_ml_results_all!$E:$E, $D11, traditional_ml_results_all!$F:$F, $E11 ) -> 0.31201931 | M11: =AVERAGEIFS( traditional_ml_results_all!O:O, traditional_ml_results_all!$B:$B, $A11, traditional_ml_results_all!$C:$C, $B11, traditional_ml_results_all!$D:$D, $C11, traditional_ml_results_all!$E:$E, $D11, traditional_ml_results_all!$F:$F, $E11 ) -> 0.049819598 | N11: =AVERAGEIFS( traditional_ml_results_all!P:P, traditional_ml_results_all!$B:$B, $A11, traditional_ml_results_all!$C:$C, $B11, traditional_ml_results_all!$D:$D, $C11, traditional_ml_results_all!$E:$E, $D11, traditional_ml_results_all!$F:$F, $E11 ) -> 0.14169845 | O11: =AVERAGEIFS( traditional_ml_results_all!Q:Q, traditional_ml_results_all!$B:$B, $A11, traditional_ml_results_all!$C:$C, $B11, traditional_ml_results_all!$D:$D, $C11, traditional_ml_results_all!$E:$E, $D11, traditional_ml_results_all!$F:$F, $E11 ) -> 0.75563532 | P11: =AVERAGEIFS( traditional_ml_results_all!R:R, traditional_ml_results_all!$B:$B, $A11, traditional_ml_results_all!$C:$C, $B11, traditional_ml_results_all!$D:$D, $C11, traditional_ml_results_all!$E:$E, $D11, traditional_ml_results_all!$F:$F, $E11 ) -> 0.16584663 | Q11: =AVERAGEIFS( traditional_ml_results_all!S:S, traditional_ml_results_all!$B:$B, $A11, traditional_ml_results_all!$C:$C, $B11, traditional_ml_results_all!$D:$D, $C11, traditional_ml_results_all!$E:$E, $D11, traditional_ml_results_all!$F:$F, $E11 ) -> 0.16537561 | R11: =AVERAGEIFS( traditional_ml_results_all!T:T, traditional_ml_results_all!$B:$B, $A11, traditional_ml_results_all!$C:$C, $B11, traditional_ml_results_all!$D:$D, $C11, traditional_ml_results_all!$E:$E, $D11, traditional_ml_results_all!$F:$F, $E11 ) -> 0.10416667 | S11: =AVERAGEIFS( traditional_ml_results_all!U:U, traditional_ml_results_all!$B:$B, $A11, traditional_ml_results_all!$C:$C, $B11, traditional_ml_results_all!$D:$D, $C11, traditional_ml_results_all!$E:$E, $D11, traditional_ml_results_all!$F:$F, $E11 ) -> #DIV/0! | T11: =AVERAGEIFS( traditional_ml_results_all!V:V, traditional_ml_results_all!$B:$B, $A11, traditional_ml_results_all!$C:$C, $B11, traditional_ml_results_all!$D:$D, $C11, traditional_ml_results_all!$E:$E, $D11, traditional_ml_results_all!$F:$F, $E11 ) -> 1487.6667 | U11: =AVERAGEIFS( traditional_ml_results_all!W:W, traditional_ml_results_all!$B:$B, $A11, traditional_ml_results_all!$C:$C, $B11, traditional_ml_results_all!$D:$D, $C11, traditional_ml_results_all!$E:$E, $D11, traditional_ml_results_all!$F:$F, $E11 ) -> 2.0621323
A12: acdc | B12: combined_unfiltered | C12: sbert_max | D12: random_undersample | E12: feedforward_nn | F12: =AVERAGEIFS( traditional_ml_results_all!H:H, traditional_ml_results_all!$B:$B, $A12, traditional_ml_results_all!$C:$C, $B12, traditional_ml_results_all!$D:$D, $C12, traditional_ml_results_all!$E:$E, $D12, traditional_ml_results_all!$F:$F, $E12 ) -> 0.58835886 | G12: =AVERAGEIFS( traditional_ml_results_all!I:I, traditional_ml_results_all!$B:$B, $A12, traditional_ml_results_all!$C:$C, $B12, traditional_ml_results_all!$D:$D, $C12, traditional_ml_results_all!$E:$E, $D12, traditional_ml_results_all!$F:$F, $E12 ) -> 0.2177005 | H12: =AVERAGEIFS( traditional_ml_results_all!J:J, traditional_ml_results_all!$B:$B, $A12, traditional_ml_results_all!$C:$C, $B12, traditional_ml_results_all!$D:$D, $C12, traditional_ml_results_all!$E:$E, $D12, traditional_ml_results_all!$F:$F, $E12 ) -> 0.59697218 | I12: =AVERAGEIFS( traditional_ml_results_all!K:K, traditional_ml_results_all!$B:$B, $A12, traditional_ml_results_all!$C:$C, $B12, traditional_ml_results_all!$D:$D, $C12, traditional_ml_results_all!$E:$E, $D12, traditional_ml_results_all!$F:$F, $E12 ) -> 0.30110023 | J12: =AVERAGEIFS( traditional_ml_results_all!L:L, traditional_ml_results_all!$B:$B, $A12, traditional_ml_results_all!$C:$C, $B12, traditional_ml_results_all!$D:$D, $C12, traditional_ml_results_all!$E:$E, $D12, traditional_ml_results_all!$F:$F, $E12 ) -> 0.51103571 | K12: =AVERAGEIFS( traditional_ml_results_all!M:M, traditional_ml_results_all!$B:$B, $A12, traditional_ml_results_all!$C:$C, $B12, traditional_ml_results_all!$D:$D, $C12, traditional_ml_results_all!$E:$E, $D12, traditional_ml_results_all!$F:$F, $E12 ) -> 0.087473811 | L12: =AVERAGEIFS( traditional_ml_results_all!N:N, traditional_ml_results_all!$B:$B, $A12, traditional_ml_results_all!$C:$C, $B12, traditional_ml_results_all!$D:$D, $C12, traditional_ml_results_all!$E:$E, $D12, traditional_ml_results_all!$F:$F, $E12 ) -> 0.30918721 | M12: =AVERAGEIFS( traditional_ml_results_all!O:O, traditional_ml_results_all!$B:$B, $A12, traditional_ml_results_all!$C:$C, $B12, traditional_ml_results_all!$D:$D, $C12, traditional_ml_results_all!$E:$E, $D12, traditional_ml_results_all!$F:$F, $E12 ) -> 0.049916592 | N12: =AVERAGEIFS( traditional_ml_results_all!P:P, traditional_ml_results_all!$B:$B, $A12, traditional_ml_results_all!$C:$C, $B12, traditional_ml_results_all!$D:$D, $C12, traditional_ml_results_all!$E:$E, $D12, traditional_ml_results_all!$F:$F, $E12 ) -> 0.14169845 | O12: =AVERAGEIFS( traditional_ml_results_all!Q:Q, traditional_ml_results_all!$B:$B, $A12, traditional_ml_results_all!$C:$C, $B12, traditional_ml_results_all!$D:$D, $C12, traditional_ml_results_all!$E:$E, $D12, traditional_ml_results_all!$F:$F, $E12 ) -> 0.75563532 | P12: =AVERAGEIFS( traditional_ml_results_all!R:R, traditional_ml_results_all!$B:$B, $A12, traditional_ml_results_all!$C:$C, $B12, traditional_ml_results_all!$D:$D, $C12, traditional_ml_results_all!$E:$E, $D12, traditional_ml_results_all!$F:$F, $E12 ) -> 0.16584663 | Q12: =AVERAGEIFS( traditional_ml_results_all!S:S, traditional_ml_results_all!$B:$B, $A12, traditional_ml_results_all!$C:$C, $B12, traditional_ml_results_all!$D:$D, $C12, traditional_ml_results_all!$E:$E, $D12, traditional_ml_results_all!$F:$F, $E12 ) -> 0.15940178 | R12: =AVERAGEIFS( traditional_ml_results_all!T:T, traditional_ml_results_all!$B:$B, $A12, traditional_ml_results_all!$C:$C, $B12, traditional_ml_results_all!$D:$D, $C12, traditional_ml_results_all!$E:$E, $D12, traditional_ml_results_all!$F:$F, $E12 ) -> 0.10416667 | S12: =AVERAGEIFS( traditional_ml_results_all!U:U, traditional_ml_results_all!$B:$B, $A12, traditional_ml_results_all!$C:$C, $B12, traditional_ml_results_all!$D:$D, $C12, traditional_ml_results_all!$E:$E, $D12, traditional_ml_results_all!$F:$F, $E12 ) -> #DIV/0! | T12: =AVERAGEIFS( traditional_ml_results_all!V:V, traditional_ml_results_all!$B:$B, $A12, traditional_ml_results_all!$C:$C, $B12, traditional_ml_results_all!$D:$D, $C12, traditional_ml_results_all!$E:$E, $D12, traditional_ml_results_all!$F:$F, $E12 ) -> 1487.6667 | U12: =AVERAGEIFS( traditional_ml_results_all!W:W, traditional_ml_results_all!$B:$B, $A12, traditional_ml_results_all!$C:$C, $B12, traditional_ml_results_all!$D:$D, $C12, traditional_ml_results_all!$E:$E, $D12, traditional_ml_results_all!$F:$F, $E12 ) -> 0.77358619
A13: acdc | B13: combined_unfiltered | C13: openai | D13: random_undersample | E13: feedforward_nn | F13: =AVERAGEIFS( traditional_ml_results_all!H:H, traditional_ml_results_all!$B:$B, $A13, traditional_ml_results_all!$C:$C, $B13, traditional_ml_results_all!$D:$D, $C13, traditional_ml_results_all!$E:$E, $D13, traditional_ml_results_all!$F:$F, $E13 ) -> 0.44527692 | G13: =AVERAGEIFS( traditional_ml_results_all!I:I, traditional_ml_results_all!$B:$B, $A13, traditional_ml_results_all!$C:$C, $B13, traditional_ml_results_all!$D:$D, $C13, traditional_ml_results_all!$E:$E, $D13, traditional_ml_results_all!$F:$F, $E13 ) -> 0.20419552 | H13: =AVERAGEIFS( traditional_ml_results_all!J:J, traditional_ml_results_all!$B:$B, $A13, traditional_ml_results_all!$C:$C, $B13, traditional_ml_results_all!$D:$D, $C13, traditional_ml_results_all!$E:$E, $D13, traditional_ml_results_all!$F:$F, $E13 ) -> 0.77850518 | I13: =AVERAGEIFS( traditional_ml_results_all!K:K, traditional_ml_results_all!$B:$B, $A13, traditional_ml_results_all!$C:$C, $B13, traditional_ml_results_all!$D:$D, $C13, traditional_ml_results_all!$E:$E, $D13, traditional_ml_results_all!$F:$F, $E13 ) -> 0.30050945 | J13: =AVERAGEIFS( traditional_ml_results_all!L:L, traditional_ml_results_all!$B:$B, $A13, traditional_ml_results_all!$C:$C, $B13, traditional_ml_results_all!$D:$D, $C13, traditional_ml_results_all!$E:$E, $D13, traditional_ml_results_all!$F:$F, $E13 ) -> 0.55578362 | K13: =AVERAGEIFS( traditional_ml_results_all!M:M, traditional_ml_results_all!$B:$B, $A13, traditional_ml_results_all!$C:$C, $B13, traditional_ml_results_all!$D:$D, $C13, traditional_ml_results_all!$E:$E, $D13, traditional_ml_results_all!$F:$F, $E13 ) -> 0.10951483 | L13: =AVERAGEIFS( traditional_ml_results_all!N:N, traditional_ml_results_all!$B:$B, $A13, traditional_ml_results_all!$C:$C, $B13, traditional_ml_results_all!$D:$D, $C13, traditional_ml_results_all!$E:$E, $D13, traditional_ml_results_all!$F:$F, $E13 ) -> 0.32905603 | M13: =AVERAGEIFS( traditional_ml_results_all!O:O, traditional_ml_results_all!$B:$B, $A13, traditional_ml_results_all!$C:$C, $B13, traditional_ml_results_all!$D:$D, $C13, traditional_ml_results_all!$E:$E, $D13, traditional_ml_results_all!$F:$F, $E13 ) -> 0.055805123 | N13: =AVERAGEIFS( traditional_ml_results_all!P:P, traditional_ml_results_all!$B:$B, $A13, traditional_ml_results_all!$C:$C, $B13, traditional_ml_results_all!$D:$D, $C13, traditional_ml_results_all!$E:$E, $D13, traditional_ml_results_all!$F:$F, $E13 ) -> 0.14169845 | O13: =AVERAGEIFS( traditional_ml_results_all!Q:Q, traditional_ml_results_all!$B:$B, $A13, traditional_ml_results_all!$C:$C, $B13, traditional_ml_results_all!$D:$D, $C13, traditional_ml_results_all!$E:$E, $D13, traditional_ml_results_all!$F:$F, $E13 ) -> 0.75563532 | P13: =AVERAGEIFS( traditional_ml_results_all!R:R, traditional_ml_results_all!$B:$B, $A13, traditional_ml_results_all!$C:$C, $B13, traditional_ml_results_all!$D:$D, $C13, traditional_ml_results_all!$E:$E, $D13, traditional_ml_results_all!$F:$F, $E13 ) -> 0.16584663 | Q13: =AVERAGEIFS( traditional_ml_results_all!S:S, traditional_ml_results_all!$B:$B, $A13, traditional_ml_results_all!$C:$C, $B13, traditional_ml_results_all!$D:$D, $C13, traditional_ml_results_all!$E:$E, $D13, traditional_ml_results_all!$F:$F, $E13 ) -> 0.158811 | R13: =AVERAGEIFS( traditional_ml_results_all!T:T, traditional_ml_results_all!$B:$B, $A13, traditional_ml_results_all!$C:$C, $B13, traditional_ml_results_all!$D:$D, $C13, traditional_ml_results_all!$E:$E, $D13, traditional_ml_results_all!$F:$F, $E13 ) -> 0.1015625 | S13: =AVERAGEIFS( traditional_ml_results_all!U:U, traditional_ml_results_all!$B:$B, $A13, traditional_ml_results_all!$C:$C, $B13, traditional_ml_results_all!$D:$D, $C13, traditional_ml_results_all!$E:$E, $D13, traditional_ml_results_all!$F:$F, $E13 ) -> #DIV/0! | T13: =AVERAGEIFS( traditional_ml_results_all!V:V, traditional_ml_results_all!$B:$B, $A13, traditional_ml_results_all!$C:$C, $B13, traditional_ml_results_all!$D:$D, $C13, traditional_ml_results_all!$E:$E, $D13, traditional_ml_results_all!$F:$F, $E13 ) -> 1487.6667 | U13: =AVERAGEIFS( traditional_ml_results_all!W:W, traditional_ml_results_all!$B:$B, $A13, traditional_ml_results_all!$C:$C, $B13, traditional_ml_results_all!$D:$D, $C13, traditional_ml_results_all!$E:$E, $D13, traditional_ml_results_all!$F:$F, $E13 ) -> 2.4276818
... A307: acdc | B307: combined | C307: openai | D307: none | E307: xgboost | F307: =AVERAGEIFS( traditional_ml_results_all!H:H, traditional_ml_results_all!$B:$B, $A307, traditional_ml_results_all!$C:$C, $B307, traditional_ml_results_all!$D:$D, $C307, traditional_ml_results_all!$E:$E, $D307, traditional_ml_results_all!$F:$F, $E307 ) -> 0.84649543 | G307: =AVERAGEIFS( traditional_ml_results_all!I:I, traditional_ml_results_all!$B:$B, $A307, traditional_ml_results_all!$C:$C, $B307, traditional_ml_results_all!$D:$D, $C307, traditional_ml_results_all!$E:$E, $D307, traditional_ml_results_all!$F:$F, $E307 ) -> 0.11111111 | H307: =AVERAGEIFS( traditional_ml_results_all!J:J, traditional_ml_results_all!$B:$B, $A307, traditional_ml_results_all!$C:$C, $B307, traditional_ml_results_all!$D:$D, $C307, traditional_ml_results_all!$E:$E, $D307, traditional_ml_results_all!$F:$F, $E307 ) -> 0.0070921986 | I307: =AVERAGEIFS( traditional_ml_results_all!K:K, traditional_ml_results_all!$B:$B, $A307, traditional_ml_results_all!$C:$C, $B307, traditional_ml_results_all!$D:$D, $C307, traditional_ml_results_all!$E:$E, $D307, traditional_ml_results_all!$F:$F, $E307 ) -> 0.013333333 | J307: =AVERAGEIFS( traditional_ml_results_all!L:L, traditional_ml_results_all!$B:$B, $A307, traditional_ml_results_all!$C:$C, $B307, traditional_ml_results_all!$D:$D, $C307, traditional_ml_results_all!$E:$E, $D307, traditional_ml_results_all!$F:$F, $E307 ) -> 0.8522372 | K307: =AVERAGEIFS( traditional_ml_results_all!M:M, traditional_ml_results_all!$B:$B, $A307, traditional_ml_results_all!$C:$C, $B307, traditional_ml_results_all!$D:$D, $C307, traditional_ml_results_all!$E:$E, $D307, traditional_ml_results_all!$F:$F, $E307 ) -> 0.011992199 | L307: =AVERAGEIFS( traditional_ml_results_all!N:N, traditional_ml_results_all!$B:$B, $A307, traditional_ml_results_all!$C:$C, $B307, traditional_ml_results_all!$D:$D, $C307, traditional_ml_results_all!$E:$E, $D307, traditional_ml_results_all!$F:$F, $E307 ) -> 0.1156187 | M307: =AVERAGEIFS( traditional_ml_results_all!O:O, traditional_ml_results_all!$B:$B, $A307, traditional_ml_results_all!$C:$C, $B307, traditional_ml_results_all!$D:$D, $C307, traditional_ml_results_all!$E:$E, $D307, traditional_ml_results_all!$F:$F, $E307 ) -> 0.10004291 | N307: =AVERAGEIFS( traditional_ml_results_all!P:P, traditional_ml_results_all!$B:$B, $A307, traditional_ml_results_all!$C:$C, $B307, traditional_ml_results_all!$D:$D, $C307, traditional_ml_results_all!$E:$E, $D307, traditional_ml_results_all!$F:$F, $E307 ) -> 0.14169845 | O307: =AVERAGEIFS( traditional_ml_results_all!Q:Q, traditional_ml_results_all!$B:$B, $A307, traditional_ml_results_all!$C:$C, $B307, traditional_ml_results_all!$D:$D, $C307, traditional_ml_results_all!$E:$E, $D307, traditional_ml_results_all!$F:$F, $E307 ) -> 0.75563532 | P307: =AVERAGEIFS( traditional_ml_results_all!R:R, traditional_ml_results_all!$B:$B, $A307, traditional_ml_results_all!$C:$C, $B307, traditional_ml_results_all!$D:$D, $C307, traditional_ml_results_all!$E:$E, $D307, traditional_ml_results_all!$F:$F, $E307 ) -> 0.16584663 | Q307: =AVERAGEIFS( traditional_ml_results_all!S:S, traditional_ml_results_all!$B:$B, $A307, traditional_ml_results_all!$C:$C, $B307, traditional_ml_results_all!$D:$D, $C307, traditional_ml_results_all!$E:$E, $D307, traditional_ml_results_all!$F:$F, $E307 ) -> -0.12836512 | R307: =AVERAGEIFS( traditional_ml_results_all!T:T, traditional_ml_results_all!$B:$B, $A307, traditional_ml_results_all!$C:$C, $B307, traditional_ml_results_all!$D:$D, $C307, traditional_ml_results_all!$E:$E, $D307, traditional_ml_results_all!$F:$F, $E307 ) -> 0.74479167 | S307: =AVERAGEIFS( traditional_ml_results_all!U:U, traditional_ml_results_all!$B:$B, $A307, traditional_ml_results_all!$C:$C, $B307, traditional_ml_results_all!$D:$D, $C307, traditional_ml_results_all!$E:$E, $D307, traditional_ml_results_all!$F:$F, $E307 ) -> #DIV/0! | T307: =AVERAGEIFS( traditional_ml_results_all!V:V, traditional_ml_results_all!$B:$B, $A307, traditional_ml_results_all!$C:$C, $B307, traditional_ml_results_all!$D:$D, $C307, traditional_ml_results_all!$E:$E, $D307, traditional_ml_results_all!$F:$F, $E307 ) -> 1487.6667 | U307: =AVERAGEIFS( traditional_ml_results_all!W:W, traditional_ml_results_all!$B:$B, $A307, traditional_ml_results_all!$C:$C, $B307, traditional_ml_results_all!$D:$D, $C307, traditional_ml_results_all!$E:$E, $D307, traditional_ml_results_all!$F:$F, $E307 ) -> 90.75839

Sheet average_arcan
A1: detector | B1: text_source | C1: encoding_method | D1: imbalance_strategy | E1: ml_model | F1: accuracy | G1: precision | H1: recall | I1: f1 | J1: cv_accuracy_mean | K1: cv_accuracy_std | L1: cv_f1_mean | M1: cv_f1_std | N1: random_baseline_f1 | O1: random_baseline_accuracy | P1: random_baseline_cv_f1 | Q1: f1_improvement_over_random | R1: wilcoxon_p_value | S1: significant_improvement | T1: num_samples | U1: runtime_seconds
A2: arcan | B2: description | C2: openai | D2: random_undersample | E2: feedforward_nn | F2: ==AVERAGEIFS( traditional_ml_results_all!H:H, traditional_ml_results_all!$B:$B, $A2, traditional_ml_results_all!$C:$C, $B2, traditional_ml_results_all!$D:$D, $C2, traditional_ml_results_all!$E:$E, $D2, traditional_ml_results_all!$F:$F, $E2 ) -> 0.77569489 | G2: ==AVERAGEIFS( traditional_ml_results_all!I:I, traditional_ml_results_all!$B:$B, $A2, traditional_ml_results_all!$C:$C, $B2, traditional_ml_results_all!$D:$D, $C2, traditional_ml_results_all!$E:$E, $D2, traditional_ml_results_all!$F:$F, $E2 ) -> 0.69031532 | H2: ==AVERAGEIFS( traditional_ml_results_all!J:J, traditional_ml_results_all!$B:$B, $A2, traditional_ml_results_all!$C:$C, $B2, traditional_ml_results_all!$D:$D, $C2, traditional_ml_results_all!$E:$E, $D2, traditional_ml_results_all!$F:$F, $E2 ) -> 0.7979798 | I2: ==AVERAGEIFS( traditional_ml_results_all!K:K, traditional_ml_results_all!$B:$B, $A2, traditional_ml_results_all!$C:$C, $B2, traditional_ml_results_all!$D:$D, $C2, traditional_ml_results_all!$E:$E, $D2, traditional_ml_results_all!$F:$F, $E2 ) -> 0.73956305 | J2: ==AVERAGEIFS( traditional_ml_results_all!L:L, traditional_ml_results_all!$B:$B, $A2, traditional_ml_results_all!$C:$C, $B2, traditional_ml_results_all!$D:$D, $C2, traditional_ml_results_all!$E:$E, $D2, traditional_ml_results_all!$F:$F, $E2 ) -> 0.69193627 | K2: ==AVERAGEIFS( traditional_ml_results_all!M:M, traditional_ml_results_all!$B:$B, $A2, traditional_ml_results_all!$C:$C, $B2, traditional_ml_results_all!$D:$D, $C2, traditional_ml_results_all!$E:$E, $D2, traditional_ml_results_all!$F:$F, $E2 ) -> 0.050195008 | L2: ==AVERAGEIFS( traditional_ml_results_all!N:N, traditional_ml_results_all!$B:$B, $A2, traditional_ml_results_all!$C:$C, $B2, traditional_ml_results_all!$D:$D, $C2, traditional_ml_results_all!$E:$E, $D2, traditional_ml_results_all!$F:$F, $E2 ) -> 0.65588874 | M2: ==AVERAGEIFS( traditional_ml_results_all!O:O, traditional_ml_results_all!$B:$B, $A2, traditional_ml_results_all!$C:$C, $B2, traditional_ml_results_all!$D:$D, $C2, traditional_ml_results_all!$E:$E, $D2, traditional_ml_results_all!$F:$F, $E2 ) -> 0.044060383 | N2: ==AVERAGEIFS( traditional_ml_results_all!P:P, traditional_ml_results_all!$B:$B, $A2, traditional_ml_results_all!$C:$C, $B2, traditional_ml_results_all!$D:$D, $C2, traditional_ml_results_all!$E:$E, $D2, traditional_ml_results_all!$F:$F, $E2 ) -> 0.48124501 | O2: ==AVERAGEIFS( traditional_ml_results_all!Q:Q, traditional_ml_results_all!$B:$B, $A2, traditional_ml_results_all!$C:$C, $B2, traditional_ml_results_all!$D:$D, $C2, traditional_ml_results_all!$E:$E, $D2, traditional_ml_results_all!$F:$F, $E2 ) -> 0.59793148 | P2: ==AVERAGEIFS( traditional_ml_results_all!R:R, traditional_ml_results_all!$B:$B, $A2, traditional_ml_results_all!$C:$C, $B2, traditional_ml_results_all!$D:$D, $C2, traditional_ml_results_all!$E:$E, $D2, traditional_ml_results_all!$F:$F, $E2 ) -> 0.40393925 | Q2: ==AVERAGEIFS( traditional_ml_results_all!S:S, traditional_ml_results_all!$B:$B, $A2, traditional_ml_results_all!$C:$C, $B2, traditional_ml_results_all!$D:$D, $C2, traditional_ml_results_all!$E:$E, $D2, traditional_ml_results_all!$F:$F, $E2 ) -> 0.25831804 | R2: ==AVERAGEIFS( traditional_ml_results_all!T:T, traditional_ml_results_all!$B:$B, $A2, traditional_ml_results_all!$C:$C, $B2, traditional_ml_results_all!$D:$D, $C2, traditional_ml_results_all!$E:$E, $D2, traditional_ml_results_all!$F:$F, $E2 ) -> 0.0078125 | S2: ==AVERAGEIFS( traditional_ml_results_all!U:U, traditional_ml_results_all!$B:$B, $A2, traditional_ml_results_all!$C:$C, $B2, traditional_ml_results_all!$D:$D, $C2, traditional_ml_results_all!$E:$E, $D2, traditional_ml_results_all!$F:$F, $E2 ) -> #DIV/0! | T2: ==AVERAGEIFS( traditional_ml_results_all!V:V, traditional_ml_results_all!$B:$B, $A2, traditional_ml_results_all!$C:$C, $B2, traditional_ml_results_all!$D:$D, $C2, traditional_ml_results_all!$E:$E, $D2, traditional_ml_results_all!$F:$F, $E2 ) -> 963.5 | U2: ==AVERAGEIFS( traditional_ml_results_all!W:W, traditional_ml_results_all!$B:$B, $A2, traditional_ml_results_all!$C:$C, $B2, traditional_ml_results_all!$D:$D, $C2, traditional_ml_results_all!$E:$E, $D2, traditional_ml_results_all!$F:$F, $E2 ) -> 3.8644704
A3: arcan | B3: description | C3: openai | D3: none | E3: feedforward_nn | F3: ==AVERAGEIFS( traditional_ml_results_all!H:H, traditional_ml_results_all!$B:$B, $A3, traditional_ml_results_all!$C:$C, $B3, traditional_ml_results_all!$D:$D, $C3, traditional_ml_results_all!$E:$E, $D3, traditional_ml_results_all!$F:$F, $E3 ) -> 0.77779573 | G3: ==AVERAGEIFS( traditional_ml_results_all!I:I, traditional_ml_results_all!$B:$B, $A3, traditional_ml_results_all!$C:$C, $B3, traditional_ml_results_all!$D:$D, $C3, traditional_ml_results_all!$E:$E, $D3, traditional_ml_results_all!$F:$F, $E3 ) -> 0.75 | H3: ==AVERAGEIFS( traditional_ml_results_all!J:J, traditional_ml_results_all!$B:$B, $A3, traditional_ml_results_all!$C:$C, $B3, traditional_ml_results_all!$D:$D, $C3, traditional_ml_results_all!$E:$E, $D3, traditional_ml_results_all!$F:$F, $E3 ) -> 0.67424242 | I3: ==AVERAGEIFS( traditional_ml_results_all!K:K, traditional_ml_results_all!$B:$B, $A3, traditional_ml_results_all!$C:$C, $B3, traditional_ml_results_all!$D:$D, $C3, traditional_ml_results_all!$E:$E, $D3, traditional_ml_results_all!$F:$F, $E3 ) -> 0.70833333 | J3: ==AVERAGEIFS( traditional_ml_results_all!L:L, traditional_ml_results_all!$B:$B, $A3, traditional_ml_results_all!$C:$C, $B3, traditional_ml_results_all!$D:$D, $C3, traditional_ml_results_all!$E:$E, $D3, traditional_ml_results_all!$F:$F, $E3 ) -> 0.68826037 | K3: ==AVERAGEIFS( traditional_ml_results_all!M:M, traditional_ml_results_all!$B:$B, $A3, traditional_ml_results_all!$C:$C, $B3, traditional_ml_results_all!$D:$D, $C3, traditional_ml_results_all!$E:$E, $D3, traditional_ml_results_all!$F:$F, $E3 ) -> 0.039023793 | L3: ==AVERAGEIFS( traditional_ml_results_all!N:N, traditional_ml_results_all!$B:$B, $A3, traditional_ml_results_all!$C:$C, $B3, traditional_ml_results_all!$D:$D, $C3, traditional_ml_results_all!$E:$E, $D3, traditional_ml_results_all!$F:$F, $E3 ) -> 0.5250316 | M3: ==AVERAGEIFS( traditional_ml_results_all!O:O, traditional_ml_results_all!$B:$B, $A3, traditional_ml_results_all!$C:$C, $B3, traditional_ml_results_all!$D:$D, $C3, traditional_ml_results_all!$E:$E, $D3, traditional_ml_results_all!$F:$F, $E3 ) -> 0.13009329 | N3: ==AVERAGEIFS( traditional_ml_results_all!P:P, traditional_ml_results_all!$B:$B, $A3, traditional_ml_results_all!$C:$C, $B3, traditional_ml_results_all!$D:$D, $C3, traditional_ml_results_all!$E:$E, $D3, traditional_ml_results_all!$F:$F, $E3 ) -> 0.48124501 | O3: ==AVERAGEIFS( traditional_ml_results_all!Q:Q, traditional_ml_results_all!$B:$B, $A3, traditional_ml_results_all!$C:$C, $B3, traditional_ml_results_all!$D:$D, $C3, traditional_ml_results_all!$E:$E, $D3, traditional_ml_results_all!$F:$F, $E3 ) -> 0.59793148 | P3: ==AVERAGEIFS( traditional_ml_results_all!R:R, traditional_ml_results_all!$B:$B, $A3, traditional_ml_results_all!$C:$C, $B3, traditional_ml_results_all!$D:$D, $C3, traditional_ml_results_all!$E:$E, $D3, traditional_ml_results_all!$F:$F, $E3 ) -> 0.40393925 | Q3: ==AVERAGEIFS( traditional_ml_results_all!S:S, traditional_ml_results_all!$B:$B, $A3, traditional_ml_results_all!$C:$C, $B3, traditional_ml_results_all!$D:$D, $C3, traditional_ml_results_all!$E:$E, $D3, traditional_ml_results_all!$F:$F, $E3 ) -> 0.22708832 | R3: ==AVERAGEIFS( traditional_ml_results_all!T:T, traditional_ml_results_all!$B:$B, $A3, traditional_ml_results_all!$C:$C, $B3, traditional_ml_results_all!$D:$D, $C3, traditional_ml_results_all!$E:$E, $D3, traditional_ml_results_all!$F:$F, $E3 ) -> 0.20703125 | S3: ==AVERAGEIFS( traditional_ml_results_all!U:U, traditional_ml_results_all!$B:$B, $A3, traditional_ml_results_all!$C:$C, $B3, traditional_ml_results_all!$D:$D, $C3, traditional_ml_results_all!$E:$E, $D3, traditional_ml_results_all!$F:$F, $E3 ) -> #DIV/0! | T3: ==AVERAGEIFS( traditional_ml_results_all!V:V, traditional_ml_results_all!$B:$B, $A3, traditional_ml_results_all!$C:$C, $B3, traditional_ml_results_all!$D:$D, $C3, traditional_ml_results_all!$E:$E, $D3, traditional_ml_results_all!$F:$F, $E3 ) -> 963.5 | U3: ==AVERAGEIFS( traditional_ml_results_all!W:W, traditional_ml_results_all!$B:$B, $A3, traditional_ml_results_all!$C:$C, $B3, traditional_ml_results_all!$D:$D, $C3, traditional_ml_results_all!$E:$E, $D3, traditional_ml_results_all!$F:$F, $E3 ) -> 4.9848471
A4: arcan | B4: description | C4: openai | D4: class_weight | E4: feedforward_nn | F4: ==AVERAGEIFS( traditional_ml_results_all!H:H, traditional_ml_results_all!$B:$B, $A4, traditional_ml_results_all!$C:$C, $B4, traditional_ml_results_all!$D:$D, $C4, traditional_ml_results_all!$E:$E, $D4, traditional_ml_results_all!$F:$F, $E4 ) -> 0.77779573 | G4: ==AVERAGEIFS( traditional_ml_results_all!I:I, traditional_ml_results_all!$B:$B, $A4, traditional_ml_results_all!$C:$C, $B4, traditional_ml_results_all!$D:$D, $C4, traditional_ml_results_all!$E:$E, $D4, traditional_ml_results_all!$F:$F, $E4 ) -> 0.75 | H4: ==AVERAGEIFS( traditional_ml_results_all!J:J, traditional_ml_results_all!$B:$B, $A4, traditional_ml_results_all!$C:$C, $B4, traditional_ml_results_all!$D:$D, $C4, traditional_ml_results_all!$E:$E, $D4, traditional_ml_results_all!$F:$F, $E4 ) -> 0.67424242 | I4: ==AVERAGEIFS( traditional_ml_results_all!K:K, traditional_ml_results_all!$B:$B, $A4, traditional_ml_results_all!$C:$C, $B4, traditional_ml_results_all!$D:$D, $C4, traditional_ml_results_all!$E:$E, $D4, traditional_ml_results_all!$F:$F, $E4 ) -> 0.70833333 | J4: ==AVERAGEIFS( traditional_ml_results_all!L:L, traditional_ml_results_all!$B:$B, $A4, traditional_ml_results_all!$C:$C, $B4, traditional_ml_results_all!$D:$D, $C4, traditional_ml_results_all!$E:$E, $D4, traditional_ml_results_all!$F:$F, $E4 ) -> 0.68826037 | K4: ==AVERAGEIFS( traditional_ml_results_all!M:M, traditional_ml_results_all!$B:$B, $A4, traditional_ml_results_all!$C:$C, $B4, traditional_ml_results_all!$D:$D, $C4, traditional_ml_results_all!$E:$E, $D4, traditional_ml_results_all!$F:$F, $E4 ) -> 0.039023793 | L4: ==AVERAGEIFS( traditional_ml_results_all!N:N, traditional_ml_results_all!$B:$B, $A4, traditional_ml_results_all!$C:$C, $B4, traditional_ml_results_all!$D:$D, $C4, traditional_ml_results_all!$E:$E, $D4, traditional_ml_results_all!$F:$F, $E4 ) -> 0.5250316 | M4: ==AVERAGEIFS( traditional_ml_results_all!O:O, traditional_ml_results_all!$B:$B, $A4, traditional_ml_results_all!$C:$C, $B4, traditional_ml_results_all!$D:$D, $C4, traditional_ml_results_all!$E:$E, $D4, traditional_ml_results_all!$F:$F, $E4 ) -> 0.13009329 | N4: ==AVERAGEIFS( traditional_ml_results_all!P:P, traditional_ml_results_all!$B:$B, $A4, traditional_ml_results_all!$C:$C, $B4, traditional_ml_results_all!$D:$D, $C4, traditional_ml_results_all!$E:$E, $D4, traditional_ml_results_all!$F:$F, $E4 ) -> 0.48124501 | O4: ==AVERAGEIFS( traditional_ml_results_all!Q:Q, traditional_ml_results_all!$B:$B, $A4, traditional_ml_results_all!$C:$C, $B4, traditional_ml_results_all!$D:$D, $C4, traditional_ml_results_all!$E:$E, $D4, traditional_ml_results_all!$F:$F, $E4 ) -> 0.59793148 | P4: ==AVERAGEIFS( traditional_ml_results_all!R:R, traditional_ml_results_all!$B:$B, $A4, traditional_ml_results_all!$C:$C, $B4, traditional_ml_results_all!$D:$D, $C4, traditional_ml_results_all!$E:$E, $D4, traditional_ml_results_all!$F:$F, $E4 ) -> 0.40393925 | Q4: ==AVERAGEIFS( traditional_ml_results_all!S:S, traditional_ml_results_all!$B:$B, $A4, traditional_ml_results_all!$C:$C, $B4, traditional_ml_results_all!$D:$D, $C4, traditional_ml_results_all!$E:$E, $D4, traditional_ml_results_all!$F:$F, $E4 ) -> 0.22708832 | R4: ==AVERAGEIFS( traditional_ml_results_all!T:T, traditional_ml_results_all!$B:$B, $A4, traditional_ml_results_all!$C:$C, $B4, traditional_ml_results_all!$D:$D, $C4, traditional_ml_results_all!$E:$E, $D4, traditional_ml_results_all!$F:$F, $E4 ) -> 0.20703125 | S4: ==AVERAGEIFS( traditional_ml_results_all!U:U, traditional_ml_results_all!$B:$B, $A4, traditional_ml_results_all!$C:$C, $B4, traditional_ml_results_all!$D:$D, $C4, traditional_ml_results_all!$E:$E, $D4, traditional_ml_results_all!$F:$F, $E4 ) -> #DIV/0! | T4: ==AVERAGEIFS( traditional_ml_results_all!V:V, traditional_ml_results_all!$B:$B, $A4, traditional_ml_results_all!$C:$C, $B4, traditional_ml_results_all!$D:$D, $C4, traditional_ml_results_all!$E:$E, $D4, traditional_ml_results_all!$F:$F, $E4 ) -> 963.5 | U4: ==AVERAGEIFS( traditional_ml_results_all!W:W, traditional_ml_results_all!$B:$B, $A4, traditional_ml_results_all!$C:$C, $B4, traditional_ml_results_all!$D:$D, $C4, traditional_ml_results_all!$E:$E, $D4, traditional_ml_results_all!$F:$F, $E4 ) -> 4.9098762
A5: arcan | B5: combined_unfiltered | C5: sbert_avg | D5: random_undersample | E5: feedforward_nn | F5: ==AVERAGEIFS( traditional_ml_results_all!H:H, traditional_ml_results_all!$B:$B, $A5, traditional_ml_results_all!$C:$C, $B5, traditional_ml_results_all!$D:$D, $C5, traditional_ml_results_all!$E:$E, $D5, traditional_ml_results_all!$F:$F, $E5 ) -> 0.72971881 | G5: ==AVERAGEIFS( traditional_ml_results_all!I:I, traditional_ml_results_all!$B:$B, $A5, traditional_ml_results_all!$C:$C, $B5, traditional_ml_results_all!$D:$D, $C5, traditional_ml_results_all!$E:$E, $D5, traditional_ml_results_all!$F:$F, $E5 ) -> 0.62589606 | H5: ==AVERAGEIFS( traditional_ml_results_all!J:J, traditional_ml_results_all!$B:$B, $A5, traditional_ml_results_all!$C:$C, $B5, traditional_ml_results_all!$D:$D, $C5, traditional_ml_results_all!$E:$E, $D5, traditional_ml_results_all!$F:$F, $E5 ) -> 0.81515152 | I5: ==AVERAGEIFS( traditional_ml_results_all!K:K, traditional_ml_results_all!$B:$B, $A5, traditional_ml_results_all!$C:$C, $B5, traditional_ml_results_all!$D:$D, $C5, traditional_ml_results_all!$E:$E, $D5, traditional_ml_results_all!$F:$F, $E5 ) -> 0.70697541 | J5: ==AVERAGEIFS( traditional_ml_results_all!L:L, traditional_ml_results_all!$B:$B, $A5, traditional_ml_results_all!$C:$C, $B5, traditional_ml_results_all!$D:$D, $C5, traditional_ml_results_all!$E:$E, $D5, traditional_ml_results_all!$F:$F, $E5 ) -> 0.65545155 | K5: ==AVERAGEIFS( traditional_ml_results_all!M:M, traditional_ml_results_all!$B:$B, $A5, traditional_ml_results_all!$C:$C, $B5, traditional_ml_results_all!$D:$D, $C5, traditional_ml_results_all!$E:$E, $D5, traditional_ml_results_all!$F:$F, $E5 ) -> 0.028687959 | L5: ==AVERAGEIFS( traditional_ml_results_all!N:N, traditional_ml_results_all!$B:$B, $A5, traditional_ml_results_all!$C:$C, $B5, traditional_ml_results_all!$D:$D, $C5, traditional_ml_results_all!$E:$E, $D5, traditional_ml_results_all!$F:$F, $E5 ) -> 0.64076851 | M5: ==AVERAGEIFS( traditional_ml_results_all!O:O, traditional_ml_results_all!$B:$B, $A5, traditional_ml_results_all!$C:$C, $B5, traditional_ml_results_all!$D:$D, $C5, traditional_ml_results_all!$E:$E, $D5, traditional_ml_results_all!$F:$F, $E5 ) -> 0.03610451 | N5: ==AVERAGEIFS( traditional_ml_results_all!P:P, traditional_ml_results_all!$B:$B, $A5, traditional_ml_results_all!$C:$C, $B5, traditional_ml_results_all!$D:$D, $C5, traditional_ml_results_all!$E:$E, $D5, traditional_ml_results_all!$F:$F, $E5 ) -> 0.48124501 | O5: ==AVERAGEIFS( traditional_ml_results_all!Q:Q, traditional_ml_results_all!$B:$B, $A5, traditional_ml_results_all!$C:$C, $B5, traditional_ml_results_all!$D:$D, $C5, traditional_ml_results_all!$E:$E, $D5, traditional_ml_results_all!$F:$F, $E5 ) -> 0.59793148 | P5: ==AVERAGEIFS( traditional_ml_results_all!R:R, traditional_ml_results_all!$B:$B, $A5, traditional_ml_results_all!$C:$C, $B5, traditional_ml_results_all!$D:$D, $C5, traditional_ml_results_all!$E:$E, $D5, traditional_ml_results_all!$F:$F, $E5 ) -> 0.40393925 | Q5: ==AVERAGEIFS( traditional_ml_results_all!S:S, traditional_ml_results_all!$B:$B, $A5, traditional_ml_results_all!$C:$C, $B5, traditional_ml_results_all!$D:$D, $C5, traditional_ml_results_all!$E:$E, $D5, traditional_ml_results_all!$F:$F, $E5 ) -> 0.2257304 | R5: ==AVERAGEIFS( traditional_ml_results_all!T:T, traditional_ml_results_all!$B:$B, $A5, traditional_ml_results_all!$C:$C, $B5, traditional_ml_results_all!$D:$D, $C5, traditional_ml_results_all!$E:$E, $D5, traditional_ml_results_all!$F:$F, $E5 ) -> 0.0078125 | S5: ==AVERAGEIFS( traditional_ml_results_all!U:U, traditional_ml_results_all!$B:$B, $A5, traditional_ml_results_all!$C:$C, $B5, traditional_ml_results_all!$D:$D, $C5, traditional_ml_results_all!$E:$E, $D5, traditional_ml_results_all!$F:$F, $E5 ) -> #DIV/0! | T5: ==AVERAGEIFS( traditional_ml_results_all!V:V, traditional_ml_results_all!$B:$B, $A5, traditional_ml_results_all!$C:$C, $B5, traditional_ml_results_all!$D:$D, $C5, traditional_ml_results_all!$E:$E, $D5, traditional_ml_results_all!$F:$F, $E5 ) -> 963.5 | U5: ==AVERAGEIFS( traditional_ml_results_all!W:W, traditional_ml_results_all!$B:$B, $A5, traditional_ml_results_all!$C:$C, $B5, traditional_ml_results_all!$D:$D, $C5, traditional_ml_results_all!$E:$E, $D5, traditional_ml_results_all!$F:$F, $E5 ) -> 1.3264805
A6: arcan | B6: combined_unfiltered | C6: sbert_tfidf_weighted | D6: random_undersample | E6: feedforward_nn | F6: ==AVERAGEIFS( traditional_ml_results_all!H:H, traditional_ml_results_all!$B:$B, $A6, traditional_ml_results_all!$C:$C, $B6, traditional_ml_results_all!$D:$D, $C6, traditional_ml_results_all!$E:$E, $D6, traditional_ml_results_all!$F:$F, $E6 ) -> 0.72971881 | G6: ==AVERAGEIFS( traditional_ml_results_all!I:I, traditional_ml_results_all!$B:$B, $A6, traditional_ml_results_all!$C:$C, $B6, traditional_ml_results_all!$D:$D, $C6, traditional_ml_results_all!$E:$E, $D6, traditional_ml_results_all!$F:$F, $E6 ) -> 0.62589606 | H6: ==AVERAGEIFS( traditional_ml_results_all!J:J, traditional_ml_results_all!$B:$B, $A6, traditional_ml_results_all!$C:$C, $B6, traditional_ml_results_all!$D:$D, $C6, traditional_ml_results_all!$E:$E, $D6, traditional_ml_results_all!$F:$F, $E6 ) -> 0.81515152 | I6: ==AVERAGEIFS( traditional_ml_results_all!K:K, traditional_ml_results_all!$B:$B, $A6, traditional_ml_results_all!$C:$C, $B6, traditional_ml_results_all!$D:$D, $C6, traditional_ml_results_all!$E:$E, $D6, traditional_ml_results_all!$F:$F, $E6 ) -> 0.70697541 | J6: ==AVERAGEIFS( traditional_ml_results_all!L:L, traditional_ml_results_all!$B:$B, $A6, traditional_ml_results_all!$C:$C, $B6, traditional_ml_results_all!$D:$D, $C6, traditional_ml_results_all!$E:$E, $D6, traditional_ml_results_all!$F:$F, $E6 ) -> 0.664114 | K6: ==AVERAGEIFS( traditional_ml_results_all!M:M, traditional_ml_results_all!$B:$B, $A6, traditional_ml_results_all!$C:$C, $B6, traditional_ml_results_all!$D:$D, $C6, traditional_ml_results_all!$E:$E, $D6, traditional_ml_results_all!$F:$F, $E6 ) -> 0.02894087 | L6: ==AVERAGEIFS( traditional_ml_results_all!N:N, traditional_ml_results_all!$B:$B, $A6, traditional_ml_results_all!$C:$C, $B6, traditional_ml_results_all!$D:$D, $C6, traditional_ml_results_all!$E:$E, $D6, traditional_ml_results_all!$F:$F, $E6 ) -> 0.644914 | M6: ==AVERAGEIFS( traditional_ml_results_all!O:O, traditional_ml_results_all!$B:$B, $A6, traditional_ml_results_all!$C:$C, $B6, traditional_ml_results_all!$D:$D, $C6, traditional_ml_results_all!$E:$E, $D6, traditional_ml_results_all!$F:$F, $E6 ) -> 0.037572564 | N6: ==AVERAGEIFS( traditional_ml_results_all!P:P, traditional_ml_results_all!$B:$B, $A6, traditional_ml_results_all!$C:$C, $B6, traditional_ml_results_all!$D:$D, $C6, traditional_ml_results_all!$E:$E, $D6, traditional_ml_results_all!$F:$F, $E6 ) -> 0.48124501 | O6: ==AVERAGEIFS( traditional_ml_results_all!Q:Q, traditional_ml_results_all!$B:$B, $A6, traditional_ml_results_all!$C:$C, $B6, traditional_ml_results_all!$D:$D, $C6, traditional_ml_results_all!$E:$E, $D6, traditional_ml_results_all!$F:$F, $E6 ) -> 0.59793148 | P6: ==AVERAGEIFS( traditional_ml_results_all!R:R, traditional_ml_results_all!$B:$B, $A6, traditional_ml_results_all!$C:$C, $B6, traditional_ml_results_all!$D:$D, $C6, traditional_ml_results_all!$E:$E, $D6, traditional_ml_results_all!$F:$F, $E6 ) -> 0.40393925 | Q6: ==AVERAGEIFS( traditional_ml_results_all!S:S, traditional_ml_results_all!$B:$B, $A6, traditional_ml_results_all!$C:$C, $B6, traditional_ml_results_all!$D:$D, $C6, traditional_ml_results_all!$E:$E, $D6, traditional_ml_results_all!$F:$F, $E6 ) -> 0.2257304 | R6: ==AVERAGEIFS( traditional_ml_results_all!T:T, traditional_ml_results_all!$B:$B, $A6, traditional_ml_results_all!$C:$C, $B6, traditional_ml_results_all!$D:$D, $C6, traditional_ml_results_all!$E:$E, $D6, traditional_ml_results_all!$F:$F, $E6 ) -> 0.0078125 | S6: ==AVERAGEIFS( traditional_ml_results_all!U:U, traditional_ml_results_all!$B:$B, $A6, traditional_ml_results_all!$C:$C, $B6, traditional_ml_results_all!$D:$D, $C6, traditional_ml_results_all!$E:$E, $D6, traditional_ml_results_all!$F:$F, $E6 ) -> #DIV/0! | T6: ==AVERAGEIFS( traditional_ml_results_all!V:V, traditional_ml_results_all!$B:$B, $A6, traditional_ml_results_all!$C:$C, $B6, traditional_ml_results_all!$D:$D, $C6, traditional_ml_results_all!$E:$E, $D6, traditional_ml_results_all!$F:$F, $E6 ) -> 963.5 | U6: ==AVERAGEIFS( traditional_ml_results_all!W:W, traditional_ml_results_all!$B:$B, $A6, traditional_ml_results_all!$C:$C, $B6, traditional_ml_results_all!$D:$D, $C6, traditional_ml_results_all!$E:$E, $D6, traditional_ml_results_all!$F:$F, $E6 ) -> 1.8044635
A7: arcan | B7: combined | C7: sbert_avg | D7: random_undersample | E7: feedforward_nn | F7: ==AVERAGEIFS( traditional_ml_results_all!H:H, traditional_ml_results_all!$B:$B, $A7, traditional_ml_results_all!$C:$C, $B7, traditional_ml_results_all!$D:$D, $C7, traditional_ml_results_all!$E:$E, $D7, traditional_ml_results_all!$F:$F, $E7 ) -> 0.72971881 | G7: ==AVERAGEIFS( traditional_ml_results_all!I:I, traditional_ml_results_all!$B:$B, $A7, traditional_ml_results_all!$C:$C, $B7, traditional_ml_results_all!$D:$D, $C7, traditional_ml_results_all!$E:$E, $D7, traditional_ml_results_all!$F:$F, $E7 ) -> 0.62589606 | H7: ==AVERAGEIFS( traditional_ml_results_all!J:J, traditional_ml_results_all!$B:$B, $A7, traditional_ml_results_all!$C:$C, $B7, traditional_ml_results_all!$D:$D, $C7, traditional_ml_results_all!$E:$E, $D7, traditional_ml_results_all!$F:$F, $E7 ) -> 0.81515152 | I7: ==AVERAGEIFS( traditional_ml_results_all!K:K, traditional_ml_results_all!$B:$B, $A7, traditional_ml_results_all!$C:$C, $B7, traditional_ml_results_all!$D:$D, $C7, traditional_ml_results_all!$E:$E, $D7, traditional_ml_results_all!$F:$F, $E7 ) -> 0.70697541 | J7: ==AVERAGEIFS( traditional_ml_results_all!L:L, traditional_ml_results_all!$B:$B, $A7, traditional_ml_results_all!$C:$C, $B7, traditional_ml_results_all!$D:$D, $C7, traditional_ml_results_all!$E:$E, $D7, traditional_ml_results_all!$F:$F, $E7 ) -> 0.65545155 | K7: ==AVERAGEIFS( traditional_ml_results_all!M:M, traditional_ml_results_all!$B:$B, $A7, traditional_ml_results_all!$C:$C, $B7, traditional_ml_results_all!$D:$D, $C7, traditional_ml_results_all!$E:$E, $D7, traditional_ml_results_all!$F:$F, $E7 ) -> 0.028687959 | L7: ==AVERAGEIFS( traditional_ml_results_all!N:N, traditional_ml_results_all!$B:$B, $A7, traditional_ml_results_all!$C:$C, $B7, traditional_ml_results_all!$D:$D, $C7, traditional_ml_results_all!$E:$E, $D7, traditional_ml_results_all!$F:$F, $E7 ) -> 0.64076851 | M7: ==AVERAGEIFS( traditional_ml_results_all!O:O, traditional_ml_results_all!$B:$B, $A7, traditional_ml_results_all!$C:$C, $B7, traditional_ml_results_all!$D:$D, $C7, traditional_ml_results_all!$E:$E, $D7, traditional_ml_results_all!$F:$F, $E7 ) -> 0.03610451 | N7: ==AVERAGEIFS( traditional_ml_results_all!P:P, traditional_ml_results_all!$B:$B, $A7, traditional_ml_results_all!$C:$C, $B7, traditional_ml_results_all!$D:$D, $C7, traditional_ml_results_all!$E:$E, $D7, traditional_ml_results_all!$F:$F, $E7 ) -> 0.48124501 | O7: ==AVERAGEIFS( traditional_ml_results_all!Q:Q, traditional_ml_results_all!$B:$B, $A7, traditional_ml_results_all!$C:$C, $B7, traditional_ml_results_all!$D:$D, $C7, traditional_ml_results_all!$E:$E, $D7, traditional_ml_results_all!$F:$F, $E7 ) -> 0.59793148 | P7: ==AVERAGEIFS( traditional_ml_results_all!R:R, traditional_ml_results_all!$B:$B, $A7, traditional_ml_results_all!$C:$C, $B7, traditional_ml_results_all!$D:$D, $C7, traditional_ml_results_all!$E:$E, $D7, traditional_ml_results_all!$F:$F, $E7 ) -> 0.40393925 | Q7: ==AVERAGEIFS( traditional_ml_results_all!S:S, traditional_ml_results_all!$B:$B, $A7, traditional_ml_results_all!$C:$C, $B7, traditional_ml_results_all!$D:$D, $C7, traditional_ml_results_all!$E:$E, $D7, traditional_ml_results_all!$F:$F, $E7 ) -> 0.2257304 | R7: ==AVERAGEIFS( traditional_ml_results_all!T:T, traditional_ml_results_all!$B:$B, $A7, traditional_ml_results_all!$C:$C, $B7, traditional_ml_results_all!$D:$D, $C7, traditional_ml_results_all!$E:$E, $D7, traditional_ml_results_all!$F:$F, $E7 ) -> 0.0078125 | S7: ==AVERAGEIFS( traditional_ml_results_all!U:U, traditional_ml_results_all!$B:$B, $A7, traditional_ml_results_all!$C:$C, $B7, traditional_ml_results_all!$D:$D, $C7, traditional_ml_results_all!$E:$E, $D7, traditional_ml_results_all!$F:$F, $E7 ) -> #DIV/0! | T7: ==AVERAGEIFS( traditional_ml_results_all!V:V, traditional_ml_results_all!$B:$B, $A7, traditional_ml_results_all!$C:$C, $B7, traditional_ml_results_all!$D:$D, $C7, traditional_ml_results_all!$E:$E, $D7, traditional_ml_results_all!$F:$F, $E7 ) -> 963.5 | U7: ==AVERAGEIFS( traditional_ml_results_all!W:W, traditional_ml_results_all!$B:$B, $A7, traditional_ml_results_all!$C:$C, $B7, traditional_ml_results_all!$D:$D, $C7, traditional_ml_results_all!$E:$E, $D7, traditional_ml_results_all!$F:$F, $E7 ) -> 1.3532461
A8: arcan | B8: combined | C8: sbert_tfidf_weighted | D8: random_undersample | E8: feedforward_nn | F8: ==AVERAGEIFS( traditional_ml_results_all!H:H, traditional_ml_results_all!$B:$B, $A8, traditional_ml_results_all!$C:$C, $B8, traditional_ml_results_all!$D:$D, $C8, traditional_ml_results_all!$E:$E, $D8, traditional_ml_results_all!$F:$F, $E8 ) -> 0.72971881 | G8: ==AVERAGEIFS( traditional_ml_results_all!I:I, traditional_ml_results_all!$B:$B, $A8, traditional_ml_results_all!$C:$C, $B8, traditional_ml_results_all!$D:$D, $C8, traditional_ml_results_all!$E:$E, $D8, traditional_ml_results_all!$F:$F, $E8 ) -> 0.62589606 | H8: ==AVERAGEIFS( traditional_ml_results_all!J:J, traditional_ml_results_all!$B:$B, $A8, traditional_ml_results_all!$C:$C, $B8, traditional_ml_results_all!$D:$D, $C8, traditional_ml_results_all!$E:$E, $D8, traditional_ml_results_all!$F:$F, $E8 ) -> 0.81515152 | I8: ==AVERAGEIFS( traditional_ml_results_all!K:K, traditional_ml_results_all!$B:$B, $A8, traditional_ml_results_all!$C:$C, $B8, traditional_ml_results_all!$D:$D, $C8, traditional_ml_results_all!$E:$E, $D8, traditional_ml_results_all!$F:$F, $E8 ) -> 0.70697541 | J8: ==AVERAGEIFS( traditional_ml_results_all!L:L, traditional_ml_results_all!$B:$B, $A8, traditional_ml_results_all!$C:$C, $B8, traditional_ml_results_all!$D:$D, $C8, traditional_ml_results_all!$E:$E, $D8, traditional_ml_results_all!$F:$F, $E8 ) -> 0.664114 | K8: ==AVERAGEIFS( traditional_ml_results_all!M:M, traditional_ml_results_all!$B:$B, $A8, traditional_ml_results_all!$C:$C, $B8, traditional_ml_results_all!$D:$D, $C8, traditional_ml_results_all!$E:$E, $D8, traditional_ml_results_all!$F:$F, $E8 ) -> 0.02894087 | L8: ==AVERAGEIFS( traditional_ml_results_all!N:N, traditional_ml_results_all!$B:$B, $A8, traditional_ml_results_all!$C:$C, $B8, traditional_ml_results_all!$D:$D, $C8, traditional_ml_results_all!$E:$E, $D8, traditional_ml_results_all!$F:$F, $E8 ) -> 0.644914 | M8: ==AVERAGEIFS( traditional_ml_results_all!O:O, traditional_ml_results_all!$B:$B, $A8, traditional_ml_results_all!$C:$C, $B8, traditional_ml_results_all!$D:$D, $C8, traditional_ml_results_all!$E:$E, $D8, traditional_ml_results_all!$F:$F, $E8 ) -> 0.037572564 | N8: ==AVERAGEIFS( traditional_ml_results_all!P:P, traditional_ml_results_all!$B:$B, $A8, traditional_ml_results_all!$C:$C, $B8, traditional_ml_results_all!$D:$D, $C8, traditional_ml_results_all!$E:$E, $D8, traditional_ml_results_all!$F:$F, $E8 ) -> 0.48124501 | O8: ==AVERAGEIFS( traditional_ml_results_all!Q:Q, traditional_ml_results_all!$B:$B, $A8, traditional_ml_results_all!$C:$C, $B8, traditional_ml_results_all!$D:$D, $C8, traditional_ml_results_all!$E:$E, $D8, traditional_ml_results_all!$F:$F, $E8 ) -> 0.59793148 | P8: ==AVERAGEIFS( traditional_ml_results_all!R:R, traditional_ml_results_all!$B:$B, $A8, traditional_ml_results_all!$C:$C, $B8, traditional_ml_results_all!$D:$D, $C8, traditional_ml_results_all!$E:$E, $D8, traditional_ml_results_all!$F:$F, $E8 ) -> 0.40393925 | Q8: ==AVERAGEIFS( traditional_ml_results_all!S:S, traditional_ml_results_all!$B:$B, $A8, traditional_ml_results_all!$C:$C, $B8, traditional_ml_results_all!$D:$D, $C8, traditional_ml_results_all!$E:$E, $D8, traditional_ml_results_all!$F:$F, $E8 ) -> 0.2257304 | R8: ==AVERAGEIFS( traditional_ml_results_all!T:T, traditional_ml_results_all!$B:$B, $A8, traditional_ml_results_all!$C:$C, $B8, traditional_ml_results_all!$D:$D, $C8, traditional_ml_results_all!$E:$E, $D8, traditional_ml_results_all!$F:$F, $E8 ) -> 0.0078125 | S8: ==AVERAGEIFS( traditional_ml_results_all!U:U, traditional_ml_results_all!$B:$B, $A8, traditional_ml_results_all!$C:$C, $B8, traditional_ml_results_all!$D:$D, $C8, traditional_ml_results_all!$E:$E, $D8, traditional_ml_results_all!$F:$F, $E8 ) -> #DIV/0! | T8: ==AVERAGEIFS( traditional_ml_results_all!V:V, traditional_ml_results_all!$B:$B, $A8, traditional_ml_results_all!$C:$C, $B8, traditional_ml_results_all!$D:$D, $C8, traditional_ml_results_all!$E:$E, $D8, traditional_ml_results_all!$F:$F, $E8 ) -> 963.5 | U8: ==AVERAGEIFS( traditional_ml_results_all!W:W, traditional_ml_results_all!$B:$B, $A8, traditional_ml_results_all!$C:$C, $B8, traditional_ml_results_all!$D:$D, $C8, traditional_ml_results_all!$E:$E, $D8, traditional_ml_results_all!$F:$F, $E8 ) -> 1.8325455
A9: arcan | B9: combined_unfiltered | C9: sbert_max | D9: random_undersample | E9: feedforward_nn | F9: ==AVERAGEIFS( traditional_ml_results_all!H:H, traditional_ml_results_all!$B:$B, $A9, traditional_ml_results_all!$C:$C, $B9, traditional_ml_results_all!$D:$D, $C9, traditional_ml_results_all!$E:$E, $D9, traditional_ml_results_all!$F:$F, $E9 ) -> 0.71921461 | G9: ==AVERAGEIFS( traditional_ml_results_all!I:I, traditional_ml_results_all!$B:$B, $A9, traditional_ml_results_all!$C:$C, $B9, traditional_ml_results_all!$D:$D, $C9, traditional_ml_results_all!$E:$E, $D9, traditional_ml_results_all!$F:$F, $E9 ) -> 0.61176135 | H9: ==AVERAGEIFS( traditional_ml_results_all!J:J, traditional_ml_results_all!$B:$B, $A9, traditional_ml_results_all!$C:$C, $B9, traditional_ml_results_all!$D:$D, $C9, traditional_ml_results_all!$E:$E, $D9, traditional_ml_results_all!$F:$F, $E9 ) -> 0.81515152 | I9: ==AVERAGEIFS( traditional_ml_results_all!K:K, traditional_ml_results_all!$B:$B, $A9, traditional_ml_results_all!$C:$C, $B9, traditional_ml_results_all!$D:$D, $C9, traditional_ml_results_all!$E:$E, $D9, traditional_ml_results_all!$F:$F, $E9 ) -> 0.69839204 | J9: ==AVERAGEIFS( traditional_ml_results_all!L:L, traditional_ml_results_all!$B:$B, $A9, traditional_ml_results_all!$C:$C, $B9, traditional_ml_results_all!$D:$D, $C9, traditional_ml_results_all!$E:$E, $D9, traditional_ml_results_all!$F:$F, $E9 ) -> 0.66326986 | K9: ==AVERAGEIFS( traditional_ml_results_all!M:M, traditional_ml_results_all!$B:$B, $A9, traditional_ml_results_all!$C:$C, $B9, traditional_ml_results_all!$D:$D, $C9, traditional_ml_results_all!$E:$E, $D9, traditional_ml_results_all!$F:$F, $E9 ) -> 0.033593648 | L9: ==AVERAGEIFS( traditional_ml_results_all!N:N, traditional_ml_results_all!$B:$B, $A9, traditional_ml_results_all!$C:$C, $B9, traditional_ml_results_all!$D:$D, $C9, traditional_ml_results_all!$E:$E, $D9, traditional_ml_results_all!$F:$F, $E9 ) -> 0.64922675 | M9: ==AVERAGEIFS( traditional_ml_results_all!O:O, traditional_ml_results_all!$B:$B, $A9, traditional_ml_results_all!$C:$C, $B9, traditional_ml_results_all!$D:$D, $C9, traditional_ml_results_all!$E:$E, $D9, traditional_ml_results_all!$F:$F, $E9 ) -> 0.034883845 | N9: ==AVERAGEIFS( traditional_ml_results_all!P:P, traditional_ml_results_all!$B:$B, $A9, traditional_ml_results_all!$C:$C, $B9, traditional_ml_results_all!$D:$D, $C9, traditional_ml_results_all!$E:$E, $D9, traditional_ml_results_all!$F:$F, $E9 ) -> 0.48124501 | O9: ==AVERAGEIFS( traditional_ml_results_all!Q:Q, traditional_ml_results_all!$B:$B, $A9, traditional_ml_results_all!$C:$C, $B9, traditional_ml_results_all!$D:$D, $C9, traditional_ml_results_all!$E:$E, $D9, traditional_ml_results_all!$F:$F, $E9 ) -> 0.59793148 | P9: ==AVERAGEIFS( traditional_ml_results_all!R:R, traditional_ml_results_all!$B:$B, $A9, traditional_ml_results_all!$C:$C, $B9, traditional_ml_results_all!$D:$D, $C9, traditional_ml_results_all!$E:$E, $D9, traditional_ml_results_all!$F:$F, $E9 ) -> 0.40393925 | Q9: ==AVERAGEIFS( traditional_ml_results_all!S:S, traditional_ml_results_all!$B:$B, $A9, traditional_ml_results_all!$C:$C, $B9, traditional_ml_results_all!$D:$D, $C9, traditional_ml_results_all!$E:$E, $D9, traditional_ml_results_all!$F:$F, $E9 ) -> 0.21714703 | R9: ==AVERAGEIFS( traditional_ml_results_all!T:T, traditional_ml_results_all!$B:$B, $A9, traditional_ml_results_all!$C:$C, $B9, traditional_ml_results_all!$D:$D, $C9, traditional_ml_results_all!$E:$E, $D9, traditional_ml_results_all!$F:$F, $E9 ) -> 0.0078125 | S9: ==AVERAGEIFS( traditional_ml_results_all!U:U, traditional_ml_results_all!$B:$B, $A9, traditional_ml_results_all!$C:$C, $B9, traditional_ml_results_all!$D:$D, $C9, traditional_ml_results_all!$E:$E, $D9, traditional_ml_results_all!$F:$F, $E9 ) -> #DIV/0! | T9: ==AVERAGEIFS( traditional_ml_results_all!V:V, traditional_ml_results_all!$B:$B, $A9, traditional_ml_results_all!$C:$C, $B9, traditional_ml_results_all!$D:$D, $C9, traditional_ml_results_all!$E:$E, $D9, traditional_ml_results_all!$F:$F, $E9 ) -> 963.5 | U9: ==AVERAGEIFS( traditional_ml_results_all!W:W, traditional_ml_results_all!$B:$B, $A9, traditional_ml_results_all!$C:$C, $B9, traditional_ml_results_all!$D:$D, $C9, traditional_ml_results_all!$E:$E, $D9, traditional_ml_results_all!$F:$F, $E9 ) -> 1.2787842
A10: arcan | B10: combined | C10: sbert_max | D10: random_undersample | E10: feedforward_nn | F10: ==AVERAGEIFS( traditional_ml_results_all!H:H, traditional_ml_results_all!$B:$B, $A10, traditional_ml_results_all!$C:$C, $B10, traditional_ml_results_all!$D:$D, $C10, traditional_ml_results_all!$E:$E, $D10, traditional_ml_results_all!$F:$F, $E10 ) -> 0.71921461 | G10: ==AVERAGEIFS( traditional_ml_results_all!I:I, traditional_ml_results_all!$B:$B, $A10, traditional_ml_results_all!$C:$C, $B10, traditional_ml_results_all!$D:$D, $C10, traditional_ml_results_all!$E:$E, $D10, traditional_ml_results_all!$F:$F, $E10 ) -> 0.61176135 | H10: ==AVERAGEIFS( traditional_ml_results_all!J:J, traditional_ml_results_all!$B:$B, $A10, traditional_ml_results_all!$C:$C, $B10, traditional_ml_results_all!$D:$D, $C10, traditional_ml_results_all!$E:$E, $D10, traditional_ml_results_all!$F:$F, $E10 ) -> 0.81515152 | I10: ==AVERAGEIFS( traditional_ml_results_all!K:K, traditional_ml_results_all!$B:$B, $A10, traditional_ml_results_all!$C:$C, $B10, traditional_ml_results_all!$D:$D, $C10, traditional_ml_results_all!$E:$E, $D10, traditional_ml_results_all!$F:$F, $E10 ) -> 0.69839204 | J10: ==AVERAGEIFS( traditional_ml_results_all!L:L, traditional_ml_results_all!$B:$B, $A10, traditional_ml_results_all!$C:$C, $B10, traditional_ml_results_all!$D:$D, $C10, traditional_ml_results_all!$E:$E, $D10, traditional_ml_results_all!$F:$F, $E10 ) -> 0.66326986 | K10: ==AVERAGEIFS( traditional_ml_results_all!M:M, traditional_ml_results_all!$B:$B, $A10, traditional_ml_results_all!$C:$C, $B10, traditional_ml_results_all!$D:$D, $C10, traditional_ml_results_all!$E:$E, $D10, traditional_ml_results_all!$F:$F, $E10 ) -> 0.033593648 | L10: ==AVERAGEIFS( traditional_ml_results_all!N:N, traditional_ml_results_all!$B:$B, $A10, traditional_ml_results_all!$C:$C, $B10, traditional_ml_results_all!$D:$D, $C10, traditional_ml_results_all!$E:$E, $D10, traditional_ml_results_all!$F:$F, $E10 ) -> 0.64922675 | M10: ==AVERAGEIFS( traditional_ml_results_all!O:O, traditional_ml_results_all!$B:$B, $A10, traditional_ml_results_all!$C:$C, $B10, traditional_ml_results_all!$D:$D, $C10, traditional_ml_results_all!$E:$E, $D10, traditional_ml_results_all!$F:$F, $E10 ) -> 0.034883845 | N10: ==AVERAGEIFS( traditional_ml_results_all!P:P, traditional_ml_results_all!$B:$B, $A10, traditional_ml_results_all!$C:$C, $B10, traditional_ml_results_all!$D:$D, $C10, traditional_ml_results_all!$E:$E, $D10, traditional_ml_results_all!$F:$F, $E10 ) -> 0.48124501 | O10: ==AVERAGEIFS( traditional_ml_results_all!Q:Q, traditional_ml_results_all!$B:$B, $A10, traditional_ml_results_all!$C:$C, $B10, traditional_ml_results_all!$D:$D, $C10, traditional_ml_results_all!$E:$E, $D10, traditional_ml_results_all!$F:$F, $E10 ) -> 0.59793148 | P10: ==AVERAGEIFS( traditional_ml_results_all!R:R, traditional_ml_results_all!$B:$B, $A10, traditional_ml_results_all!$C:$C, $B10, traditional_ml_results_all!$D:$D, $C10, traditional_ml_results_all!$E:$E, $D10, traditional_ml_results_all!$F:$F, $E10 ) -> 0.40393925 | Q10: ==AVERAGEIFS( traditional_ml_results_all!S:S, traditional_ml_results_all!$B:$B, $A10, traditional_ml_results_all!$C:$C, $B10, traditional_ml_results_all!$D:$D, $C10, traditional_ml_results_all!$E:$E, $D10, traditional_ml_results_all!$F:$F, $E10 ) -> 0.21714703 | R10: ==AVERAGEIFS( traditional_ml_results_all!T:T, traditional_ml_results_all!$B:$B, $A10, traditional_ml_results_all!$C:$C, $B10, traditional_ml_results_all!$D:$D, $C10, traditional_ml_results_all!$E:$E, $D10, traditional_ml_results_all!$F:$F, $E10 ) -> 0.0078125 | S10: ==AVERAGEIFS( traditional_ml_results_all!U:U, traditional_ml_results_all!$B:$B, $A10, traditional_ml_results_all!$C:$C, $B10, traditional_ml_results_all!$D:$D, $C10, traditional_ml_results_all!$E:$E, $D10, traditional_ml_results_all!$F:$F, $E10 ) -> #DIV/0! | T10: ==AVERAGEIFS( traditional_ml_results_all!V:V, traditional_ml_results_all!$B:$B, $A10, traditional_ml_results_all!$C:$C, $B10, traditional_ml_results_all!$D:$D, $C10, traditional_ml_results_all!$E:$E, $D10, traditional_ml_results_all!$F:$F, $E10 ) -> 963.5 | U10: ==AVERAGEIFS( traditional_ml_results_all!W:W, traditional_ml_results_all!$B:$B, $A10, traditional_ml_results_all!$C:$C, $B10, traditional_ml_results_all!$D:$D, $C10, traditional_ml_results_all!$E:$E, $D10, traditional_ml_results_all!$F:$F, $E10 ) -> 1.2805946
A11: arcan | B11: combined | C11: sbert_tfidf_weighted | D11: none | E11: feedforward_nn | F11: ==AVERAGEIFS( traditional_ml_results_all!H:H, traditional_ml_results_all!$B:$B, $A11, traditional_ml_results_all!$C:$C, $B11, traditional_ml_results_all!$D:$D, $C11, traditional_ml_results_all!$E:$E, $D11, traditional_ml_results_all!$F:$F, $E11 ) -> 0.75945378 | G11: ==AVERAGEIFS( traditional_ml_results_all!I:I, traditional_ml_results_all!$B:$B, $A11, traditional_ml_results_all!$C:$C, $B11, traditional_ml_results_all!$D:$D, $C11, traditional_ml_results_all!$E:$E, $D11, traditional_ml_results_all!$F:$F, $E11 ) -> 0.70771757 | H11: ==AVERAGEIFS( traditional_ml_results_all!J:J, traditional_ml_results_all!$B:$B, $A11, traditional_ml_results_all!$C:$C, $B11, traditional_ml_results_all!$D:$D, $C11, traditional_ml_results_all!$E:$E, $D11, traditional_ml_results_all!$F:$F, $E11 ) -> 0.67979798 | I11: ==AVERAGEIFS( traditional_ml_results_all!K:K, traditional_ml_results_all!$B:$B, $A11, traditional_ml_results_all!$C:$C, $B11, traditional_ml_results_all!$D:$D, $C11, traditional_ml_results_all!$E:$E, $D11, traditional_ml_results_all!$F:$F, $E11 ) -> 0.69346998 | J11: ==AVERAGEIFS( traditional_ml_results_all!L:L, traditional_ml_results_all!$B:$B, $A11, traditional_ml_results_all!$C:$C, $B11, traditional_ml_results_all!$D:$D, $C11, traditional_ml_results_all!$E:$E, $D11, traditional_ml_results_all!$F:$F, $E11 ) -> 0.68532223 | K11: ==AVERAGEIFS( traditional_ml_results_all!M:M, traditional_ml_results_all!$B:$B, $A11, traditional_ml_results_all!$C:$C, $B11, traditional_ml_results_all!$D:$D, $C11, traditional_ml_results_all!$E:$E, $D11, traditional_ml_results_all!$F:$F, $E11 ) -> 0.035120433 | L11: ==AVERAGEIFS( traditional_ml_results_all!N:N, traditional_ml_results_all!$B:$B, $A11, traditional_ml_results_all!$C:$C, $B11, traditional_ml_results_all!$D:$D, $C11, traditional_ml_results_all!$E:$E, $D11, traditional_ml_results_all!$F:$F, $E11 ) -> 0.56564085 | M11: ==AVERAGEIFS( traditional_ml_results_all!O:O, traditional_ml_results_all!$B:$B, $A11, traditional_ml_results_all!$C:$C, $B11, traditional_ml_results_all!$D:$D, $C11, traditional_ml_results_all!$E:$E, $D11, traditional_ml_results_all!$F:$F, $E11 ) -> 0.073881253 | N11: ==AVERAGEIFS( traditional_ml_results_all!P:P, traditional_ml_results_all!$B:$B, $A11, traditional_ml_results_all!$C:$C, $B11, traditional_ml_results_all!$D:$D, $C11, traditional_ml_results_all!$E:$E, $D11, traditional_ml_results_all!$F:$F, $E11 ) -> 0.48124501 | O11: ==AVERAGEIFS( traditional_ml_results_all!Q:Q, traditional_ml_results_all!$B:$B, $A11, traditional_ml_results_all!$C:$C, $B11, traditional_ml_results_all!$D:$D, $C11, traditional_ml_results_all!$E:$E, $D11, traditional_ml_results_all!$F:$F, $E11 ) -> 0.59793148 | P11: ==AVERAGEIFS( traditional_ml_results_all!R:R, traditional_ml_results_all!$B:$B, $A11, traditional_ml_results_all!$C:$C, $B11, traditional_ml_results_all!$D:$D, $C11, traditional_ml_results_all!$E:$E, $D11, traditional_ml_results_all!$F:$F, $E11 ) -> 0.40393925 | Q11: ==AVERAGEIFS( traditional_ml_results_all!S:S, traditional_ml_results_all!$B:$B, $A11, traditional_ml_results_all!$C:$C, $B11, traditional_ml_results_all!$D:$D, $C11, traditional_ml_results_all!$E:$E, $D11, traditional_ml_results_all!$F:$F, $E11 ) -> 0.21222497 | R11: ==AVERAGEIFS( traditional_ml_results_all!T:T, traditional_ml_results_all!$B:$B, $A11, traditional_ml_results_all!$C:$C, $B11, traditional_ml_results_all!$D:$D, $C11, traditional_ml_results_all!$E:$E, $D11, traditional_ml_results_all!$F:$F, $E11 ) -> 0.1484375 | S11: ==AVERAGEIFS( traditional_ml_results_all!U:U, traditional_ml_results_all!$B:$B, $A11, traditional_ml_results_all!$C:$C, $B11, traditional_ml_results_all!$D:$D, $C11, traditional_ml_results_all!$E:$E, $D11, traditional_ml_results_all!$F:$F, $E11 ) -> #DIV/0! | T11: ==AVERAGEIFS( traditional_ml_results_all!V:V, traditional_ml_results_all!$B:$B, $A11, traditional_ml_results_all!$C:$C, $B11, traditional_ml_results_all!$D:$D, $C11, traditional_ml_results_all!$E:$E, $D11, traditional_ml_results_all!$F:$F, $E11 ) -> 963.5 | U11: ==AVERAGEIFS( traditional_ml_results_all!W:W, traditional_ml_results_all!$B:$B, $A11, traditional_ml_results_all!$C:$C, $B11, traditional_ml_results_all!$D:$D, $C11, traditional_ml_results_all!$E:$E, $D11, traditional_ml_results_all!$F:$F, $E11 ) -> 2.4708835
A12: arcan | B12: combined | C12: sbert_tfidf_weighted | D12: class_weight | E12: feedforward_nn | F12: ==AVERAGEIFS( traditional_ml_results_all!H:H, traditional_ml_results_all!$B:$B, $A12, traditional_ml_results_all!$C:$C, $B12, traditional_ml_results_all!$D:$D, $C12, traditional_ml_results_all!$E:$E, $D12, traditional_ml_results_all!$F:$F, $E12 ) -> 0.75945378 | G12: ==AVERAGEIFS( traditional_ml_results_all!I:I, traditional_ml_results_all!$B:$B, $A12, traditional_ml_results_all!$C:$C, $B12, traditional_ml_results_all!$D:$D, $C12, traditional_ml_results_all!$E:$E, $D12, traditional_ml_results_all!$F:$F, $E12 ) -> 0.70771757 | H12: ==AVERAGEIFS( traditional_ml_results_all!J:J, traditional_ml_results_all!$B:$B, $A12, traditional_ml_results_all!$C:$C, $B12, traditional_ml_results_all!$D:$D, $C12, traditional_ml_results_all!$E:$E, $D12, traditional_ml_results_all!$F:$F, $E12 ) -> 0.67979798 | I12: ==AVERAGEIFS( traditional_ml_results_all!K:K, traditional_ml_results_all!$B:$B, $A12, traditional_ml_results_all!$C:$C, $B12, traditional_ml_results_all!$D:$D, $C12, traditional_ml_results_all!$E:$E, $D12, traditional_ml_results_all!$F:$F, $E12 ) -> 0.69346998 | J12: ==AVERAGEIFS( traditional_ml_results_all!L:L, traditional_ml_results_all!$B:$B, $A12, traditional_ml_results_all!$C:$C, $B12, traditional_ml_results_all!$D:$D, $C12, traditional_ml_results_all!$E:$E, $D12, traditional_ml_results_all!$F:$F, $E12 ) -> 0.68532223 | K12: ==AVERAGEIFS( traditional_ml_results_all!M:M, traditional_ml_results_all!$B:$B, $A12, traditional_ml_results_all!$C:$C, $B12, traditional_ml_results_all!$D:$D, $C12, traditional_ml_results_all!$E:$E, $D12, traditional_ml_results_all!$F:$F, $E12 ) -> 0.035120433 | L12: ==AVERAGEIFS( traditional_ml_results_all!N:N, traditional_ml_results_all!$B:$B, $A12, traditional_ml_results_all!$C:$C, $B12, traditional_ml_results_all!$D:$D, $C12, traditional_ml_results_all!$E:$E, $D12, traditional_ml_results_all!$F:$F, $E12 ) -> 0.56564085 | M12: ==AVERAGEIFS( traditional_ml_results_all!O:O, traditional_ml_results_all!$B:$B, $A12, traditional_ml_results_all!$C:$C, $B12, traditional_ml_results_all!$D:$D, $C12, traditional_ml_results_all!$E:$E, $D12, traditional_ml_results_all!$F:$F, $E12 ) -> 0.073881253 | N12: ==AVERAGEIFS( traditional_ml_results_all!P:P, traditional_ml_results_all!$B:$B, $A12, traditional_ml_results_all!$C:$C, $B12, traditional_ml_results_all!$D:$D, $C12, traditional_ml_results_all!$E:$E, $D12, traditional_ml_results_all!$F:$F, $E12 ) -> 0.48124501 | O12: ==AVERAGEIFS( traditional_ml_results_all!Q:Q, traditional_ml_results_all!$B:$B, $A12, traditional_ml_results_all!$C:$C, $B12, traditional_ml_results_all!$D:$D, $C12, traditional_ml_results_all!$E:$E, $D12, traditional_ml_results_all!$F:$F, $E12 ) -> 0.59793148 | P12: ==AVERAGEIFS( traditional_ml_results_all!R:R, traditional_ml_results_all!$B:$B, $A12, traditional_ml_results_all!$C:$C, $B12, traditional_ml_results_all!$D:$D, $C12, traditional_ml_results_all!$E:$E, $D12, traditional_ml_results_all!$F:$F, $E12 ) -> 0.40393925 | Q12: ==AVERAGEIFS( traditional_ml_results_all!S:S, traditional_ml_results_all!$B:$B, $A12, traditional_ml_results_all!$C:$C, $B12, traditional_ml_results_all!$D:$D, $C12, traditional_ml_results_all!$E:$E, $D12, traditional_ml_results_all!$F:$F, $E12 ) -> 0.21222497 | R12: ==AVERAGEIFS( traditional_ml_results_all!T:T, traditional_ml_results_all!$B:$B, $A12, traditional_ml_results_all!$C:$C, $B12, traditional_ml_results_all!$D:$D, $C12, traditional_ml_results_all!$E:$E, $D12, traditional_ml_results_all!$F:$F, $E12 ) -> 0.1484375 | S12: ==AVERAGEIFS( traditional_ml_results_all!U:U, traditional_ml_results_all!$B:$B, $A12, traditional_ml_results_all!$C:$C, $B12, traditional_ml_results_all!$D:$D, $C12, traditional_ml_results_all!$E:$E, $D12, traditional_ml_results_all!$F:$F, $E12 ) -> #DIV/0! | T12: ==AVERAGEIFS( traditional_ml_results_all!V:V, traditional_ml_results_all!$B:$B, $A12, traditional_ml_results_all!$C:$C, $B12, traditional_ml_results_all!$D:$D, $C12, traditional_ml_results_all!$E:$E, $D12, traditional_ml_results_all!$F:$F, $E12 ) -> 963.5 | U12: ==AVERAGEIFS( traditional_ml_results_all!W:W, traditional_ml_results_all!$B:$B, $A12, traditional_ml_results_all!$C:$C, $B12, traditional_ml_results_all!$D:$D, $C12, traditional_ml_results_all!$E:$E, $D12, traditional_ml_results_all!$F:$F, $E12 ) -> 2.4685861
A13: arcan | B13: combined_unfiltered | C13: sbert_tfidf_weighted | D13: none | E13: feedforward_nn | F13: ==AVERAGEIFS( traditional_ml_results_all!H:H, traditional_ml_results_all!$B:$B, $A13, traditional_ml_results_all!$C:$C, $B13, traditional_ml_results_all!$D:$D, $C13, traditional_ml_results_all!$E:$E, $D13, traditional_ml_results_all!$F:$F, $E13 ) -> 0.75945378 | G13: ==AVERAGEIFS( traditional_ml_results_all!I:I, traditional_ml_results_all!$B:$B, $A13, traditional_ml_results_all!$C:$C, $B13, traditional_ml_results_all!$D:$D, $C13, traditional_ml_results_all!$E:$E, $D13, traditional_ml_results_all!$F:$F, $E13 ) -> 0.70771757 | H13: ==AVERAGEIFS( traditional_ml_results_all!J:J, traditional_ml_results_all!$B:$B, $A13, traditional_ml_results_all!$C:$C, $B13, traditional_ml_results_all!$D:$D, $C13, traditional_ml_results_all!$E:$E, $D13, traditional_ml_results_all!$F:$F, $E13 ) -> 0.67979798 | I13: ==AVERAGEIFS( traditional_ml_results_all!K:K, traditional_ml_results_all!$B:$B, $A13, traditional_ml_results_all!$C:$C, $B13, traditional_ml_results_all!$D:$D, $C13, traditional_ml_results_all!$E:$E, $D13, traditional_ml_results_all!$F:$F, $E13 ) -> 0.69346998 | J13: ==AVERAGEIFS( traditional_ml_results_all!L:L, traditional_ml_results_all!$B:$B, $A13, traditional_ml_results_all!$C:$C, $B13, traditional_ml_results_all!$D:$D, $C13, traditional_ml_results_all!$E:$E, $D13, traditional_ml_results_all!$F:$F, $E13 ) -> 0.68532223 | K13: ==AVERAGEIFS( traditional_ml_results_all!M:M, traditional_ml_results_all!$B:$B, $A13, traditional_ml_results_all!$C:$C, $B13, traditional_ml_results_all!$D:$D, $C13, traditional_ml_results_all!$E:$E, $D13, traditional_ml_results_all!$F:$F, $E13 ) -> 0.035120433 | L13: ==AVERAGEIFS( traditional_ml_results_all!N:N, traditional_ml_results_all!$B:$B, $A13, traditional_ml_results_all!$C:$C, $B13, traditional_ml_results_all!$D:$D, $C13, traditional_ml_results_all!$E:$E, $D13, traditional_ml_results_all!$F:$F, $E13 ) -> 0.56564085 | M13: ==AVERAGEIFS( traditional_ml_results_all!O:O, traditional_ml_results_all!$B:$B, $A13, traditional_ml_results_all!$C:$C, $B13, traditional_ml_results_all!$D:$D, $C13, traditional_ml_results_all!$E:$E, $D13, traditional_ml_results_all!$F:$F, $E13 ) -> 0.073881253 | N13: ==AVERAGEIFS( traditional_ml_results_all!P:P, traditional_ml_results_all!$B:$B, $A13, traditional_ml_results_all!$C:$C, $B13, traditional_ml_results_all!$D:$D, $C13, traditional_ml_results_all!$E:$E, $D13, traditional_ml_results_all!$F:$F, $E13 ) -> 0.48124501 | O13: ==AVERAGEIFS( traditional_ml_results_all!Q:Q, traditional_ml_results_all!$B:$B, $A13, traditional_ml_results_all!$C:$C, $B13, traditional_ml_results_all!$D:$D, $C13, traditional_ml_results_all!$E:$E, $D13, traditional_ml_results_all!$F:$F, $E13 ) -> 0.59793148 | P13: ==AVERAGEIFS( traditional_ml_results_all!R:R, traditional_ml_results_all!$B:$B, $A13, traditional_ml_results_all!$C:$C, $B13, traditional_ml_results_all!$D:$D, $C13, traditional_ml_results_all!$E:$E, $D13, traditional_ml_results_all!$F:$F, $E13 ) -> 0.40393925 | Q13: ==AVERAGEIFS( traditional_ml_results_all!S:S, traditional_ml_results_all!$B:$B, $A13, traditional_ml_results_all!$C:$C, $B13, traditional_ml_results_all!$D:$D, $C13, traditional_ml_results_all!$E:$E, $D13, traditional_ml_results_all!$F:$F, $E13 ) -> 0.21222497 | R13: ==AVERAGEIFS( traditional_ml_results_all!T:T, traditional_ml_results_all!$B:$B, $A13, traditional_ml_results_all!$C:$C, $B13, traditional_ml_results_all!$D:$D, $C13, traditional_ml_results_all!$E:$E, $D13, traditional_ml_results_all!$F:$F, $E13 ) -> 0.1484375 | S13: ==AVERAGEIFS( traditional_ml_results_all!U:U, traditional_ml_results_all!$B:$B, $A13, traditional_ml_results_all!$C:$C, $B13, traditional_ml_results_all!$D:$D, $C13, traditional_ml_results_all!$E:$E, $D13, traditional_ml_results_all!$F:$F, $E13 ) -> #DIV/0! | T13: ==AVERAGEIFS( traditional_ml_results_all!V:V, traditional_ml_results_all!$B:$B, $A13, traditional_ml_results_all!$C:$C, $B13, traditional_ml_results_all!$D:$D, $C13, traditional_ml_results_all!$E:$E, $D13, traditional_ml_results_all!$F:$F, $E13 ) -> 963.5 | U13: ==AVERAGEIFS( traditional_ml_results_all!W:W, traditional_ml_results_all!$B:$B, $A13, traditional_ml_results_all!$C:$C, $B13, traditional_ml_results_all!$D:$D, $C13, traditional_ml_results_all!$E:$E, $D13, traditional_ml_results_all!$F:$F, $E13 ) -> 2.4157153
... A307: arcan | B307: description | C307: sbert_tfidf_weighted | D307: none | E307: xgboost | F307: ==AVERAGEIFS( traditional_ml_results_all!H:H, traditional_ml_results_all!$B:$B, $A307, traditional_ml_results_all!$C:$C, $B307, traditional_ml_results_all!$D:$D, $C307, traditional_ml_results_all!$E:$E, $D307, traditional_ml_results_all!$F:$F, $E307 ) -> 0.70208468 | G307: ==AVERAGEIFS( traditional_ml_results_all!I:I, traditional_ml_results_all!$B:$B, $A307, traditional_ml_results_all!$C:$C, $B307, traditional_ml_results_all!$D:$D, $C307, traditional_ml_results_all!$E:$E, $D307, traditional_ml_results_all!$F:$F, $E307 ) -> 0.65864662 | H307: ==AVERAGEIFS( traditional_ml_results_all!J:J, traditional_ml_results_all!$B:$B, $A307, traditional_ml_results_all!$C:$C, $B307, traditional_ml_results_all!$D:$D, $C307, traditional_ml_results_all!$E:$E, $D307, traditional_ml_results_all!$F:$F, $E307 ) -> 0.53939394 | I307: ==AVERAGEIFS( traditional_ml_results_all!K:K, traditional_ml_results_all!$B:$B, $A307, traditional_ml_results_all!$C:$C, $B307, traditional_ml_results_all!$D:$D, $C307, traditional_ml_results_all!$E:$E, $D307, traditional_ml_results_all!$F:$F, $E307 ) -> 0.59268293 | J307: ==AVERAGEIFS( traditional_ml_results_all!L:L, traditional_ml_results_all!$B:$B, $A307, traditional_ml_results_all!$C:$C, $B307, traditional_ml_results_all!$D:$D, $C307, traditional_ml_results_all!$E:$E, $D307, traditional_ml_results_all!$F:$F, $E307 ) -> 0.6905542 | K307: ==AVERAGEIFS( traditional_ml_results_all!M:M, traditional_ml_results_all!$B:$B, $A307, traditional_ml_results_all!$C:$C, $B307, traditional_ml_results_all!$D:$D, $C307, traditional_ml_results_all!$E:$E, $D307, traditional_ml_results_all!$F:$F, $E307 ) -> 0.038729125 | L307: ==AVERAGEIFS( traditional_ml_results_all!N:N, traditional_ml_results_all!$B:$B, $A307, traditional_ml_results_all!$C:$C, $B307, traditional_ml_results_all!$D:$D, $C307, traditional_ml_results_all!$E:$E, $D307, traditional_ml_results_all!$F:$F, $E307 ) -> 0.58106208 | M307: ==AVERAGEIFS( traditional_ml_results_all!O:O, traditional_ml_results_all!$B:$B, $A307, traditional_ml_results_all!$C:$C, $B307, traditional_ml_results_all!$D:$D, $C307, traditional_ml_results_all!$E:$E, $D307, traditional_ml_results_all!$F:$F, $E307 ) -> 0.060917893 | N307: ==AVERAGEIFS( traditional_ml_results_all!P:P, traditional_ml_results_all!$B:$B, $A307, traditional_ml_results_all!$C:$C, $B307, traditional_ml_results_all!$D:$D, $C307, traditional_ml_results_all!$E:$E, $D307, traditional_ml_results_all!$F:$F, $E307 ) -> 0.48124501 | O307: ==AVERAGEIFS( traditional_ml_results_all!Q:Q, traditional_ml_results_all!$B:$B, $A307, traditional_ml_results_all!$C:$C, $B307, traditional_ml_results_all!$D:$D, $C307, traditional_ml_results_all!$E:$E, $D307, traditional_ml_results_all!$F:$F, $E307 ) -> 0.59793148 | P307: ==AVERAGEIFS( traditional_ml_results_all!R:R, traditional_ml_results_all!$B:$B, $A307, traditional_ml_results_all!$C:$C, $B307, traditional_ml_results_all!$D:$D, $C307, traditional_ml_results_all!$E:$E, $D307, traditional_ml_results_all!$F:$F, $E307 ) -> 0.40393925 | Q307: ==AVERAGEIFS( traditional_ml_results_all!S:S, traditional_ml_results_all!$B:$B, $A307, traditional_ml_results_all!$C:$C, $B307, traditional_ml_results_all!$D:$D, $C307, traditional_ml_results_all!$E:$E, $D307, traditional_ml_results_all!$F:$F, $E307 ) -> 0.11143791 | R307: ==AVERAGEIFS( traditional_ml_results_all!T:T, traditional_ml_results_all!$B:$B, $A307, traditional_ml_results_all!$C:$C, $B307, traditional_ml_results_all!$D:$D, $C307, traditional_ml_results_all!$E:$E, $D307, traditional_ml_results_all!$F:$F, $E307 ) -> 0.0390625 | S307: ==AVERAGEIFS( traditional_ml_results_all!U:U, traditional_ml_results_all!$B:$B, $A307, traditional_ml_results_all!$C:$C, $B307, traditional_ml_results_all!$D:$D, $C307, traditional_ml_results_all!$E:$E, $D307, traditional_ml_results_all!$F:$F, $E307 ) -> #DIV/0! | T307: ==AVERAGEIFS( traditional_ml_results_all!V:V, traditional_ml_results_all!$B:$B, $A307, traditional_ml_results_all!$C:$C, $B307, traditional_ml_results_all!$D:$D, $C307, traditional_ml_results_all!$E:$E, $D307, traditional_ml_results_all!$F:$F, $E307 ) -> 963.5 | U307: ==AVERAGEIFS( traditional_ml_results_all!W:W, traditional_ml_results_all!$B:$B, $A307, traditional_ml_results_all!$C:$C, $B307, traditional_ml_results_all!$D:$D, $C307, traditional_ml_results_all!$E:$E, $D307, traditional_ml_results_all!$F:$F, $E307 ) -> 43.214093

Sheet arcade
D1: inkscape | G1: stackgres | J1: shepard | M1: Avg
A2: Classifier | B2: Embedding | C2: Sampling | D2: Precision | E2: Recall | F2: F1 | G2: Precision | H2: Recall | I2: F1 | J2: Precision | K2: Recall | L2: F1 | M2: Precision | N2: Recall | O2: F1
A3: feedforward_nn | B3: sbert_tfidf_weighted | C3: random_undersample | D3: =SUMIFS(traditional_ml_results_all!I:I, traditional_ml_results_all!$F:$F, $A3, traditional_ml_results_all!$D:$D, $B3, traditional_ml_results_all!$E:$E, $C3, traditional_ml_results_all!$A:$A, $D$1, traditional_ml_results_all!$C:$C, "combined", traditional_ml_results_all!$B:$B, "acdc") -> 0.17821782 | E3: =SUMIFS(traditional_ml_results_all!J:J, traditional_ml_results_all!$F:$F, $A3, traditional_ml_results_all!$D:$D, $B3, traditional_ml_results_all!$E:$E, $C3, traditional_ml_results_all!$A:$A, $D$1, traditional_ml_results_all!$C:$C, "combined", traditional_ml_results_all!$B:$B, "acdc") -> 0.46153846 | F3: =SUMIFS(traditional_ml_results_all!K:K, traditional_ml_results_all!$F:$F, $A3, traditional_ml_results_all!$D:$D, $B3, traditional_ml_results_all!$E:$E, $C3, traditional_ml_results_all!$A:$A, $D$1, traditional_ml_results_all!$C:$C, "combined", traditional_ml_results_all!$B:$B, "acdc") -> 0.25714286 | G3: =SUMIFS(traditional_ml_results_all!I:I, traditional_ml_results_all!$F:$F, $A3, traditional_ml_results_all!$D:$D, $B3, traditional_ml_results_all!$E:$E, $C3, traditional_ml_results_all!$A:$A, $G$1, traditional_ml_results_all!$C:$C, "combined", traditional_ml_results_all!$B:$B, "acdc") -> 0.3 | H3: =SUMIFS(traditional_ml_results_all!J:J, traditional_ml_results_all!$F:$F, $A3, traditional_ml_results_all!$D:$D, $B3, traditional_ml_results_all!$E:$E, $C3, traditional_ml_results_all!$A:$A, $G$1, traditional_ml_results_all!$C:$C, "combined", traditional_ml_results_all!$B:$B, "acdc") -> 0.57446809 | I3: =SUMIFS(traditional_ml_results_all!K:K, traditional_ml_results_all!$F:$F, $A3, traditional_ml_results_all!$D:$D, $B3, traditional_ml_results_all!$E:$E, $C3, traditional_ml_results_all!$A:$A, $G$1, traditional_ml_results_all!$C:$C, "combined", traditional_ml_results_all!$B:$B, "acdc") -> 0.39416058 | J3: =SUMIFS(traditional_ml_results_all!I:I, traditional_ml_results_all!$F:$F, $A3, traditional_ml_results_all!$D:$D, $B3, traditional_ml_results_all!$E:$E, $C3, traditional_ml_results_all!$A:$A, $J$1, traditional_ml_results_all!$C:$C, "combined", traditional_ml_results_all!$B:$B, "acdc") -> 0.2 | K3: =SUMIFS(traditional_ml_results_all!J:J, traditional_ml_results_all!$F:$F, $A3, traditional_ml_results_all!$D:$D, $B3, traditional_ml_results_all!$E:$E, $C3, traditional_ml_results_all!$A:$A, $J$1, traditional_ml_results_all!$C:$C, "combined", traditional_ml_results_all!$B:$B, "acdc") -> 0.75 | L3: =SUMIFS(traditional_ml_results_all!K:K, traditional_ml_results_all!$F:$F, $A3, traditional_ml_results_all!$D:$D, $B3, traditional_ml_results_all!$E:$E, $C3, traditional_ml_results_all!$A:$A, $J$1, traditional_ml_results_all!$C:$C, "combined", traditional_ml_results_all!$B:$B, "acdc") -> 0.31578947 | M3: =AVERAGE(D3,G3,J3) -> 0.22607261 | N3: =AVERAGE(E3,H3,K3) -> 0.59533552 | O3: =AVERAGE(F3,I3,L3) -> 0.3223643 | P3: \\
A4: feedforward_nn | B4: sbert_avg | C4: random_undersample | D4: =SUMIFS(traditional_ml_results_all!I:I, traditional_ml_results_all!$F:$F, $A4, traditional_ml_results_all!$D:$D, $B4, traditional_ml_results_all!$E:$E, $C4, traditional_ml_results_all!$A:$A, $D$1, traditional_ml_results_all!$C:$C, "combined", traditional_ml_results_all!$B:$B, "acdc") -> 0.1637931 | E4: =SUMIFS(traditional_ml_results_all!J:J, traditional_ml_results_all!$F:$F, $A4, traditional_ml_results_all!$D:$D, $B4, traditional_ml_results_all!$E:$E, $C4, traditional_ml_results_all!$A:$A, $D$1, traditional_ml_results_all!$C:$C, "combined", traditional_ml_results_all!$B:$B, "acdc") -> 0.48717949 | F4: =SUMIFS(traditional_ml_results_all!K:K, traditional_ml_results_all!$F:$F, $A4, traditional_ml_results_all!$D:$D, $B4, traditional_ml_results_all!$E:$E, $C4, traditional_ml_results_all!$A:$A, $D$1, traditional_ml_results_all!$C:$C, "combined", traditional_ml_results_all!$B:$B, "acdc") -> 0.24516129 | G4: =SUMIFS(traditional_ml_results_all!I:I, traditional_ml_results_all!$F:$F, $A4, traditional_ml_results_all!$D:$D, $B4, traditional_ml_results_all!$E:$E, $C4, traditional_ml_results_all!$A:$A, $G$1, traditional_ml_results_all!$C:$C, "combined", traditional_ml_results_all!$B:$B, "acdc") -> 0.29545455 | H4: =SUMIFS(traditional_ml_results_all!J:J, traditional_ml_results_all!$F:$F, $A4, traditional_ml_results_all!$D:$D, $B4, traditional_ml_results_all!$E:$E, $C4, traditional_ml_results_all!$A:$A, $G$1, traditional_ml_results_all!$C:$C, "combined", traditional_ml_results_all!$B:$B, "acdc") -> 0.55319149 | I4: =SUMIFS(traditional_ml_results_all!K:K, traditional_ml_results_all!$F:$F, $A4, traditional_ml_results_all!$D:$D, $B4, traditional_ml_results_all!$E:$E, $C4, traditional_ml_results_all!$A:$A, $G$1, traditional_ml_results_all!$C:$C, "combined", traditional_ml_results_all!$B:$B, "acdc") -> 0.38518519 | J4: =SUMIFS(traditional_ml_results_all!I:I, traditional_ml_results_all!$F:$F, $A4, traditional_ml_results_all!$D:$D, $B4, traditional_ml_results_all!$E:$E, $C4, traditional_ml_results_all!$A:$A, $J$1, traditional_ml_results_all!$C:$C, "combined", traditional_ml_results_all!$B:$B, "acdc") -> 0.20689655 | K4: =SUMIFS(traditional_ml_results_all!J:J, traditional_ml_results_all!$F:$F, $A4, traditional_ml_results_all!$D:$D, $B4, traditional_ml_results_all!$E:$E, $C4, traditional_ml_results_all!$A:$A, $J$1, traditional_ml_results_all!$C:$C, "combined", traditional_ml_results_all!$B:$B, "acdc") -> 0.75 | L4: =SUMIFS(traditional_ml_results_all!K:K, traditional_ml_results_all!$F:$F, $A4, traditional_ml_results_all!$D:$D, $B4, traditional_ml_results_all!$E:$E, $C4, traditional_ml_results_all!$A:$A, $J$1, traditional_ml_results_all!$C:$C, "combined", traditional_ml_results_all!$B:$B, "acdc") -> 0.32432432 | M4: =AVERAGE(D4,G4,J4) -> 0.22204807 | N4: =AVERAGE(E4,H4,K4) -> 0.59679033 | O4: =AVERAGE(F4,I4,L4) -> 0.3182236 | P4: \\
A5: knn | B5: openai | C5: random_undersample | D5: =SUMIFS(traditional_ml_results_all!I:I, traditional_ml_results_all!$F:$F, $A5, traditional_ml_results_all!$D:$D, $B5, traditional_ml_results_all!$E:$E, $C5, traditional_ml_results_all!$A:$A, $D$1, traditional_ml_results_all!$C:$C, "combined", traditional_ml_results_all!$B:$B, "acdc") -> 0.16393443 | E5: =SUMIFS(traditional_ml_results_all!J:J, traditional_ml_results_all!$F:$F, $A5, traditional_ml_results_all!$D:$D, $B5, traditional_ml_results_all!$E:$E, $C5, traditional_ml_results_all!$A:$A, $D$1, traditional_ml_results_all!$C:$C, "combined", traditional_ml_results_all!$B:$B, "acdc") -> 0.76923077 | F5: =SUMIFS(traditional_ml_results_all!K:K, traditional_ml_results_all!$F:$F, $A5, traditional_ml_results_all!$D:$D, $B5, traditional_ml_results_all!$E:$E, $C5, traditional_ml_results_all!$A:$A, $D$1, traditional_ml_results_all!$C:$C, "combined", traditional_ml_results_all!$B:$B, "acdc") -> 0.27027027 | G5: =SUMIFS(traditional_ml_results_all!I:I, traditional_ml_results_all!$F:$F, $A5, traditional_ml_results_all!$D:$D, $B5, traditional_ml_results_all!$E:$E, $C5, traditional_ml_results_all!$A:$A, $G$1, traditional_ml_results_all!$C:$C, "combined", traditional_ml_results_all!$B:$B, "acdc") -> 0.30526316 | H5: =SUMIFS(traditional_ml_results_all!J:J, traditional_ml_results_all!$F:$F, $A5, traditional_ml_results_all!$D:$D, $B5, traditional_ml_results_all!$E:$E, $C5, traditional_ml_results_all!$A:$A, $G$1, traditional_ml_results_all!$C:$C, "combined", traditional_ml_results_all!$B:$B, "acdc") -> 0.61702128 | I5: =SUMIFS(traditional_ml_results_all!K:K, traditional_ml_results_all!$F:$F, $A5, traditional_ml_results_all!$D:$D, $B5, traditional_ml_results_all!$E:$E, $C5, traditional_ml_results_all!$A:$A, $G$1, traditional_ml_results_all!$C:$C, "combined", traditional_ml_results_all!$B:$B, "acdc") -> 0.4084507 | J5: =SUMIFS(traditional_ml_results_all!I:I, traditional_ml_results_all!$F:$F, $A5, traditional_ml_results_all!$D:$D, $B5, traditional_ml_results_all!$E:$E, $C5, traditional_ml_results_all!$A:$A, $J$1, traditional_ml_results_all!$C:$C, "combined", traditional_ml_results_all!$B:$B, "acdc") -> 0.18918919 | K5: =SUMIFS(traditional_ml_results_all!J:J, traditional_ml_results_all!$F:$F, $A5, traditional_ml_results_all!$D:$D, $B5, traditional_ml_results_all!$E:$E, $C5, traditional_ml_results_all!$A:$A, $J$1, traditional_ml_results_all!$C:$C, "combined", traditional_ml_results_all!$B:$B, "acdc") -> 0.875 | L5: =SUMIFS(traditional_ml_results_all!K:K, traditional_ml_results_all!$F:$F, $A5, traditional_ml_results_all!$D:$D, $B5, traditional_ml_results_all!$E:$E, $C5, traditional_ml_results_all!$A:$A, $J$1, traditional_ml_results_all!$C:$C, "combined", traditional_ml_results_all!$B:$B, "acdc") -> 0.31111111 | M5: =AVERAGE(D5,G5,J5) -> 0.21946226 | N5: =AVERAGE(E5,H5,K5) -> 0.75375068 | O5: =AVERAGE(F5,I5,L5) -> 0.32994403 | P5: \\
A6: knn | B6: sbert_max | C6: random_undersample | D6: =SUMIFS(traditional_ml_results_all!I:I, traditional_ml_results_all!$F:$F, $A6, traditional_ml_results_all!$D:$D, $B6, traditional_ml_results_all!$E:$E, $C6, traditional_ml_results_all!$A:$A, $D$1, traditional_ml_results_all!$C:$C, "combined", traditional_ml_results_all!$B:$B, "acdc") -> 0.15675676 | E6: =SUMIFS(traditional_ml_results_all!J:J, traditional_ml_results_all!$F:$F, $A6, traditional_ml_results_all!$D:$D, $B6, traditional_ml_results_all!$E:$E, $C6, traditional_ml_results_all!$A:$A, $D$1, traditional_ml_results_all!$C:$C, "combined", traditional_ml_results_all!$B:$B, "acdc") -> 0.74358974 | F6: =SUMIFS(traditional_ml_results_all!K:K, traditional_ml_results_all!$F:$F, $A6, traditional_ml_results_all!$D:$D, $B6, traditional_ml_results_all!$E:$E, $C6, traditional_ml_results_all!$A:$A, $D$1, traditional_ml_results_all!$C:$C, "combined", traditional_ml_results_all!$B:$B, "acdc") -> 0.25892857 | G6: =SUMIFS(traditional_ml_results_all!I:I, traditional_ml_results_all!$F:$F, $A6, traditional_ml_results_all!$D:$D, $B6, traditional_ml_results_all!$E:$E, $C6, traditional_ml_results_all!$A:$A, $G$1, traditional_ml_results_all!$C:$C, "combined", traditional_ml_results_all!$B:$B, "acdc") -> 0.25773196 | H6: =SUMIFS(traditional_ml_results_all!J:J, traditional_ml_results_all!$F:$F, $A6, traditional_ml_results_all!$D:$D, $B6, traditional_ml_results_all!$E:$E, $C6, traditional_ml_results_all!$A:$A, $G$1, traditional_ml_results_all!$C:$C, "combined", traditional_ml_results_all!$B:$B, "acdc") -> 0.53191489 | I6: =SUMIFS(traditional_ml_results_all!K:K, traditional_ml_results_all!$F:$F, $A6, traditional_ml_results_all!$D:$D, $B6, traditional_ml_results_all!$E:$E, $C6, traditional_ml_results_all!$A:$A, $G$1, traditional_ml_results_all!$C:$C, "combined", traditional_ml_results_all!$B:$B, "acdc") -> 0.34722222 | J6: =SUMIFS(traditional_ml_results_all!I:I, traditional_ml_results_all!$F:$F, $A6, traditional_ml_results_all!$D:$D, $B6, traditional_ml_results_all!$E:$E, $C6, traditional_ml_results_all!$A:$A, $J$1, traditional_ml_results_all!$C:$C, "combined", traditional_ml_results_all!$B:$B, "acdc") -> 0.22580645 | K6: =SUMIFS(traditional_ml_results_all!J:J, traditional_ml_results_all!$F:$F, $A6, traditional_ml_results_all!$D:$D, $B6, traditional_ml_results_all!$E:$E, $C6, traditional_ml_results_all!$A:$A, $J$1, traditional_ml_results_all!$C:$C, "combined", traditional_ml_results_all!$B:$B, "acdc") -> 0.875 | L6: =SUMIFS(traditional_ml_results_all!K:K, traditional_ml_results_all!$F:$F, $A6, traditional_ml_results_all!$D:$D, $B6, traditional_ml_results_all!$E:$E, $C6, traditional_ml_results_all!$A:$A, $J$1, traditional_ml_results_all!$C:$C, "combined", traditional_ml_results_all!$B:$B, "acdc") -> 0.35897436 | M6: =AVERAGE(D6,G6,J6) -> 0.21343172 | N6: =AVERAGE(E6,H6,K6) -> 0.71683488 | O6: =AVERAGE(F6,I6,L6) -> 0.32170838 | P6: \\
A7: logistic_regression | B7: sbert_max | C7: random_undersample | D7: =SUMIFS(traditional_ml_results_all!I:I, traditional_ml_results_all!$F:$F, $A7, traditional_ml_results_all!$D:$D, $B7, traditional_ml_results_all!$E:$E, $C7, traditional_ml_results_all!$A:$A, $D$1, traditional_ml_results_all!$C:$C, "combined", traditional_ml_results_all!$B:$B, "acdc") -> 0.15882353 | E7: =SUMIFS(traditional_ml_results_all!J:J, traditional_ml_results_all!$F:$F, $A7, traditional_ml_results_all!$D:$D, $B7, traditional_ml_results_all!$E:$E, $C7, traditional_ml_results_all!$A:$A, $D$1, traditional_ml_results_all!$C:$C, "combined", traditional_ml_results_all!$B:$B, "acdc") -> 0.69230769 | F7: =SUMIFS(traditional_ml_results_all!K:K, traditional_ml_results_all!$F:$F, $A7, traditional_ml_results_all!$D:$D, $B7, traditional_ml_results_all!$E:$E, $C7, traditional_ml_results_all!$A:$A, $D$1, traditional_ml_results_all!$C:$C, "combined", traditional_ml_results_all!$B:$B, "acdc") -> 0.25837321 | G7: =SUMIFS(traditional_ml_results_all!I:I, traditional_ml_results_all!$F:$F, $A7, traditional_ml_results_all!$D:$D, $B7, traditional_ml_results_all!$E:$E, $C7, traditional_ml_results_all!$A:$A, $G$1, traditional_ml_results_all!$C:$C, "combined", traditional_ml_results_all!$B:$B, "acdc") -> 0.31 | H7: =SUMIFS(traditional_ml_results_all!J:J, traditional_ml_results_all!$F:$F, $A7, traditional_ml_results_all!$D:$D, $B7, traditional_ml_results_all!$E:$E, $C7, traditional_ml_results_all!$A:$A, $G$1, traditional_ml_results_all!$C:$C, "combined", traditional_ml_results_all!$B:$B, "acdc") -> 0.65957447 | I7: =SUMIFS(traditional_ml_results_all!K:K, traditional_ml_results_all!$F:$F, $A7, traditional_ml_results_all!$D:$D, $B7, traditional_ml_results_all!$E:$E, $C7, traditional_ml_results_all!$A:$A, $G$1, traditional_ml_results_all!$C:$C, "combined", traditional_ml_results_all!$B:$B, "acdc") -> 0.42176871 | J7: =SUMIFS(traditional_ml_results_all!I:I, traditional_ml_results_all!$F:$F, $A7, traditional_ml_results_all!$D:$D, $B7, traditional_ml_results_all!$E:$E, $C7, traditional_ml_results_all!$A:$A, $J$1, traditional_ml_results_all!$C:$C, "combined", traditional_ml_results_all!$B:$B, "acdc") -> 0.22727273 | K7: =SUMIFS(traditional_ml_results_all!J:J, traditional_ml_results_all!$F:$F, $A7, traditional_ml_results_all!$D:$D, $B7, traditional_ml_results_all!$E:$E, $C7, traditional_ml_results_all!$A:$A, $J$1, traditional_ml_results_all!$C:$C, "combined", traditional_ml_results_all!$B:$B, "acdc") -> 0.625 | L7: =SUMIFS(traditional_ml_results_all!K:K, traditional_ml_results_all!$F:$F, $A7, traditional_ml_results_all!$D:$D, $B7, traditional_ml_results_all!$E:$E, $C7, traditional_ml_results_all!$A:$A, $J$1, traditional_ml_results_all!$C:$C, "combined", traditional_ml_results_all!$B:$B, "acdc") -> 0.33333333 | M7: =AVERAGE(D7,G7,J7) -> 0.23203209 | N7: =AVERAGE(E7,H7,K7) -> 0.65896072 | O7: =AVERAGE(F7,I7,L7) -> 0.33782508 | P7: \\
A8: logistic_regression | B8: openai | C8: random_undersample | D8: =SUMIFS(traditional_ml_results_all!I:I, traditional_ml_results_all!$F:$F, $A8, traditional_ml_results_all!$D:$D, $B8, traditional_ml_results_all!$E:$E, $C8, traditional_ml_results_all!$A:$A, $D$1, traditional_ml_results_all!$C:$C, "combined", traditional_ml_results_all!$B:$B, "acdc") -> 0.17857143 | E8: =SUMIFS(traditional_ml_results_all!J:J, traditional_ml_results_all!$F:$F, $A8, traditional_ml_results_all!$D:$D, $B8, traditional_ml_results_all!$E:$E, $C8, traditional_ml_results_all!$A:$A, $D$1, traditional_ml_results_all!$C:$C, "combined", traditional_ml_results_all!$B:$B, "acdc") -> 0.76923077 | F8: =SUMIFS(traditional_ml_results_all!K:K, traditional_ml_results_all!$F:$F, $A8, traditional_ml_results_all!$D:$D, $B8, traditional_ml_results_all!$E:$E, $C8, traditional_ml_results_all!$A:$A, $D$1, traditional_ml_results_all!$C:$C, "combined", traditional_ml_results_all!$B:$B, "acdc") -> 0.28985507 | G8: =SUMIFS(traditional_ml_results_all!I:I, traditional_ml_results_all!$F:$F, $A8, traditional_ml_results_all!$D:$D, $B8, traditional_ml_results_all!$E:$E, $C8, traditional_ml_results_all!$A:$A, $G$1, traditional_ml_results_all!$C:$C, "combined", traditional_ml_results_all!$B:$B, "acdc") -> 0.29357798 | H8: =SUMIFS(traditional_ml_results_all!J:J, traditional_ml_results_all!$F:$F, $A8, traditional_ml_results_all!$D:$D, $B8, traditional_ml_results_all!$E:$E, $C8, traditional_ml_results_all!$A:$A, $G$1, traditional_ml_results_all!$C:$C, "combined", traditional_ml_results_all!$B:$B, "acdc") -> 0.68085106 | I8: =SUMIFS(traditional_ml_results_all!K:K, traditional_ml_results_all!$F:$F, $A8, traditional_ml_results_all!$D:$D, $B8, traditional_ml_results_all!$E:$E, $C8, traditional_ml_results_all!$A:$A, $G$1, traditional_ml_results_all!$C:$C, "combined", traditional_ml_results_all!$B:$B, "acdc") -> 0.41025641 | J8: =SUMIFS(traditional_ml_results_all!I:I, traditional_ml_results_all!$F:$F, $A8, traditional_ml_results_all!$D:$D, $B8, traditional_ml_results_all!$E:$E, $C8, traditional_ml_results_all!$A:$A, $J$1, traditional_ml_results_all!$C:$C, "combined", traditional_ml_results_all!$B:$B, "acdc") -> 0.19047619 | K8: =SUMIFS(traditional_ml_results_all!J:J, traditional_ml_results_all!$F:$F, $A8, traditional_ml_results_all!$D:$D, $B8, traditional_ml_results_all!$E:$E, $C8, traditional_ml_results_all!$A:$A, $J$1, traditional_ml_results_all!$C:$C, "combined", traditional_ml_results_all!$B:$B, "acdc") -> 0.5 | L8: =SUMIFS(traditional_ml_results_all!K:K, traditional_ml_results_all!$F:$F, $A8, traditional_ml_results_all!$D:$D, $B8, traditional_ml_results_all!$E:$E, $C8, traditional_ml_results_all!$A:$A, $J$1, traditional_ml_results_all!$C:$C, "combined", traditional_ml_results_all!$B:$B, "acdc") -> 0.27586207 | M8: =AVERAGE(D8,G8,J8) -> 0.2208752 | N8: =AVERAGE(E8,H8,K8) -> 0.65002728 | O8: =AVERAGE(F8,I8,L8) -> 0.32532452 | P8: \\
A9: naive_bayes | B9: tfidf | C9: random_undersample | D9: =SUMIFS(traditional_ml_results_all!I:I, traditional_ml_results_all!$F:$F, $A9, traditional_ml_results_all!$D:$D, $B9, traditional_ml_results_all!$E:$E, $C9, traditional_ml_results_all!$A:$A, $D$1, traditional_ml_results_all!$C:$C, "combined", traditional_ml_results_all!$B:$B, "acdc") -> 0.15420561 | E9: =SUMIFS(traditional_ml_results_all!J:J, traditional_ml_results_all!$F:$F, $A9, traditional_ml_results_all!$D:$D, $B9, traditional_ml_results_all!$E:$E, $C9, traditional_ml_results_all!$A:$A, $D$1, traditional_ml_results_all!$C:$C, "combined", traditional_ml_results_all!$B:$B, "acdc") -> 0.84615385 | F9: =SUMIFS(traditional_ml_results_all!K:K, traditional_ml_results_all!$F:$F, $A9, traditional_ml_results_all!$D:$D, $B9, traditional_ml_results_all!$E:$E, $C9, traditional_ml_results_all!$A:$A, $D$1, traditional_ml_results_all!$C:$C, "combined", traditional_ml_results_all!$B:$B, "acdc") -> 0.26086957 | G9: =SUMIFS(traditional_ml_results_all!I:I, traditional_ml_results_all!$F:$F, $A9, traditional_ml_results_all!$D:$D, $B9, traditional_ml_results_all!$E:$E, $C9, traditional_ml_results_all!$A:$A, $G$1, traditional_ml_results_all!$C:$C, "combined", traditional_ml_results_all!$B:$B, "acdc") -> 0.33057851 | H9: =SUMIFS(traditional_ml_results_all!J:J, traditional_ml_results_all!$F:$F, $A9, traditional_ml_results_all!$D:$D, $B9, traditional_ml_results_all!$E:$E, $C9, traditional_ml_results_all!$A:$A, $G$1, traditional_ml_results_all!$C:$C, "combined", traditional_ml_results_all!$B:$B, "acdc") -> 0.85106383 | I9: =SUMIFS(traditional_ml_results_all!K:K, traditional_ml_results_all!$F:$F, $A9, traditional_ml_results_all!$D:$D, $B9, traditional_ml_results_all!$E:$E, $C9, traditional_ml_results_all!$A:$A, $G$1, traditional_ml_results_all!$C:$C, "combined", traditional_ml_results_all!$B:$B, "acdc") -> 0.47619048 | J9: =SUMIFS(traditional_ml_results_all!I:I, traditional_ml_results_all!$F:$F, $A9, traditional_ml_results_all!$D:$D, $B9, traditional_ml_results_all!$E:$E, $C9, traditional_ml_results_all!$A:$A, $J$1, traditional_ml_results_all!$C:$C, "combined", traditional_ml_results_all!$B:$B, "acdc") -> 0.2 | K9: =SUMIFS(traditional_ml_results_all!J:J, traditional_ml_results_all!$F:$F, $A9, traditional_ml_results_all!$D:$D, $B9, traditional_ml_results_all!$E:$E, $C9, traditional_ml_results_all!$A:$A, $J$1, traditional_ml_results_all!$C:$C, "combined", traditional_ml_results_all!$B:$B, "acdc") -> 0.625 | L9: =SUMIFS(traditional_ml_results_all!K:K, traditional_ml_results_all!$F:$F, $A9, traditional_ml_results_all!$D:$D, $B9, traditional_ml_results_all!$E:$E, $C9, traditional_ml_results_all!$A:$A, $J$1, traditional_ml_results_all!$C:$C, "combined", traditional_ml_results_all!$B:$B, "acdc") -> 0.3030303 | M9: =AVERAGE(D9,G9,J9) -> 0.22826137 | N9: =AVERAGE(E9,H9,K9) -> 0.77407256 | O9: =AVERAGE(F9,I9,L9) -> 0.34669678 | P9: \\
A10: naive_bayes | B10: sbert_avg | C10: random_undersample | D10: =SUMIFS(traditional_ml_results_all!I:I, traditional_ml_results_all!$F:$F, $A10, traditional_ml_results_all!$D:$D, $B10, traditional_ml_results_all!$E:$E, $C10, traditional_ml_results_all!$A:$A, $D$1, traditional_ml_results_all!$C:$C, "combined", traditional_ml_results_all!$B:$B, "acdc") -> 0.16969697 | E10: =SUMIFS(traditional_ml_results_all!J:J, traditional_ml_results_all!$F:$F, $A10, traditional_ml_results_all!$D:$D, $B10, traditional_ml_results_all!$E:$E, $C10, traditional_ml_results_all!$A:$A, $D$1, traditional_ml_results_all!$C:$C, "combined", traditional_ml_results_all!$B:$B, "acdc") -> 0.71794872 | F10: =SUMIFS(traditional_ml_results_all!K:K, traditional_ml_results_all!$F:$F, $A10, traditional_ml_results_all!$D:$D, $B10, traditional_ml_results_all!$E:$E, $C10, traditional_ml_results_all!$A:$A, $D$1, traditional_ml_results_all!$C:$C, "combined", traditional_ml_results_all!$B:$B, "acdc") -> 0.2745098 | G10: =SUMIFS(traditional_ml_results_all!I:I, traditional_ml_results_all!$F:$F, $A10, traditional_ml_results_all!$D:$D, $B10, traditional_ml_results_all!$E:$E, $C10, traditional_ml_results_all!$A:$A, $G$1, traditional_ml_results_all!$C:$C, "combined", traditional_ml_results_all!$B:$B, "acdc") -> 0.30392157 | H10: =SUMIFS(traditional_ml_results_all!J:J, traditional_ml_results_all!$F:$F, $A10, traditional_ml_results_all!$D:$D, $B10, traditional_ml_results_all!$E:$E, $C10, traditional_ml_results_all!$A:$A, $G$1, traditional_ml_results_all!$C:$C, "combined", traditional_ml_results_all!$B:$B, "acdc") -> 0.65957447 | I10: =SUMIFS(traditional_ml_results_all!K:K, traditional_ml_results_all!$F:$F, $A10, traditional_ml_results_all!$D:$D, $B10, traditional_ml_results_all!$E:$E, $C10, traditional_ml_results_all!$A:$A, $G$1, traditional_ml_results_all!$C:$C, "combined", traditional_ml_results_all!$B:$B, "acdc") -> 0.41610738 | J10: =SUMIFS(traditional_ml_results_all!I:I, traditional_ml_results_all!$F:$F, $A10, traditional_ml_results_all!$D:$D, $B10, traditional_ml_results_all!$E:$E, $C10, traditional_ml_results_all!$A:$A, $J$1, traditional_ml_results_all!$C:$C, "combined", traditional_ml_results_all!$B:$B, "acdc") -> 0.26666667 | K10: =SUMIFS(traditional_ml_results_all!J:J, traditional_ml_results_all!$F:$F, $A10, traditional_ml_results_all!$D:$D, $B10, traditional_ml_results_all!$E:$E, $C10, traditional_ml_results_all!$A:$A, $J$1, traditional_ml_results_all!$C:$C, "combined", traditional_ml_results_all!$B:$B, "acdc") -> 0.5 | L10: =SUMIFS(traditional_ml_results_all!K:K, traditional_ml_results_all!$F:$F, $A10, traditional_ml_results_all!$D:$D, $B10, traditional_ml_results_all!$E:$E, $C10, traditional_ml_results_all!$A:$A, $J$1, traditional_ml_results_all!$C:$C, "combined", traditional_ml_results_all!$B:$B, "acdc") -> 0.34782609 | M10: =AVERAGE(D10,G10,J10) -> 0.24676173 | N10: =AVERAGE(E10,H10,K10) -> 0.62584106 | O10: =AVERAGE(F10,I10,L10) -> 0.34614776 | P10: \\
A11: random_forest | B11: openai | C11: random_undersample | D11: =SUMIFS(traditional_ml_results_all!I:I, traditional_ml_results_all!$F:$F, $A11, traditional_ml_results_all!$D:$D, $B11, traditional_ml_results_all!$E:$E, $C11, traditional_ml_results_all!$A:$A, $D$1, traditional_ml_results_all!$C:$C, "combined", traditional_ml_results_all!$B:$B, "acdc") -> 0.17880795 | E11: =SUMIFS(traditional_ml_results_all!J:J, traditional_ml_results_all!$F:$F, $A11, traditional_ml_results_all!$D:$D, $B11, traditional_ml_results_all!$E:$E, $C11, traditional_ml_results_all!$A:$A, $D$1, traditional_ml_results_all!$C:$C, "combined", traditional_ml_results_all!$B:$B, "acdc") -> 0.69230769 | F11: =SUMIFS(traditional_ml_results_all!K:K, traditional_ml_results_all!$F:$F, $A11, traditional_ml_results_all!$D:$D, $B11, traditional_ml_results_all!$E:$E, $C11, traditional_ml_results_all!$A:$A, $D$1, traditional_ml_results_all!$C:$C, "combined", traditional_ml_results_all!$B:$B, "acdc") -> 0.28421053 | G11: =SUMIFS(traditional_ml_results_all!I:I, traditional_ml_results_all!$F:$F, $A11, traditional_ml_results_all!$D:$D, $B11, traditional_ml_results_all!$E:$E, $C11, traditional_ml_results_all!$A:$A, $G$1, traditional_ml_results_all!$C:$C, "combined", traditional_ml_results_all!$B:$B, "acdc") -> 0.33663366 | H11: =SUMIFS(traditional_ml_results_all!J:J, traditional_ml_results_all!$F:$F, $A11, traditional_ml_results_all!$D:$D, $B11, traditional_ml_results_all!$E:$E, $C11, traditional_ml_results_all!$A:$A, $G$1, traditional_ml_results_all!$C:$C, "combined", traditional_ml_results_all!$B:$B, "acdc") -> 0.72340426 | I11: =SUMIFS(traditional_ml_results_all!K:K, traditional_ml_results_all!$F:$F, $A11, traditional_ml_results_all!$D:$D, $B11, traditional_ml_results_all!$E:$E, $C11, traditional_ml_results_all!$A:$A, $G$1, traditional_ml_results_all!$C:$C, "combined", traditional_ml_results_all!$B:$B, "acdc") -> 0.45945946 | J11: =SUMIFS(traditional_ml_results_all!I:I, traditional_ml_results_all!$F:$F, $A11, traditional_ml_results_all!$D:$D, $B11, traditional_ml_results_all!$E:$E, $C11, traditional_ml_results_all!$A:$A, $J$1, traditional_ml_results_all!$C:$C, "combined", traditional_ml_results_all!$B:$B, "acdc") -> 0.23529412 | K11: =SUMIFS(traditional_ml_results_all!J:J, traditional_ml_results_all!$F:$F, $A11, traditional_ml_results_all!$D:$D, $B11, traditional_ml_results_all!$E:$E, $C11, traditional_ml_results_all!$A:$A, $J$1, traditional_ml_results_all!$C:$C, "combined", traditional_ml_results_all!$B:$B, "acdc") -> 0.5 | L11: =SUMIFS(traditional_ml_results_all!K:K, traditional_ml_results_all!$F:$F, $A11, traditional_ml_results_all!$D:$D, $B11, traditional_ml_results_all!$E:$E, $C11, traditional_ml_results_all!$A:$A, $J$1, traditional_ml_results_all!$C:$C, "combined", traditional_ml_results_all!$B:$B, "acdc") -> 0.32 | M11: =AVERAGE(D11,G11,J11) -> 0.25024524 | N11: =AVERAGE(E11,H11,K11) -> 0.63857065 | O11: =AVERAGE(F11,I11,L11) -> 0.35455666 | P11: \\
A12: random_forest | B12: sbert_avg | C12: random_undersample | D12: =SUMIFS(traditional_ml_results_all!I:I, traditional_ml_results_all!$F:$F, $A12, traditional_ml_results_all!$D:$D, $B12, traditional_ml_results_all!$E:$E, $C12, traditional_ml_results_all!$A:$A, $D$1, traditional_ml_results_all!$C:$C, "combined", traditional_ml_results_all!$B:$B, "acdc") -> 0.17283951 | E12: =SUMIFS(traditional_ml_results_all!J:J, traditional_ml_results_all!$F:$F, $A12, traditional_ml_results_all!$D:$D, $B12, traditional_ml_results_all!$E:$E, $C12, traditional_ml_results_all!$A:$A, $D$1, traditional_ml_results_all!$C:$C, "combined", traditional_ml_results_all!$B:$B, "acdc") -> 0.71794872 | F12: =SUMIFS(traditional_ml_results_all!K:K, traditional_ml_results_all!$F:$F, $A12, traditional_ml_results_all!$D:$D, $B12, traditional_ml_results_all!$E:$E, $C12, traditional_ml_results_all!$A:$A, $D$1, traditional_ml_results_all!$C:$C, "combined", traditional_ml_results_all!$B:$B, "acdc") -> 0.27860697 | G12: =SUMIFS(traditional_ml_results_all!I:I, traditional_ml_results_all!$F:$F, $A12, traditional_ml_results_all!$D:$D, $B12, traditional_ml_results_all!$E:$E, $C12, traditional_ml_results_all!$A:$A, $G$1, traditional_ml_results_all!$C:$C, "combined", traditional_ml_results_all!$B:$B, "acdc") -> 0.29896907 | H12: =SUMIFS(traditional_ml_results_all!J:J, traditional_ml_results_all!$F:$F, $A12, traditional_ml_results_all!$D:$D, $B12, traditional_ml_results_all!$E:$E, $C12, traditional_ml_results_all!$A:$A, $G$1, traditional_ml_results_all!$C:$C, "combined", traditional_ml_results_all!$B:$B, "acdc") -> 0.61702128 | I12: =SUMIFS(traditional_ml_results_all!K:K, traditional_ml_results_all!$F:$F, $A12, traditional_ml_results_all!$D:$D, $B12, traditional_ml_results_all!$E:$E, $C12, traditional_ml_results_all!$A:$A, $G$1, traditional_ml_results_all!$C:$C, "combined", traditional_ml_results_all!$B:$B, "acdc") -> 0.40277778 | J12: =SUMIFS(traditional_ml_results_all!I:I, traditional_ml_results_all!$F:$F, $A12, traditional_ml_results_all!$D:$D, $B12, traditional_ml_results_all!$E:$E, $C12, traditional_ml_results_all!$A:$A, $J$1, traditional_ml_results_all!$C:$C, "combined", traditional_ml_results_all!$B:$B, "acdc") -> 0.21052632 | K12: =SUMIFS(traditional_ml_results_all!J:J, traditional_ml_results_all!$F:$F, $A12, traditional_ml_results_all!$D:$D, $B12, traditional_ml_results_all!$E:$E, $C12, traditional_ml_results_all!$A:$A, $J$1, traditional_ml_results_all!$C:$C, "combined", traditional_ml_results_all!$B:$B, "acdc") -> 0.5 | L12: =SUMIFS(traditional_ml_results_all!K:K, traditional_ml_results_all!$F:$F, $A12, traditional_ml_results_all!$D:$D, $B12, traditional_ml_results_all!$E:$E, $C12, traditional_ml_results_all!$A:$A, $J$1, traditional_ml_results_all!$C:$C, "combined", traditional_ml_results_all!$B:$B, "acdc") -> 0.2962963 | M12: =AVERAGE(D12,G12,J12) -> 0.22744496 | N12: =AVERAGE(E12,H12,K12) -> 0.61165666 | O12: =AVERAGE(F12,I12,L12) -> 0.32589368 | P12: \\
A13: svm | B13: openai | C13: random_undersample | D13: =SUMIFS(traditional_ml_results_all!I:I, traditional_ml_results_all!$F:$F, $A13, traditional_ml_results_all!$D:$D, $B13, traditional_ml_results_all!$E:$E, $C13, traditional_ml_results_all!$A:$A, $D$1, traditional_ml_results_all!$C:$C, "combined", traditional_ml_results_all!$B:$B, "acdc") -> 0.20666667 | E13: =SUMIFS(traditional_ml_results_all!J:J, traditional_ml_results_all!$F:$F, $A13, traditional_ml_results_all!$D:$D, $B13, traditional_ml_results_all!$E:$E, $C13, traditional_ml_results_all!$A:$A, $D$1, traditional_ml_results_all!$C:$C, "combined", traditional_ml_results_all!$B:$B, "acdc") -> 0.79487179 | F13: =SUMIFS(traditional_ml_results_all!K:K, traditional_ml_results_all!$F:$F, $A13, traditional_ml_results_all!$D:$D, $B13, traditional_ml_results_all!$E:$E, $C13, traditional_ml_results_all!$A:$A, $D$1, traditional_ml_results_all!$C:$C, "combined", traditional_ml_results_all!$B:$B, "acdc") -> 0.32804233 | G13: =SUMIFS(traditional_ml_results_all!I:I, traditional_ml_results_all!$F:$F, $A13, traditional_ml_results_all!$D:$D, $B13, traditional_ml_results_all!$E:$E, $C13, traditional_ml_results_all!$A:$A, $G$1, traditional_ml_results_all!$C:$C, "combined", traditional_ml_results_all!$B:$B, "acdc") -> 0.32352941 | H13: =SUMIFS(traditional_ml_results_all!J:J, traditional_ml_results_all!$F:$F, $A13, traditional_ml_results_all!$D:$D, $B13, traditional_ml_results_all!$E:$E, $C13, traditional_ml_results_all!$A:$A, $G$1, traditional_ml_results_all!$C:$C, "combined", traditional_ml_results_all!$B:$B, "acdc") -> 0.70212766 | I13: =SUMIFS(traditional_ml_results_all!K:K, traditional_ml_results_all!$F:$F, $A13, traditional_ml_results_all!$D:$D, $B13, traditional_ml_results_all!$E:$E, $C13, traditional_ml_results_all!$A:$A, $G$1, traditional_ml_results_all!$C:$C, "combined", traditional_ml_results_all!$B:$B, "acdc") -> 0.44295302 | J13: =SUMIFS(traditional_ml_results_all!I:I, traditional_ml_results_all!$F:$F, $A13, traditional_ml_results_all!$D:$D, $B13, traditional_ml_results_all!$E:$E, $C13, traditional_ml_results_all!$A:$A, $J$1, traditional_ml_results_all!$C:$C, "combined", traditional_ml_results_all!$B:$B, "acdc") -> 0.23076923 | K13: =SUMIFS(traditional_ml_results_all!J:J, traditional_ml_results_all!$F:$F, $A13, traditional_ml_results_all!$D:$D, $B13, traditional_ml_results_all!$E:$E, $C13, traditional_ml_results_all!$A:$A, $J$1, traditional_ml_results_all!$C:$C, "combined", traditional_ml_results_all!$B:$B, "acdc") -> 0.375 | L13: =SUMIFS(traditional_ml_results_all!K:K, traditional_ml_results_all!$F:$F, $A13, traditional_ml_results_all!$D:$D, $B13, traditional_ml_results_all!$E:$E, $C13, traditional_ml_results_all!$A:$A, $J$1, traditional_ml_results_all!$C:$C, "combined", traditional_ml_results_all!$B:$B, "acdc") -> 0.28571429 | M13: =AVERAGE(D13,G13,J13) -> 0.2536551 | N13: =AVERAGE(E13,H13,K13) -> 0.62399982 | O13: =AVERAGE(F13,I13,L13) -> 0.35223654 | P13: \\
A14: svm | B14: sbert_max | C14: random_undersample | D14: =SUMIFS(traditional_ml_results_all!I:I, traditional_ml_results_all!$F:$F, $A14, traditional_ml_results_all!$D:$D, $B14, traditional_ml_results_all!$E:$E, $C14, traditional_ml_results_all!$A:$A, $D$1, traditional_ml_results_all!$C:$C, "combined", traditional_ml_results_all!$B:$B, "acdc") -> 0.16071429 | E14: =SUMIFS(traditional_ml_results_all!J:J, traditional_ml_results_all!$F:$F, $A14, traditional_ml_results_all!$D:$D, $B14, traditional_ml_results_all!$E:$E, $C14, traditional_ml_results_all!$A:$A, $D$1, traditional_ml_results_all!$C:$C, "combined", traditional_ml_results_all!$B:$B, "acdc") -> 0.69230769 | F14: =SUMIFS(traditional_ml_results_all!K:K, traditional_ml_results_all!$F:$F, $A14, traditional_ml_results_all!$D:$D, $B14, traditional_ml_results_all!$E:$E, $C14, traditional_ml_results_all!$A:$A, $D$1, traditional_ml_results_all!$C:$C, "combined", traditional_ml_results_all!$B:$B, "acdc") -> 0.26086957 | G14: =SUMIFS(traditional_ml_results_all!I:I, traditional_ml_results_all!$F:$F, $A14, traditional_ml_results_all!$D:$D, $B14, traditional_ml_results_all!$E:$E, $C14, traditional_ml_results_all!$A:$A, $G$1, traditional_ml_results_all!$C:$C, "combined", traditional_ml_results_all!$B:$B, "acdc") -> 0.28571429 | H14: =SUMIFS(traditional_ml_results_all!J:J, traditional_ml_results_all!$F:$F, $A14, traditional_ml_results_all!$D:$D, $B14, traditional_ml_results_all!$E:$E, $C14, traditional_ml_results_all!$A:$A, $G$1, traditional_ml_results_all!$C:$C, "combined", traditional_ml_results_all!$B:$B, "acdc") -> 0.63829787 | I14: =SUMIFS(traditional_ml_results_all!K:K, traditional_ml_results_all!$F:$F, $A14, traditional_ml_results_all!$D:$D, $B14, traditional_ml_results_all!$E:$E, $C14, traditional_ml_results_all!$A:$A, $G$1, traditional_ml_results_all!$C:$C, "combined", traditional_ml_results_all!$B:$B, "acdc") -> 0.39473684 | J14: =SUMIFS(traditional_ml_results_all!I:I, traditional_ml_results_all!$F:$F, $A14, traditional_ml_results_all!$D:$D, $B14, traditional_ml_results_all!$E:$E, $C14, traditional_ml_results_all!$A:$A, $J$1, traditional_ml_results_all!$C:$C, "combined", traditional_ml_results_all!$B:$B, "acdc") -> 0.23529412 | K14: =SUMIFS(traditional_ml_results_all!J:J, traditional_ml_results_all!$F:$F, $A14, traditional_ml_results_all!$D:$D, $B14, traditional_ml_results_all!$E:$E, $C14, traditional_ml_results_all!$A:$A, $J$1, traditional_ml_results_all!$C:$C, "combined", traditional_ml_results_all!$B:$B, "acdc") -> 0.5 | L14: =SUMIFS(traditional_ml_results_all!K:K, traditional_ml_results_all!$F:$F, $A14, traditional_ml_results_all!$D:$D, $B14, traditional_ml_results_all!$E:$E, $C14, traditional_ml_results_all!$A:$A, $J$1, traditional_ml_results_all!$C:$C, "combined", traditional_ml_results_all!$B:$B, "acdc") -> 0.32 | M14: =AVERAGE(D14,G14,J14) -> 0.2272409 | N14: =AVERAGE(E14,H14,K14) -> 0.61020185 | O14: =AVERAGE(F14,I14,L14) -> 0.32520214 | P14: \\
... A16: xgboost | B16: openai | C16: random_undersample | D16: =SUMIFS(traditional_ml_results_all!I:I, traditional_ml_results_all!$F:$F, $A16, traditional_ml_results_all!$D:$D, $B16, traditional_ml_results_all!$E:$E, $C16, traditional_ml_results_all!$A:$A, $D$1, traditional_ml_results_all!$C:$C, "combined", traditional_ml_results_all!$B:$B, "acdc") -> 0.18867925 | E16: =SUMIFS(traditional_ml_results_all!J:J, traditional_ml_results_all!$F:$F, $A16, traditional_ml_results_all!$D:$D, $B16, traditional_ml_results_all!$E:$E, $C16, traditional_ml_results_all!$A:$A, $D$1, traditional_ml_results_all!$C:$C, "combined", traditional_ml_results_all!$B:$B, "acdc") -> 0.76923077 | F16: =SUMIFS(traditional_ml_results_all!K:K, traditional_ml_results_all!$F:$F, $A16, traditional_ml_results_all!$D:$D, $B16, traditional_ml_results_all!$E:$E, $C16, traditional_ml_results_all!$A:$A, $D$1, traditional_ml_results_all!$C:$C, "combined", traditional_ml_results_all!$B:$B, "acdc") -> 0.3030303 | G16: =SUMIFS(traditional_ml_results_all!I:I, traditional_ml_results_all!$F:$F, $A16, traditional_ml_results_all!$D:$D, $B16, traditional_ml_results_all!$E:$E, $C16, traditional_ml_results_all!$A:$A, $G$1, traditional_ml_results_all!$C:$C, "combined", traditional_ml_results_all!$B:$B, "acdc") -> 0.32323232 | H16: =SUMIFS(traditional_ml_results_all!J:J, traditional_ml_results_all!$F:$F, $A16, traditional_ml_results_all!$D:$D, $B16, traditional_ml_results_all!$E:$E, $C16, traditional_ml_results_all!$A:$A, $G$1, traditional_ml_results_all!$C:$C, "combined", traditional_ml_results_all!$B:$B, "acdc") -> 0.68085106 | I16: =SUMIFS(traditional_ml_results_all!K:K, traditional_ml_results_all!$F:$F, $A16, traditional_ml_results_all!$D:$D, $B16, traditional_ml_results_all!$E:$E, $C16, traditional_ml_results_all!$A:$A, $G$1, traditional_ml_results_all!$C:$C, "combined", traditional_ml_results_all!$B:$B, "acdc") -> 0.43835616 | J16: =SUMIFS(traditional_ml_results_all!I:I, traditional_ml_results_all!$F:$F, $A16, traditional_ml_results_all!$D:$D, $B16, traditional_ml_results_all!$E:$E, $C16, traditional_ml_results_all!$A:$A, $J$1, traditional_ml_results_all!$C:$C, "combined", traditional_ml_results_all!$B:$B, "acdc") -> 0.13636364 | K16: =SUMIFS(traditional_ml_results_all!J:J, traditional_ml_results_all!$F:$F, $A16, traditional_ml_results_all!$D:$D, $B16, traditional_ml_results_all!$E:$E, $C16, traditional_ml_results_all!$A:$A, $J$1, traditional_ml_results_all!$C:$C, "combined", traditional_ml_results_all!$B:$B, "acdc") -> 0.375 | L16: =SUMIFS(traditional_ml_results_all!K:K, traditional_ml_results_all!$F:$F, $A16, traditional_ml_results_all!$D:$D, $B16, traditional_ml_results_all!$E:$E, $C16, traditional_ml_results_all!$A:$A, $J$1, traditional_ml_results_all!$C:$C, "combined", traditional_ml_results_all!$B:$B, "acdc") -> 0.2 | M16: =AVERAGE(D16,G16,J16) -> 0.21609173 | N16: =AVERAGE(E16,H16,K16) -> 0.60836061 | O16: =AVERAGE(F16,I16,L16) -> 0.31379549 | P16: \\
A17: Fine-tuned RoBERTa | D17: 0.104 | E17: 1 | F17: 0.188 | G17: 0.303 | H17: 0.794 | I17: 0.439 | J17: 0.157 | K17: 1 | L17: 0.272 | M17: =AVERAGE(D17,G17,J17) -> 0.188 | N17: =AVERAGE(E17,H17,K17) -> 0.93133333 | O17: =AVERAGE(F17,I17,L17) -> 0.29966667

Sheet arcan
D1: stackgres | G1: shepard | J1: Avg
A2: Classifier | B2: Embedding | C2: Sampling | D2: Precision | E2: Recall | F2: F1 | G2: Precision | H2: Recall | I2: F1 | J2: Precision | K2: Recall | L2: F1
A3: feedforward_nn | B3: sbert_avg | C3: random_undersample | D3: =SUMIFS(traditional_ml_results_all!I:I, traditional_ml_results_all!$F:$F, $A3, traditional_ml_results_all!$D:$D, $B3, traditional_ml_results_all!$E:$E, $C3, traditional_ml_results_all!$A:$A, $D$1, traditional_ml_results_all!$C:$C, "combined", traditional_ml_results_all!$B:$B, "arcan") -> 0.63888889 | E3: =SUMIFS(traditional_ml_results_all!J:J, traditional_ml_results_all!$F:$F, $A3, traditional_ml_results_all!$D:$D, $B3, traditional_ml_results_all!$E:$E, $C3, traditional_ml_results_all!$A:$A, $D$1, traditional_ml_results_all!$C:$C, "combined", traditional_ml_results_all!$B:$B, "arcan") -> 0.76666667 | F3: =SUMIFS(traditional_ml_results_all!K:K, traditional_ml_results_all!$F:$F, $A3, traditional_ml_results_all!$D:$D, $B3, traditional_ml_results_all!$E:$E, $C3, traditional_ml_results_all!$A:$A, $D$1, traditional_ml_results_all!$C:$C, "combined", traditional_ml_results_all!$B:$B, "arcan") -> 0.6969697 | G3: =SUMIFS(traditional_ml_results_all!I:I, traditional_ml_results_all!$F:$F, $A3, traditional_ml_results_all!$D:$D, $B3, traditional_ml_results_all!$E:$E, $C3, traditional_ml_results_all!$A:$A, $G$1, traditional_ml_results_all!$C:$C, "combined", traditional_ml_results_all!$B:$B, "arcan") -> 0.61290323 | H3: =SUMIFS(traditional_ml_results_all!J:J, traditional_ml_results_all!$F:$F, $A3, traditional_ml_results_all!$D:$D, $B3, traditional_ml_results_all!$E:$E, $C3, traditional_ml_results_all!$A:$A, $G$1, traditional_ml_results_all!$C:$C, "combined", traditional_ml_results_all!$B:$B, "arcan") -> 0.86363636 | I3: =SUMIFS(traditional_ml_results_all!K:K, traditional_ml_results_all!$F:$F, $A3, traditional_ml_results_all!$D:$D, $B3, traditional_ml_results_all!$E:$E, $C3, traditional_ml_results_all!$A:$A, $G$1, traditional_ml_results_all!$C:$C, "combined", traditional_ml_results_all!$B:$B, "arcan") -> 0.71698113 | J3: =AVERAGE(D3,G3) -> 0.62589606 | K3: =AVERAGE(E3,H3) -> 0.81515152 | L3: =AVERAGE(F3,I3) -> 0.70697541 | M3: \\
A4: feedforward_nn | B4: sbert_tfidf_weighted | C4: random_undersample | D4: =SUMIFS(traditional_ml_results_all!I:I, traditional_ml_results_all!$F:$F, $A4, traditional_ml_results_all!$D:$D, $B4, traditional_ml_results_all!$E:$E, $C4, traditional_ml_results_all!$A:$A, $D$1, traditional_ml_results_all!$C:$C, "combined", traditional_ml_results_all!$B:$B, "arcan") -> 0.63888889 | E4: =SUMIFS(traditional_ml_results_all!J:J, traditional_ml_results_all!$F:$F, $A4, traditional_ml_results_all!$D:$D, $B4, traditional_ml_results_all!$E:$E, $C4, traditional_ml_results_all!$A:$A, $D$1, traditional_ml_results_all!$C:$C, "combined", traditional_ml_results_all!$B:$B, "arcan") -> 0.76666667 | F4: =SUMIFS(traditional_ml_results_all!K:K, traditional_ml_results_all!$F:$F, $A4, traditional_ml_results_all!$D:$D, $B4, traditional_ml_results_all!$E:$E, $C4, traditional_ml_results_all!$A:$A, $D$1, traditional_ml_results_all!$C:$C, "combined", traditional_ml_results_all!$B:$B, "arcan") -> 0.6969697 | G4: =SUMIFS(traditional_ml_results_all!I:I, traditional_ml_results_all!$F:$F, $A4, traditional_ml_results_all!$D:$D, $B4, traditional_ml_results_all!$E:$E, $C4, traditional_ml_results_all!$A:$A, $G$1, traditional_ml_results_all!$C:$C, "combined", traditional_ml_results_all!$B:$B, "arcan") -> 0.61290323 | H4: =SUMIFS(traditional_ml_results_all!J:J, traditional_ml_results_all!$F:$F, $A4, traditional_ml_results_all!$D:$D, $B4, traditional_ml_results_all!$E:$E, $C4, traditional_ml_results_all!$A:$A, $G$1, traditional_ml_results_all!$C:$C, "combined", traditional_ml_results_all!$B:$B, "arcan") -> 0.86363636 | I4: =SUMIFS(traditional_ml_results_all!K:K, traditional_ml_results_all!$F:$F, $A4, traditional_ml_results_all!$D:$D, $B4, traditional_ml_results_all!$E:$E, $C4, traditional_ml_results_all!$A:$A, $G$1, traditional_ml_results_all!$C:$C, "combined", traditional_ml_results_all!$B:$B, "arcan") -> 0.71698113 | J4: =AVERAGE(D4,G4) -> 0.62589606 | K4: =AVERAGE(E4,H4) -> 0.81515152 | L4: =AVERAGE(F4,I4) -> 0.70697541 | M4: \\
A5: knn | B5: tfidf | C5: random_undersample | D5: =SUMIFS(traditional_ml_results_all!I:I, traditional_ml_results_all!$F:$F, $A5, traditional_ml_results_all!$D:$D, $B5, traditional_ml_results_all!$E:$E, $C5, traditional_ml_results_all!$A:$A, $D$1, traditional_ml_results_all!$C:$C, "combined", traditional_ml_results_all!$B:$B, "arcan") -> 0.59292035 | E5: =SUMIFS(traditional_ml_results_all!J:J, traditional_ml_results_all!$F:$F, $A5, traditional_ml_results_all!$D:$D, $B5, traditional_ml_results_all!$E:$E, $C5, traditional_ml_results_all!$A:$A, $D$1, traditional_ml_results_all!$C:$C, "combined", traditional_ml_results_all!$B:$B, "arcan") -> 0.74444444 | F5: =SUMIFS(traditional_ml_results_all!K:K, traditional_ml_results_all!$F:$F, $A5, traditional_ml_results_all!$D:$D, $B5, traditional_ml_results_all!$E:$E, $C5, traditional_ml_results_all!$A:$A, $D$1, traditional_ml_results_all!$C:$C, "combined", traditional_ml_results_all!$B:$B, "arcan") -> 0.66009852 | G5: =SUMIFS(traditional_ml_results_all!I:I, traditional_ml_results_all!$F:$F, $A5, traditional_ml_results_all!$D:$D, $B5, traditional_ml_results_all!$E:$E, $C5, traditional_ml_results_all!$A:$A, $G$1, traditional_ml_results_all!$C:$C, "combined", traditional_ml_results_all!$B:$B, "arcan") -> 0.64285714 | H5: =SUMIFS(traditional_ml_results_all!J:J, traditional_ml_results_all!$F:$F, $A5, traditional_ml_results_all!$D:$D, $B5, traditional_ml_results_all!$E:$E, $C5, traditional_ml_results_all!$A:$A, $G$1, traditional_ml_results_all!$C:$C, "combined", traditional_ml_results_all!$B:$B, "arcan") -> 0.81818182 | I5: =SUMIFS(traditional_ml_results_all!K:K, traditional_ml_results_all!$F:$F, $A5, traditional_ml_results_all!$D:$D, $B5, traditional_ml_results_all!$E:$E, $C5, traditional_ml_results_all!$A:$A, $G$1, traditional_ml_results_all!$C:$C, "combined", traditional_ml_results_all!$B:$B, "arcan") -> 0.72 | J5: =AVERAGE(D5,G5) -> 0.61788875 | K5: =AVERAGE(E5,H5) -> 0.78131313 | L5: =AVERAGE(F5,I5) -> 0.69004926 | M5: \\
A6: knn | B6: sbert_avg | C6: random_undersample | D6: =SUMIFS(traditional_ml_results_all!I:I, traditional_ml_results_all!$F:$F, $A6, traditional_ml_results_all!$D:$D, $B6, traditional_ml_results_all!$E:$E, $C6, traditional_ml_results_all!$A:$A, $D$1, traditional_ml_results_all!$C:$C, "combined", traditional_ml_results_all!$B:$B, "arcan") -> 0.56140351 | E6: =SUMIFS(traditional_ml_results_all!J:J, traditional_ml_results_all!$F:$F, $A6, traditional_ml_results_all!$D:$D, $B6, traditional_ml_results_all!$E:$E, $C6, traditional_ml_results_all!$A:$A, $D$1, traditional_ml_results_all!$C:$C, "combined", traditional_ml_results_all!$B:$B, "arcan") -> 0.71111111 | F6: =SUMIFS(traditional_ml_results_all!K:K, traditional_ml_results_all!$F:$F, $A6, traditional_ml_results_all!$D:$D, $B6, traditional_ml_results_all!$E:$E, $C6, traditional_ml_results_all!$A:$A, $D$1, traditional_ml_results_all!$C:$C, "combined", traditional_ml_results_all!$B:$B, "arcan") -> 0.62745098 | G6: =SUMIFS(traditional_ml_results_all!I:I, traditional_ml_results_all!$F:$F, $A6, traditional_ml_results_all!$D:$D, $B6, traditional_ml_results_all!$E:$E, $C6, traditional_ml_results_all!$A:$A, $G$1, traditional_ml_results_all!$C:$C, "combined", traditional_ml_results_all!$B:$B, "arcan") -> 0.64285714 | H6: =SUMIFS(traditional_ml_results_all!J:J, traditional_ml_results_all!$F:$F, $A6, traditional_ml_results_all!$D:$D, $B6, traditional_ml_results_all!$E:$E, $C6, traditional_ml_results_all!$A:$A, $G$1, traditional_ml_results_all!$C:$C, "combined", traditional_ml_results_all!$B:$B, "arcan") -> 0.81818182 | I6: =SUMIFS(traditional_ml_results_all!K:K, traditional_ml_results_all!$F:$F, $A6, traditional_ml_results_all!$D:$D, $B6, traditional_ml_results_all!$E:$E, $C6, traditional_ml_results_all!$A:$A, $G$1, traditional_ml_results_all!$C:$C, "combined", traditional_ml_results_all!$B:$B, "arcan") -> 0.72 | J6: =AVERAGE(D6,G6) -> 0.60213033 | K6: =AVERAGE(E6,H6) -> 0.76464646 | L6: =AVERAGE(F6,I6) -> 0.67372549 | M6: \\
A7: logistic_regression | B7: tfidf | C7: random_undersample | D7: =SUMIFS(traditional_ml_results_all!I:I, traditional_ml_results_all!$F:$F, $A7, traditional_ml_results_all!$D:$D, $B7, traditional_ml_results_all!$E:$E, $C7, traditional_ml_results_all!$A:$A, $D$1, traditional_ml_results_all!$C:$C, "combined", traditional_ml_results_all!$B:$B, "arcan") -> 0.6173913 | E7: =SUMIFS(traditional_ml_results_all!J:J, traditional_ml_results_all!$F:$F, $A7, traditional_ml_results_all!$D:$D, $B7, traditional_ml_results_all!$E:$E, $C7, traditional_ml_results_all!$A:$A, $D$1, traditional_ml_results_all!$C:$C, "combined", traditional_ml_results_all!$B:$B, "arcan") -> 0.78888889 | F7: =SUMIFS(traditional_ml_results_all!K:K, traditional_ml_results_all!$F:$F, $A7, traditional_ml_results_all!$D:$D, $B7, traditional_ml_results_all!$E:$E, $C7, traditional_ml_results_all!$A:$A, $D$1, traditional_ml_results_all!$C:$C, "combined", traditional_ml_results_all!$B:$B, "arcan") -> 0.69268293 | G7: =SUMIFS(traditional_ml_results_all!I:I, traditional_ml_results_all!$F:$F, $A7, traditional_ml_results_all!$D:$D, $B7, traditional_ml_results_all!$E:$E, $C7, traditional_ml_results_all!$A:$A, $G$1, traditional_ml_results_all!$C:$C, "combined", traditional_ml_results_all!$B:$B, "arcan") -> 0.65517241 | H7: =SUMIFS(traditional_ml_results_all!J:J, traditional_ml_results_all!$F:$F, $A7, traditional_ml_results_all!$D:$D, $B7, traditional_ml_results_all!$E:$E, $C7, traditional_ml_results_all!$A:$A, $G$1, traditional_ml_results_all!$C:$C, "combined", traditional_ml_results_all!$B:$B, "arcan") -> 0.86363636 | I7: =SUMIFS(traditional_ml_results_all!K:K, traditional_ml_results_all!$F:$F, $A7, traditional_ml_results_all!$D:$D, $B7, traditional_ml_results_all!$E:$E, $C7, traditional_ml_results_all!$A:$A, $G$1, traditional_ml_results_all!$C:$C, "combined", traditional_ml_results_all!$B:$B, "arcan") -> 0.74509804 | J7: =AVERAGE(D7,G7) -> 0.63628186 | K7: =AVERAGE(E7,H7) -> 0.82626263 | L7: =AVERAGE(F7,I7) -> 0.71889048 | M7: \\
A8: logistic_regression | B8: openai | C8: random_undersample | D8: =SUMIFS(traditional_ml_results_all!I:I, traditional_ml_results_all!$F:$F, $A8, traditional_ml_results_all!$D:$D, $B8, traditional_ml_results_all!$E:$E, $C8, traditional_ml_results_all!$A:$A, $D$1, traditional_ml_results_all!$C:$C, "combined", traditional_ml_results_all!$B:$B, "arcan") -> 0.57627119 | E8: =SUMIFS(traditional_ml_results_all!J:J, traditional_ml_results_all!$F:$F, $A8, traditional_ml_results_all!$D:$D, $B8, traditional_ml_results_all!$E:$E, $C8, traditional_ml_results_all!$A:$A, $D$1, traditional_ml_results_all!$C:$C, "combined", traditional_ml_results_all!$B:$B, "arcan") -> 0.75555556 | F8: =SUMIFS(traditional_ml_results_all!K:K, traditional_ml_results_all!$F:$F, $A8, traditional_ml_results_all!$D:$D, $B8, traditional_ml_results_all!$E:$E, $C8, traditional_ml_results_all!$A:$A, $D$1, traditional_ml_results_all!$C:$C, "combined", traditional_ml_results_all!$B:$B, "arcan") -> 0.65384615 | G8: =SUMIFS(traditional_ml_results_all!I:I, traditional_ml_results_all!$F:$F, $A8, traditional_ml_results_all!$D:$D, $B8, traditional_ml_results_all!$E:$E, $C8, traditional_ml_results_all!$A:$A, $G$1, traditional_ml_results_all!$C:$C, "combined", traditional_ml_results_all!$B:$B, "arcan") -> 0.72 | H8: =SUMIFS(traditional_ml_results_all!J:J, traditional_ml_results_all!$F:$F, $A8, traditional_ml_results_all!$D:$D, $B8, traditional_ml_results_all!$E:$E, $C8, traditional_ml_results_all!$A:$A, $G$1, traditional_ml_results_all!$C:$C, "combined", traditional_ml_results_all!$B:$B, "arcan") -> 0.81818182 | I8: =SUMIFS(traditional_ml_results_all!K:K, traditional_ml_results_all!$F:$F, $A8, traditional_ml_results_all!$D:$D, $B8, traditional_ml_results_all!$E:$E, $C8, traditional_ml_results_all!$A:$A, $G$1, traditional_ml_results_all!$C:$C, "combined", traditional_ml_results_all!$B:$B, "arcan") -> 0.76595745 | J8: =AVERAGE(D8,G8) -> 0.64813559 | K8: =AVERAGE(E8,H8) -> 0.78686869 | L8: =AVERAGE(F8,I8) -> 0.7099018 | M8: \\
A9: naive_bayes | B9: tfidf | C9: random_undersample | D9: =SUMIFS(traditional_ml_results_all!I:I, traditional_ml_results_all!$F:$F, $A9, traditional_ml_results_all!$D:$D, $B9, traditional_ml_results_all!$E:$E, $C9, traditional_ml_results_all!$A:$A, $D$1, traditional_ml_results_all!$C:$C, "combined", traditional_ml_results_all!$B:$B, "arcan") -> 0.62809917 | E9: =SUMIFS(traditional_ml_results_all!J:J, traditional_ml_results_all!$F:$F, $A9, traditional_ml_results_all!$D:$D, $B9, traditional_ml_results_all!$E:$E, $C9, traditional_ml_results_all!$A:$A, $D$1, traditional_ml_results_all!$C:$C, "combined", traditional_ml_results_all!$B:$B, "arcan") -> 0.84444444 | F9: =SUMIFS(traditional_ml_results_all!K:K, traditional_ml_results_all!$F:$F, $A9, traditional_ml_results_all!$D:$D, $B9, traditional_ml_results_all!$E:$E, $C9, traditional_ml_results_all!$A:$A, $D$1, traditional_ml_results_all!$C:$C, "combined", traditional_ml_results_all!$B:$B, "arcan") -> 0.72037915 | G9: =SUMIFS(traditional_ml_results_all!I:I, traditional_ml_results_all!$F:$F, $A9, traditional_ml_results_all!$D:$D, $B9, traditional_ml_results_all!$E:$E, $C9, traditional_ml_results_all!$A:$A, $G$1, traditional_ml_results_all!$C:$C, "combined", traditional_ml_results_all!$B:$B, "arcan") -> 0.73913043 | H9: =SUMIFS(traditional_ml_results_all!J:J, traditional_ml_results_all!$F:$F, $A9, traditional_ml_results_all!$D:$D, $B9, traditional_ml_results_all!$E:$E, $C9, traditional_ml_results_all!$A:$A, $G$1, traditional_ml_results_all!$C:$C, "combined", traditional_ml_results_all!$B:$B, "arcan") -> 0.77272727 | I9: =SUMIFS(traditional_ml_results_all!K:K, traditional_ml_results_all!$F:$F, $A9, traditional_ml_results_all!$D:$D, $B9, traditional_ml_results_all!$E:$E, $C9, traditional_ml_results_all!$A:$A, $G$1, traditional_ml_results_all!$C:$C, "combined", traditional_ml_results_all!$B:$B, "arcan") -> 0.75555556 | J9: =AVERAGE(D9,G9) -> 0.6836148 | K9: =AVERAGE(E9,H9) -> 0.80858586 | L9: =AVERAGE(F9,I9) -> 0.73796735 | M9: \\
A10: naive_bayes | B10: openai | C10: random_undersample | D10: =SUMIFS(traditional_ml_results_all!I:I, traditional_ml_results_all!$F:$F, $A10, traditional_ml_results_all!$D:$D, $B10, traditional_ml_results_all!$E:$E, $C10, traditional_ml_results_all!$A:$A, $D$1, traditional_ml_results_all!$C:$C, "combined", traditional_ml_results_all!$B:$B, "arcan") -> 0.59649123 | E10: =SUMIFS(traditional_ml_results_all!J:J, traditional_ml_results_all!$F:$F, $A10, traditional_ml_results_all!$D:$D, $B10, traditional_ml_results_all!$E:$E, $C10, traditional_ml_results_all!$A:$A, $D$1, traditional_ml_results_all!$C:$C, "combined", traditional_ml_results_all!$B:$B, "arcan") -> 0.75555556 | F10: =SUMIFS(traditional_ml_results_all!K:K, traditional_ml_results_all!$F:$F, $A10, traditional_ml_results_all!$D:$D, $B10, traditional_ml_results_all!$E:$E, $C10, traditional_ml_results_all!$A:$A, $D$1, traditional_ml_results_all!$C:$C, "combined", traditional_ml_results_all!$B:$B, "arcan") -> 0.66666667 | G10: =SUMIFS(traditional_ml_results_all!I:I, traditional_ml_results_all!$F:$F, $A10, traditional_ml_results_all!$D:$D, $B10, traditional_ml_results_all!$E:$E, $C10, traditional_ml_results_all!$A:$A, $G$1, traditional_ml_results_all!$C:$C, "combined", traditional_ml_results_all!$B:$B, "arcan") -> 0.75 | H10: =SUMIFS(traditional_ml_results_all!J:J, traditional_ml_results_all!$F:$F, $A10, traditional_ml_results_all!$D:$D, $B10, traditional_ml_results_all!$E:$E, $C10, traditional_ml_results_all!$A:$A, $G$1, traditional_ml_results_all!$C:$C, "combined", traditional_ml_results_all!$B:$B, "arcan") -> 0.81818182 | I10: =SUMIFS(traditional_ml_results_all!K:K, traditional_ml_results_all!$F:$F, $A10, traditional_ml_results_all!$D:$D, $B10, traditional_ml_results_all!$E:$E, $C10, traditional_ml_results_all!$A:$A, $G$1, traditional_ml_results_all!$C:$C, "combined", traditional_ml_results_all!$B:$B, "arcan") -> 0.7826087 | J10: =AVERAGE(D10,G10) -> 0.67324561 | K10: =AVERAGE(E10,H10) -> 0.78686869 | L10: =AVERAGE(F10,I10) -> 0.72463768 | M10: \\
A11: random_forest | B11: openai | C11: random_undersample | D11: =SUMIFS(traditional_ml_results_all!I:I, traditional_ml_results_all!$F:$F, $A11, traditional_ml_results_all!$D:$D, $B11, traditional_ml_results_all!$E:$E, $C11, traditional_ml_results_all!$A:$A, $D$1, traditional_ml_results_all!$C:$C, "combined", traditional_ml_results_all!$B:$B, "arcan") -> 0.61682243 | E11: =SUMIFS(traditional_ml_results_all!J:J, traditional_ml_results_all!$F:$F, $A11, traditional_ml_results_all!$D:$D, $B11, traditional_ml_results_all!$E:$E, $C11, traditional_ml_results_all!$A:$A, $D$1, traditional_ml_results_all!$C:$C, "combined", traditional_ml_results_all!$B:$B, "arcan") -> 0.73333333 | F11: =SUMIFS(traditional_ml_results_all!K:K, traditional_ml_results_all!$F:$F, $A11, traditional_ml_results_all!$D:$D, $B11, traditional_ml_results_all!$E:$E, $C11, traditional_ml_results_all!$A:$A, $D$1, traditional_ml_results_all!$C:$C, "combined", traditional_ml_results_all!$B:$B, "arcan") -> 0.67005076 | G11: =SUMIFS(traditional_ml_results_all!I:I, traditional_ml_results_all!$F:$F, $A11, traditional_ml_results_all!$D:$D, $B11, traditional_ml_results_all!$E:$E, $C11, traditional_ml_results_all!$A:$A, $G$1, traditional_ml_results_all!$C:$C, "combined", traditional_ml_results_all!$B:$B, "arcan") -> 0.625 | H11: =SUMIFS(traditional_ml_results_all!J:J, traditional_ml_results_all!$F:$F, $A11, traditional_ml_results_all!$D:$D, $B11, traditional_ml_results_all!$E:$E, $C11, traditional_ml_results_all!$A:$A, $G$1, traditional_ml_results_all!$C:$C, "combined", traditional_ml_results_all!$B:$B, "arcan") -> 0.90909091 | I11: =SUMIFS(traditional_ml_results_all!K:K, traditional_ml_results_all!$F:$F, $A11, traditional_ml_results_all!$D:$D, $B11, traditional_ml_results_all!$E:$E, $C11, traditional_ml_results_all!$A:$A, $G$1, traditional_ml_results_all!$C:$C, "combined", traditional_ml_results_all!$B:$B, "arcan") -> 0.74074074 | J11: =AVERAGE(D11,G11) -> 0.62091121 | K11: =AVERAGE(E11,H11) -> 0.82121212 | L11: =AVERAGE(F11,I11) -> 0.70539575 | M11: \\
A12: random_forest | B12: sbert_avg | C12: random_undersample | D12: =SUMIFS(traditional_ml_results_all!I:I, traditional_ml_results_all!$F:$F, $A12, traditional_ml_results_all!$D:$D, $B12, traditional_ml_results_all!$E:$E, $C12, traditional_ml_results_all!$A:$A, $D$1, traditional_ml_results_all!$C:$C, "combined", traditional_ml_results_all!$B:$B, "arcan") -> 0.60550459 | E12: =SUMIFS(traditional_ml_results_all!J:J, traditional_ml_results_all!$F:$F, $A12, traditional_ml_results_all!$D:$D, $B12, traditional_ml_results_all!$E:$E, $C12, traditional_ml_results_all!$A:$A, $D$1, traditional_ml_results_all!$C:$C, "combined", traditional_ml_results_all!$B:$B, "arcan") -> 0.73333333 | F12: =SUMIFS(traditional_ml_results_all!K:K, traditional_ml_results_all!$F:$F, $A12, traditional_ml_results_all!$D:$D, $B12, traditional_ml_results_all!$E:$E, $C12, traditional_ml_results_all!$A:$A, $D$1, traditional_ml_results_all!$C:$C, "combined", traditional_ml_results_all!$B:$B, "arcan") -> 0.66331658 | G12: =SUMIFS(traditional_ml_results_all!I:I, traditional_ml_results_all!$F:$F, $A12, traditional_ml_results_all!$D:$D, $B12, traditional_ml_results_all!$E:$E, $C12, traditional_ml_results_all!$A:$A, $G$1, traditional_ml_results_all!$C:$C, "combined", traditional_ml_results_all!$B:$B, "arcan") -> 0.70833333 | H12: =SUMIFS(traditional_ml_results_all!J:J, traditional_ml_results_all!$F:$F, $A12, traditional_ml_results_all!$D:$D, $B12, traditional_ml_results_all!$E:$E, $C12, traditional_ml_results_all!$A:$A, $G$1, traditional_ml_results_all!$C:$C, "combined", traditional_ml_results_all!$B:$B, "arcan") -> 0.77272727 | I12: =SUMIFS(traditional_ml_results_all!K:K, traditional_ml_results_all!$F:$F, $A12, traditional_ml_results_all!$D:$D, $B12, traditional_ml_results_all!$E:$E, $C12, traditional_ml_results_all!$A:$A, $G$1, traditional_ml_results_all!$C:$C, "combined", traditional_ml_results_all!$B:$B, "arcan") -> 0.73913043 | J12: =AVERAGE(D12,G12) -> 0.65691896 | K12: =AVERAGE(E12,H12) -> 0.7530303 | L12: =AVERAGE(F12,I12) -> 0.70122351 | M12: \\
A13: svm | B13: openai | C13: random_undersample | D13: =SUMIFS(traditional_ml_results_all!I:I, traditional_ml_results_all!$F:$F, $A13, traditional_ml_results_all!$D:$D, $B13, traditional_ml_results_all!$E:$E, $C13, traditional_ml_results_all!$A:$A, $D$1, traditional_ml_results_all!$C:$C, "combined", traditional_ml_results_all!$B:$B, "arcan") -> 0.62727273 | E13: =SUMIFS(traditional_ml_results_all!J:J, traditional_ml_results_all!$F:$F, $A13, traditional_ml_results_all!$D:$D, $B13, traditional_ml_results_all!$E:$E, $C13, traditional_ml_results_all!$A:$A, $D$1, traditional_ml_results_all!$C:$C, "combined", traditional_ml_results_all!$B:$B, "arcan") -> 0.76666667 | F13: =SUMIFS(traditional_ml_results_all!K:K, traditional_ml_results_all!$F:$F, $A13, traditional_ml_results_all!$D:$D, $B13, traditional_ml_results_all!$E:$E, $C13, traditional_ml_results_all!$A:$A, $D$1, traditional_ml_results_all!$C:$C, "combined", traditional_ml_results_all!$B:$B, "arcan") -> 0.69 | G13: =SUMIFS(traditional_ml_results_all!I:I, traditional_ml_results_all!$F:$F, $A13, traditional_ml_results_all!$D:$D, $B13, traditional_ml_results_all!$E:$E, $C13, traditional_ml_results_all!$A:$A, $G$1, traditional_ml_results_all!$C:$C, "combined", traditional_ml_results_all!$B:$B, "arcan") -> 0.74074074 | H13: =SUMIFS(traditional_ml_results_all!J:J, traditional_ml_results_all!$F:$F, $A13, traditional_ml_results_all!$D:$D, $B13, traditional_ml_results_all!$E:$E, $C13, traditional_ml_results_all!$A:$A, $G$1, traditional_ml_results_all!$C:$C, "combined", traditional_ml_results_all!$B:$B, "arcan") -> 0.90909091 | I13: =SUMIFS(traditional_ml_results_all!K:K, traditional_ml_results_all!$F:$F, $A13, traditional_ml_results_all!$D:$D, $B13, traditional_ml_results_all!$E:$E, $C13, traditional_ml_results_all!$A:$A, $G$1, traditional_ml_results_all!$C:$C, "combined", traditional_ml_results_all!$B:$B, "arcan") -> 0.81632653 | J13: =AVERAGE(D13,G13) -> 0.68400673 | K13: =AVERAGE(E13,H13) -> 0.83787879 | L13: =AVERAGE(F13,I13) -> 0.75316327 | M13: \\
A14: svm | B14: tfidf | C14: random_undersample | D14: =SUMIFS(traditional_ml_results_all!I:I, traditional_ml_results_all!$F:$F, $A14, traditional_ml_results_all!$D:$D, $B14, traditional_ml_results_all!$E:$E, $C14, traditional_ml_results_all!$A:$A, $D$1, traditional_ml_results_all!$C:$C, "combined", traditional_ml_results_all!$B:$B, "arcan") -> 0.625 | E14: =SUMIFS(traditional_ml_results_all!J:J, traditional_ml_results_all!$F:$F, $A14, traditional_ml_results_all!$D:$D, $B14, traditional_ml_results_all!$E:$E, $C14, traditional_ml_results_all!$A:$A, $D$1, traditional_ml_results_all!$C:$C, "combined", traditional_ml_results_all!$B:$B, "arcan") -> 0.77777778 | F14: =SUMIFS(traditional_ml_results_all!K:K, traditional_ml_results_all!$F:$F, $A14, traditional_ml_results_all!$D:$D, $B14, traditional_ml_results_all!$E:$E, $C14, traditional_ml_results_all!$A:$A, $D$1, traditional_ml_results_all!$C:$C, "combined", traditional_ml_results_all!$B:$B, "arcan") -> 0.69306931 | G14: =SUMIFS(traditional_ml_results_all!I:I, traditional_ml_results_all!$F:$F, $A14, traditional_ml_results_all!$D:$D, $B14, traditional_ml_results_all!$E:$E, $C14, traditional_ml_results_all!$A:$A, $G$1, traditional_ml_results_all!$C:$C, "combined", traditional_ml_results_all!$B:$B, "arcan") -> 0.64285714 | H14: =SUMIFS(traditional_ml_results_all!J:J, traditional_ml_results_all!$F:$F, $A14, traditional_ml_results_all!$D:$D, $B14, traditional_ml_results_all!$E:$E, $C14, traditional_ml_results_all!$A:$A, $G$1, traditional_ml_results_all!$C:$C, "combined", traditional_ml_results_all!$B:$B, "arcan") -> 0.81818182 | I14: =SUMIFS(traditional_ml_results_all!K:K, traditional_ml_results_all!$F:$F, $A14, traditional_ml_results_all!$D:$D, $B14, traditional_ml_results_all!$E:$E, $C14, traditional_ml_results_all!$A:$A, $G$1, traditional_ml_results_all!$C:$C, "combined", traditional_ml_results_all!$B:$B, "arcan") -> 0.72 | J14: =AVERAGE(D14,G14) -> 0.63392857 | K14: =AVERAGE(E14,H14) -> 0.7979798 | L14: =AVERAGE(F14,I14) -> 0.70653465 | M14: \\
... A16: xgboost | B16: tfidf | C16: random_undersample | D16: =SUMIFS(traditional_ml_results_all!I:I, traditional_ml_results_all!$F:$F, $A16, traditional_ml_results_all!$D:$D, $B16, traditional_ml_results_all!$E:$E, $C16, traditional_ml_results_all!$A:$A, $D$1, traditional_ml_results_all!$C:$C, "combined", traditional_ml_results_all!$B:$B, "arcan") -> 0.62727273 | E16: =SUMIFS(traditional_ml_results_all!J:J, traditional_ml_results_all!$F:$F, $A16, traditional_ml_results_all!$D:$D, $B16, traditional_ml_results_all!$E:$E, $C16, traditional_ml_results_all!$A:$A, $D$1, traditional_ml_results_all!$C:$C, "combined", traditional_ml_results_all!$B:$B, "arcan") -> 0.76666667 | F16: =SUMIFS(traditional_ml_results_all!K:K, traditional_ml_results_all!$F:$F, $A16, traditional_ml_results_all!$D:$D, $B16, traditional_ml_results_all!$E:$E, $C16, traditional_ml_results_all!$A:$A, $D$1, traditional_ml_results_all!$C:$C, "combined", traditional_ml_results_all!$B:$B, "arcan") -> 0.69 | G16: =SUMIFS(traditional_ml_results_all!I:I, traditional_ml_results_all!$F:$F, $A16, traditional_ml_results_all!$D:$D, $B16, traditional_ml_results_all!$E:$E, $C16, traditional_ml_results_all!$A:$A, $G$1, traditional_ml_results_all!$C:$C, "combined", traditional_ml_results_all!$B:$B, "arcan") -> 0.68181818 | H16: =SUMIFS(traditional_ml_results_all!J:J, traditional_ml_results_all!$F:$F, $A16, traditional_ml_results_all!$D:$D, $B16, traditional_ml_results_all!$E:$E, $C16, traditional_ml_results_all!$A:$A, $G$1, traditional_ml_results_all!$C:$C, "combined", traditional_ml_results_all!$B:$B, "arcan") -> 0.68181818 | I16: =SUMIFS(traditional_ml_results_all!K:K, traditional_ml_results_all!$F:$F, $A16, traditional_ml_results_all!$D:$D, $B16, traditional_ml_results_all!$E:$E, $C16, traditional_ml_results_all!$A:$A, $G$1, traditional_ml_results_all!$C:$C, "combined", traditional_ml_results_all!$B:$B, "arcan") -> 0.68181818 | J16: =AVERAGE(D16,G16) -> 0.65454545 | K16: =AVERAGE(E16,H16) -> 0.72424242 | L16: =AVERAGE(F16,I16) -> 0.68590909 | M16: \\
A17: Fine-tuned RoBERTa | D17: 0.719 | E17: 0.575 | F17: 0.639 | G17: 0.553 | H17: 0.867 | I17: 0.675 | J17: =AVERAGE(D17,G17) -> 0.636 | K17: =AVERAGE(E17,H17) -> 0.721 | L17: =AVERAGE(F17,I17) -> 0.657
